shape_id,shape_pt_lat,shape_pt_lon,shape_pt_sequence
CMRL-sh7,13.0818077443607,80.2747915135679,1
CMRL-sh7,13.0817040878949,80.2742679060366,2
CMRL-sh7,13.0813330337563,80.2723545975004,3
CMRL-sh7,13.0812191616375,80.271745606467,4
CMRL-sh7,13.0810910558667,80.2711853622021,5
CMRL-sh7,13.0810509938048,80.2710349830843,6
CMRL-sh7,13.0810238090726,80.2709443332532,7
CMRL-sh7,13.0809802434201,80.2708248071993,8
CMRL-sh7,13.0799261608745,80.2687545755538,9
CMRL-sh7,13.0796576785252,80.268264414896,10
CMRL-sh7,13.0791037160657,80.267138644019,11
CMRL-sh7,13.0790017053361,80.2668708095062,12
CMRL-sh7,13.0789313289281,80.2666534989339,13
CMRL-sh7,13.078871863775,80.2664643330414,14
CMRL-sh7,13.0787963511512,80.2661649271054,15
CMRL-sh7,13.078719473696,80.265888358006,16
CMRL-sh7,13.0786826542859,80.2656972772,17
CMRL-sh7,13.0786596848403,80.2654878995147,18
CMRL-sh7,13.0786734453813,80.2652524218579,19
CMRL-sh7,13.0787559671527,80.2647166400459,20
CMRL-sh7,13.0789142734766,80.2638974859737,21
CMRL-sh7,13.0790067735908,80.2634233358294,22
CMRL-sh7,13.0791292364786,80.2628724665668,23
CMRL-sh7,13.0791678519293,80.2627317441821,24
CMRL-sh7,13.0792121212754,80.2625559648611,25
CMRL-sh7,13.0792387068591,80.2624406813281,26
CMRL-sh7,13.0792581536405,80.2623405907694,27
CMRL-sh7,13.0792632757366,80.2622985276935,28
CMRL-sh7,13.079269486247,80.2621941057913,29
CMRL-sh7,13.0792638600977,80.2620878877602,30
CMRL-sh7,13.0792432195666,80.2619346885079,31
CMRL-sh7,13.0787521042703,80.2600056534188,32
CMRL-sh7,13.0786880961004,80.259742665463,33
CMRL-sh7,13.0786776401611,80.259677338704,34
CMRL-sh7,13.0786653524595,80.2595384860529,35
CMRL-sh7,13.0786706207361,80.2592656601084,36
CMRL-sh7,13.0787145123322,80.2587322068949,37
CMRL-sh7,13.0787900604581,80.2580710513518,38
CMRL-sh7,13.0788172363996,80.2578752837711,39
CMRL-sh7,13.0789823635094,80.256402010563,40
CMRL-sh7,13.0789949827009,80.256229236698,41
CMRL-sh7,13.079002188152,80.2561775034463,42
CMRL-sh7,13.0790058030392,80.2560555589383,43
CMRL-sh7,13.0790071634319,80.2554142137408,44
CMRL-sh7,13.0789984625174,80.2552715071531,45
CMRL-sh7,13.0788918533007,80.2543176336029,46
CMRL-sh7,13.07880285112,80.253583010019,47
CMRL-sh7,13.0787637179668,80.2530618495271,48
CMRL-sh7,13.0787592716133,80.2529554601017,49
CMRL-sh7,13.0787670304383,80.2520589407219,50
CMRL-sh7,13.0787565224071,80.2517715975624,51
CMRL-sh7,13.078643326122,80.2501146573165,52
CMRL-sh7,13.0784795080874,80.2486705177219,53
CMRL-sh7,13.0782480838489,80.2474561765245,54
CMRL-sh7,13.0780731267629,80.2466636813498,55
CMRL-sh7,13.0780292482511,80.2464422706638,56
CMRL-sh7,13.0780070445245,80.246261142349,57
CMRL-sh7,13.0779136138791,80.245267679442,58
CMRL-sh7,13.0778369565919,80.2442664203689,59
CMRL-sh7,13.0778308015825,80.2441616630537,60
CMRL-sh7,13.0778218967013,80.2440628179757,61
CMRL-sh7,13.0776080232838,80.2426269833761,62
CMRL-sh7,13.0774752241081,80.2416611356069,63
CMRL-sh7,13.0774284071177,80.2414270455418,64
CMRL-sh7,13.0769958184992,80.2396547533954,65
CMRL-sh7,13.0765324602388,80.2376480500788,66
CMRL-sh7,13.0761293614148,80.2354491432563,67
CMRL-sh7,13.0760882288699,80.2352719988311,68
CMRL-sh7,13.0760269217408,80.2350422487679,69
CMRL-sh7,13.075991737984,80.2349478671967,70
CMRL-sh7,13.0759308012522,80.2348400386652,71
CMRL-sh7,13.0758962011386,80.2347797395654,72
CMRL-sh7,13.0758674276509,80.2347198124703,73
CMRL-sh7,13.0757852332816,80.2345166579605,74
CMRL-sh7,13.0754287516421,80.2333956268594,75
CMRL-sh7,13.0751539093567,80.232147334215,76
CMRL-sh7,13.0750558863933,80.2317693815043,77
CMRL-sh7,13.0749946719663,80.2315212357204,78
CMRL-sh7,13.0749635456958,80.2313791500817,79
CMRL-sh7,13.074917828473,80.2310782980884,80
CMRL-sh7,13.0748863390539,80.2308837211778,81
CMRL-sh7,13.0748641419344,80.230672823351,82
CMRL-sh7,13.0748413637399,80.2304686800412,83
CMRL-sh7,13.0747797292218,80.2293247809092,84
CMRL-sh7,13.0746404818291,80.2277258575053,85
CMRL-sh7,13.0746241529918,80.2273921018046,86
CMRL-sh7,13.0746135231109,80.2269600903897,87
CMRL-sh7,13.074633904686,80.2267645320709,88
CMRL-sh7,13.0746757470411,80.2265259677091,89
CMRL-sh7,13.0747356949253,80.2263164873497,90
CMRL-sh7,13.0748434583555,80.2260577684949,91
CMRL-sh7,13.074943254276,80.2258898999184,92
CMRL-sh7,13.0750307007577,80.2257734613736,93
CMRL-sh7,13.0750931831451,80.2257129988305,94
CMRL-sh7,13.0752104312926,80.225593753834,95
CMRL-sh7,13.0753053988434,80.2255140702137,96
CMRL-sh7,13.0753795854198,80.2254484713077,97
CMRL-sh7,13.075519565647,80.2253413421374,98
CMRL-sh7,13.07574730354,80.22517136214,99
CMRL-sh7,13.0759131463966,80.2250749756753,100
CMRL-sh7,13.0760762549242,80.2250106663033,101
CMRL-sh7,13.0761259319866,80.2249926997195,102
CMRL-sh7,13.0761853807314,80.2249787730219,103
CMRL-sh7,13.0762604372359,80.2249676048935,104
CMRL-sh7,13.0763089048369,80.2249607869753,105
CMRL-sh7,13.0763795200867,80.2249564828308,106
CMRL-sh7,13.076512728613,80.2249579261736,107
CMRL-sh7,13.0767451749145,80.2249748372224,108
CMRL-sh7,13.0773640165334,80.2250380669282,109
CMRL-sh7,13.0799062242026,80.2252373500393,110
CMRL-sh7,13.0810144533349,80.2253442057731,111
CMRL-sh7,13.0813792663251,80.2253737603326,112
CMRL-sh7,13.0822138225303,80.2253997625393,113
CMRL-sh7,13.082516005755,80.2253756240994,114
CMRL-sh7,13.082784519342,80.2253078185856,115
CMRL-sh7,13.0832043930036,80.2250979239493,116
CMRL-sh7,13.0834927015061,80.2248666643921,117
CMRL-sh7,13.0837929860116,80.2245068664053,118
CMRL-sh7,13.0838502822102,80.2244177722571,119
CMRL-sh7,13.0839178097782,80.2242936765456,120
CMRL-sh7,13.0840089574367,80.2241092854707,121
CMRL-sh7,13.0841399846328,80.2238491248393,122
CMRL-sh7,13.0842789201367,80.2235395833024,123
CMRL-sh7,13.0843704833088,80.2232490071694,124
CMRL-sh7,13.0844457884903,80.2227385514569,125
CMRL-sh7,13.0844898919369,80.2220503185132,126
CMRL-sh7,13.0845551031718,80.2207551647807,127
CMRL-sh7,13.0845602718067,80.2205908461328,128
CMRL-sh7,13.0846527328955,80.2184794907368,129
CMRL-sh7,13.084717045005,80.2158028275415,130
CMRL-sh7,13.0850023762631,80.2082965313316,131
CMRL-sh7,13.0852749744661,80.2009752424641,132
CMRL-sh7,13.0852829144198,80.2004425218873,133
CMRL-sh7,13.0852802345776,80.2003544607282,134
CMRL-sh7,13.0852695106193,80.2002664192916,135
CMRL-sh7,13.0852581348295,80.2001817257651,136
CMRL-sh7,13.0852492386129,80.2001389066524,137
CMRL-sh7,13.0852439277235,80.2001097360367,138
CMRL-sh7,13.0852309406834,80.2000410508953,139
CMRL-sh7,13.0852165542239,80.1999741007885,140
CMRL-sh7,13.0851898116511,80.1998786705445,141
CMRL-sh7,13.0851127753385,80.1996905046985,142
CMRL-sh7,13.0850193423269,80.1994710274585,143
CMRL-sh7,13.0848741047213,80.1992527310006,144
CMRL-sh7,13.0846875290981,80.1990357855354,145
CMRL-sh7,13.0844384198381,80.1988430627836,146
CMRL-sh7,13.0842108435009,80.1986923056397,147
CMRL-sh7,13.0840812981666,80.1986234409575,148
CMRL-sh7,13.0839449644628,80.1985777784357,149
CMRL-sh7,13.083877514006,80.1985562779364,150
CMRL-sh7,13.0837250084622,80.1985232963565,151
CMRL-sh7,13.0834845864454,80.1984896757545,152
CMRL-sh7,13.0832595615091,80.1984601461763,153
CMRL-sh7,13.0831300241321,80.1984477488754,154
CMRL-sh7,13.0829471566961,80.1984328585279,155
CMRL-sh7,13.0825959241258,80.1984144942993,156
CMRL-sh7,13.0823681166392,80.1984017331731,157
CMRL-sh7,13.0821207262485,80.1984010471913,158
CMRL-sh7,13.0819056800472,80.1984024918475,159
CMRL-sh7,13.0793873642194,80.1985163417169,160
CMRL-sh7,13.0793361762999,80.1985180066767,161
CMRL-sh7,13.0792205166562,80.1985085467371,162
CMRL-sh7,13.0791594695523,80.1985038678595,163
CMRL-sh7,13.0791019843294,80.1984907231802,164
CMRL-sh7,13.0789914430804,80.1984596701586,165
CMRL-sh7,13.0788336177209,80.1984060153841,166
CMRL-sh7,13.0787351062295,80.1983645121682,167
CMRL-sh7,13.0787009178501,80.198342499503,168
CMRL-sh7,13.0786538943364,80.1983145192648,169
CMRL-sh7,13.0786076799674,80.1982826160941,170
CMRL-sh7,13.0784388073324,80.198150160625,171
CMRL-sh7,13.0782179699427,80.1979308853809,172
CMRL-sh7,13.0781572260531,80.1978381930349,173
CMRL-sh7,13.0780963543569,80.1976826181872,174
CMRL-sh7,13.0780558789858,80.1974771034666,175
CMRL-sh7,13.0780329115208,80.1972842862643,176
CMRL-sh7,13.0780152171818,80.1970868934675,177
CMRL-sh7,13.077990485973,80.1968168441069,178
CMRL-sh7,13.0779347285059,80.1964049522336,179
CMRL-sh7,13.0778731152355,80.1958900357866,180
CMRL-sh7,13.077810866925,80.1956252936194,181
CMRL-sh7,13.0777947146557,80.195583436232,182
CMRL-sh7,13.077752411801,80.1955037999433,183
CMRL-sh7,13.0776013812233,80.1953155869965,184
CMRL-sh7,13.0775415362412,80.1952579073614,185
CMRL-sh7,13.0773872455411,80.1951457610192,186
CMRL-sh7,13.0773477560846,80.1951181110019,187
CMRL-sh7,13.0772428783088,80.1950620147639,188
CMRL-sh7,13.0771622212994,80.1950273674558,189
CMRL-sh7,13.0769013651459,80.1949652700218,190
CMRL-sh7,13.076680388185,80.194929899997,191
CMRL-sh7,13.0761383609361,80.1948488603168,192
CMRL-sh7,13.0760842505795,80.1948411085699,193
CMRL-sh7,13.0760387987513,80.1948386983471,194
CMRL-sh7,13.0759819092226,80.1948394281819,195
CMRL-sh7,13.0758490069468,80.1948393547781,196
CMRL-sh7,13.0745901250453,80.194851065477,197
CMRL-sh7,13.070281722711,80.1948675297845,198
CMRL-sh7,13.0702303140165,80.1948750246437,199
CMRL-sh7,13.0700915506742,80.194913623505,200
CMRL-sh7,13.0700642589641,80.1949260685155,201
CMRL-sh7,13.0700426039734,80.1949380732425,202
CMRL-sh7,13.0699279040725,80.1950109439774,203
CMRL-sh7,13.0697179731933,80.1951949316641,204
CMRL-sh7,13.0696537574391,80.1952671462478,205
CMRL-sh7,13.0695902391429,80.1953566022737,206
CMRL-sh7,13.0695476054389,80.1954441114688,207
CMRL-sh7,13.069506257754,80.195525329923,208
CMRL-sh7,13.0694733673661,80.195627989597,209
CMRL-sh7,13.0694459995825,80.1957227861489,210
CMRL-sh7,13.0694184021828,80.1958246767839,211
CMRL-sh7,13.069400735895,80.1959114628915,212
CMRL-sh7,13.069379586213,80.1960680298102,213
CMRL-sh7,13.0693801343766,80.1961418413667,214
CMRL-sh7,13.0693791430008,80.196230825709,215
CMRL-sh7,13.0693925526281,80.1970039828922,216
CMRL-sh7,13.0694366675954,80.1993397878884,217
CMRL-sh7,13.0694332421167,80.1996575922481,218
CMRL-sh7,13.0694274530174,80.1997661061847,219
CMRL-sh7,13.069418909681,80.1998885705235,220
CMRL-sh7,13.0693881390436,80.2001707490471,221
CMRL-sh7,13.0693717309469,80.2003141881387,222
CMRL-sh7,13.0693581775644,80.2003903053959,223
CMRL-sh7,13.0693300017921,80.2005192761708,224
CMRL-sh7,13.0692981679571,80.2006240586348,225
CMRL-sh7,13.0691603251292,80.2010218436971,226
CMRL-sh7,13.0690263777618,80.201346322723,227
CMRL-sh7,13.0690079552567,80.2013865455868,228
CMRL-sh7,13.0689832797927,80.2014510976888,229
CMRL-sh7,13.0689202729786,80.2016626197722,230
CMRL-sh7,13.0688444794825,80.2019431486278,231
CMRL-sh7,13.0688357797483,80.2019940883177,232
CMRL-sh7,13.0688159764182,80.2021205739896,233
CMRL-sh7,13.068483244784,80.2046822298081,234
CMRL-sh7,13.0684745024183,80.2047625942416,235
CMRL-sh7,13.0684658004453,80.2049152758516,236
CMRL-sh7,13.0684963636735,80.2067202426005,237
CMRL-sh7,13.0684898440688,80.2068811478692,238
CMRL-sh7,13.068459577101,80.207081726572,239
CMRL-sh7,13.0683928012908,80.2073693194313,240
CMRL-sh7,13.0683438656806,80.2074970663848,241
CMRL-sh7,13.0683082657115,80.2075837762775,242
CMRL-sh7,13.0682057479913,80.2077733830174,243
CMRL-sh7,13.0679920976726,80.208077299532,244
CMRL-sh7,13.0676980502091,80.2084943747454,245
CMRL-sh7,13.0673615023091,80.2090009024411,246
CMRL-sh7,13.0671784939432,80.2092640849551,247
CMRL-sh7,13.0668845081839,80.2096838999388,248
CMRL-sh7,13.0665913883909,80.210021085564,249
CMRL-sh7,13.0661094770802,80.2104421091395,250
CMRL-sh7,13.0654033779922,80.2109741114608,251
CMRL-sh7,13.0649198515783,80.2113052492588,252
CMRL-sh7,13.0648142873955,80.2113649158349,253
CMRL-sh7,13.0646402347597,80.2114513363426,254
CMRL-sh7,13.0644279943723,80.2115308452127,255
CMRL-sh7,13.0638096026469,80.211684811603,256
CMRL-sh7,13.0637671095574,80.2116942134531,257
CMRL-sh7,13.0636615047114,80.2117068125568,258
CMRL-sh7,13.0627015225003,80.2117223643733,259
CMRL-sh7,13.0613803206496,80.2116833085532,260
CMRL-sh7,13.0595448117131,80.2116074850505,261
CMRL-sh7,13.0583208747981,80.2115712921979,262
CMRL-sh7,13.0547200964212,80.2114856167695,263
CMRL-sh7,13.05465809148,80.2114870693625,264
CMRL-sh7,13.0544879062096,80.2115050935635,265
CMRL-sh7,13.0542839204542,80.211546673919,266
CMRL-sh7,13.0536687316997,80.2117133622272,267
CMRL-sh7,13.0522601288723,80.212094075295,268
CMRL-sh7,13.052201138339,80.2121074379856,269
CMRL-sh7,13.0520738692228,80.212124890266,270
CMRL-sh7,13.0518681754558,80.2121310546429,271
CMRL-sh7,13.0514414834966,80.2121228823017,272
CMRL-sh7,13.0498780139975,80.2120587779419,273
CMRL-sh7,13.0496561488292,80.2120514600243,274
CMRL-sh7,13.0494251401997,80.212062494105,275
CMRL-sh7,13.0485445112485,80.2121319896336,276
CMRL-sh7,13.0474664810052,80.212233307487,277
CMRL-sh7,13.0460936587611,80.2123063590275,278
CMRL-sh7,13.045075169228,80.212314833784,279
CMRL-sh7,13.0434946854988,80.2123349519734,280
CMRL-sh7,13.0433419811103,80.2123445258615,281
CMRL-sh7,13.0431700669655,80.2123498327074,282
CMRL-sh7,13.0428852981478,80.2123535266791,283
CMRL-sh7,13.0426176494561,80.2123428348577,284
CMRL-sh7,13.0417169792988,80.2123321442251,285
CMRL-sh7,13.0411109884174,80.2123366246977,286
CMRL-sh7,13.0404167474986,80.2123373876465,287
CMRL-sh7,13.039557825142,80.2123225563835,288
CMRL-sh7,13.037619285196,80.2123359362651,289
CMRL-sh7,13.0368932239615,80.2123508371154,290
CMRL-sh7,13.0367574382585,80.2123393546909,291
CMRL-sh7,13.0366027846406,80.212333169575,292
CMRL-sh7,13.0364096110918,80.212306325293,293
CMRL-sh7,13.036316336619,80.2122800605455,294
CMRL-sh7,13.0362336243996,80.2122307998939,295
CMRL-sh7,13.0361809305486,80.2121890122953,296
CMRL-sh7,13.0361455238961,80.2121585580042,297
CMRL-sh7,13.0361110980793,80.2121197999471,298
CMRL-sh7,13.0360841075612,80.2120823347058,299
CMRL-sh7,13.0359913625487,80.2119462836294,300
CMRL-sh7,13.0358718735438,80.2117385160551,301
CMRL-sh7,13.0351323392134,80.2102980106852,302
CMRL-sh7,13.0350939379401,80.2102331577783,303
CMRL-sh7,13.035017641451,80.2101176560612,304
CMRL-sh7,13.0349547969532,80.2100520035864,305
CMRL-sh7,13.0349246174885,80.2100219628906,306
CMRL-sh7,13.0347763183639,80.2099145224557,307
CMRL-sh7,13.0346416645682,80.2098492324908,308
CMRL-sh7,13.0346055232923,80.2098394327401,309
CMRL-sh7,13.0345622605276,80.2098245158842,310
CMRL-sh7,13.0343622533346,80.2097944638083,311
CMRL-sh7,13.0338793507888,80.2097940580277,312
CMRL-sh7,13.0334371541541,80.2097738449664,313
CMRL-sh7,13.032745359557,80.2096882699701,314
CMRL-sh7,13.0323939957486,80.2096457438526,315
CMRL-sh7,13.032170170931,80.2096029996085,316
CMRL-sh7,13.0318878669958,80.2095419314268,317
CMRL-sh7,13.0313102561864,80.2093878565962,318
CMRL-sh7,13.0297846252484,80.208934230183,319
CMRL-sh7,13.0290728326529,80.2087539324041,320
CMRL-sh7,13.0290332329117,80.2087446370763,321
CMRL-sh7,13.0289389328252,80.2087252800055,322
CMRL-sh7,13.0288160212926,80.2086983379308,323
CMRL-sh7,13.0286697150319,80.2086722828124,324
CMRL-sh7,13.0284767572791,80.2086231211513,325
CMRL-sh7,13.0282751085674,80.2085554824195,326
CMRL-sh7,13.028168056977,80.2084943962102,327
CMRL-sh7,13.028109183544,80.2084522988181,328
CMRL-sh7,13.0280390285205,80.2083990545418,329
CMRL-sh7,13.0279540731504,80.2083231678976,330
CMRL-sh7,13.0279042942695,80.2082859090338,331
CMRL-sh7,13.027675687106,80.2080788587964,332
CMRL-sh7,13.027451227128,80.2078582344652,333
CMRL-sh7,13.027306104274,80.2077346047163,334
CMRL-sh7,13.0272573297845,80.2076998377016,335
CMRL-sh7,13.0271393031085,80.2076237841342,336
CMRL-sh7,13.0263586712331,80.2071618768012,337
CMRL-sh7,13.0262753112161,80.2071220452406,338
CMRL-sh7,13.0261392535204,80.207070422347,339
CMRL-sh7,13.0259757713492,80.2070212848655,340
CMRL-sh7,13.0258405242953,80.2069858750605,341
CMRL-sh7,13.0256813441247,80.206958581953,342
CMRL-sh7,13.024977042386,80.2069287258144,343
CMRL-sh7,13.0249256794422,80.2069262118411,344
CMRL-sh7,13.0248764174823,80.2069210031986,345
CMRL-sh7,13.0247650015715,80.2069028116473,346
CMRL-sh7,13.0239607109862,80.2067169593643,347
CMRL-sh7,13.0227300213892,80.2064880120891,348
CMRL-sh7,13.021963697965,80.2064064326146,349
CMRL-sh7,13.0211175017074,80.2063650215906,350
CMRL-sh7,13.0203978435872,80.2063440735763,351
CMRL-sh7,13.0198427107642,80.206366878532,352
CMRL-sh7,13.0197912649482,80.2063638793905,353
CMRL-sh7,13.019637737739,80.2063362785244,354
CMRL-sh7,13.0195680547043,80.2063204047671,355
CMRL-sh7,13.0194451139166,80.2062854803071,356
CMRL-sh7,13.019013734493,80.2061473051878,357
CMRL-sh7,13.0182501348945,80.2058961482433,358
CMRL-sh7,13.0176660386678,80.2056822063594,359
CMRL-sh7,13.0157952603061,80.2050097725323,360
CMRL-sh7,13.0153592441947,80.2048524036093,361
CMRL-sh7,13.0152025592562,80.2047941731016,362
CMRL-sh7,13.0150442785076,80.2047397350459,363
CMRL-sh7,13.0121504302808,80.2037063486373,364
CMRL-sh7,13.0113442867415,80.2033995967688,365
CMRL-sh7,13.011284777338,80.2033800130921,366
CMRL-sh7,13.011169201943,80.2033433083197,367
CMRL-sh7,13.010891393408,80.2032691856045,368
CMRL-sh7,13.0104418563447,80.2031794111823,369
CMRL-sh7,13.010298772069,80.2031594562205,370
CMRL-sh7,13.0090875268475,80.2031431488069,371
CMRL-sh7,13.0083416215789,80.2031302845939,372
CMRL-sh7,13.0082903838936,80.2031254566419,373
CMRL-sh7,13.0081767754156,80.2031101962637,374
CMRL-sh7,13.0073801059722,80.202936477912,375
CMRL-sh7,13.0070857804165,80.2028530744782,376
CMRL-sh7,13.0066637304847,80.2026893813385,377
CMRL-sh7,13.0060083657784,80.2024080386949,378
CMRL-sh7,13.0057526985224,80.2022979961705,379
CMRL-sh7,13.0052524421579,80.2020546124733,380
CMRL-sh7,13.0049269846916,80.2019134117249,381
CMRL-sh7,13.0042359703321,80.2016020715567,382
CMRL-sh7,13.0035417150079,80.2012792977169,383
CMRL-sh7,13.0034646483543,80.2012430555646,384
CMRL-sh7,13.0033563488452,80.2011891512392,385
CMRL-sh7,13.0032900328938,80.2011511396599,386
CMRL-sh7,13.0029221765191,80.2009196072267,387
CMRL-sh7,13.0028521490578,80.200883896441,388
CMRL-sh7,13.0027422830231,80.2008278822829,389
CMRL-sh7,13.0026938046245,80.2008073727233,390
CMRL-sh7,13.0020875013479,80.200618991929,391
CMRL-sh7,13.0014191620643,80.2005158328979,392
CMRL-sh7,13.0004099917352,80.2004962187693,393
CMRL-sh7,12.9990663061109,80.2005000858396,394
CMRL-sh7,12.9974691014187,80.2006154777887,395
CMRL-sh7,12.997159112691,80.2006054156039,396
CMRL-sh7,12.9967913776784,80.2005662028275,397
CMRL-sh7,12.9964542643968,80.2005309586025,398
CMRL-sh7,12.9961280940965,80.200485487997,399
CMRL-sh7,12.9958818110895,80.2003880283331,400
CMRL-sh7,12.9956953707728,80.2001780861758,401
CMRL-sh7,12.9955188022029,80.1998553582424,402
CMRL-sh7,12.9953248791002,80.1993375307196,403
CMRL-sh7,12.9951808211333,80.1988922631936,404
CMRL-sh7,12.995061718016,80.1984055409215,405
CMRL-sh7,12.9949166959015,80.1979413774769,406
CMRL-sh7,12.9946171052745,80.1969508349426,407
CMRL-sh8,12.9946171052745,80.1969508349426,1
CMRL-sh8,12.9949166959015,80.1979413774769,2
CMRL-sh8,12.995061718016,80.1984055409215,3
CMRL-sh8,12.9951808211333,80.1988922631936,4
CMRL-sh8,12.9953248791002,80.1993375307196,5
CMRL-sh8,12.9955188022029,80.1998553582424,6
CMRL-sh8,12.9956953707728,80.2001780861758,7
CMRL-sh8,12.9958818110895,80.2003880283331,8
CMRL-sh8,12.9961280940965,80.200485487997,9
CMRL-sh8,12.9964542643968,80.2005309586025,10
CMRL-sh8,12.9967913776784,80.2005662028275,11
CMRL-sh8,12.997159112691,80.2006054156039,12
CMRL-sh8,12.9974691014187,80.2006154777887,13
CMRL-sh8,12.9990663061109,80.2005000858396,14
CMRL-sh8,13.0004099917352,80.2004962187693,15
CMRL-sh8,13.0014191620643,80.2005158328979,16
CMRL-sh8,13.0020875013479,80.200618991929,17
CMRL-sh8,13.0026938046245,80.2008073727233,18
CMRL-sh8,13.0027422830231,80.2008278822829,19
CMRL-sh8,13.0028521490578,80.200883896441,20
CMRL-sh8,13.0029221765191,80.2009196072267,21
CMRL-sh8,13.0032900328938,80.2011511396599,22
CMRL-sh8,13.0033563488452,80.2011891512392,23
CMRL-sh8,13.0034646483543,80.2012430555646,24
CMRL-sh8,13.0035417150079,80.2012792977169,25
CMRL-sh8,13.0042359703321,80.2016020715567,26
CMRL-sh8,13.0049269846916,80.2019134117249,27
CMRL-sh8,13.0052524421579,80.2020546124733,28
CMRL-sh8,13.0057526985224,80.2022979961705,29
CMRL-sh8,13.0060083657784,80.2024080386949,30
CMRL-sh8,13.0066637304847,80.2026893813385,31
CMRL-sh8,13.0070857804165,80.2028530744782,32
CMRL-sh8,13.0073801059722,80.202936477912,33
CMRL-sh8,13.0081767754156,80.2031101962637,34
CMRL-sh8,13.0082903838936,80.2031254566419,35
CMRL-sh8,13.0083416215789,80.2031302845939,36
CMRL-sh8,13.0090875268475,80.2031431488069,37
CMRL-sh8,13.010298772069,80.2031594562205,38
CMRL-sh8,13.0104418563447,80.2031794111823,39
CMRL-sh8,13.010891393408,80.2032691856045,40
CMRL-sh8,13.011169201943,80.2033433083197,41
CMRL-sh8,13.011284777338,80.2033800130921,42
CMRL-sh8,13.0113442867415,80.2033995967688,43
CMRL-sh8,13.0121504302808,80.2037063486373,44
CMRL-sh8,13.0150442785076,80.2047397350459,45
CMRL-sh8,13.0152025592562,80.2047941731016,46
CMRL-sh8,13.0153592441947,80.2048524036093,47
CMRL-sh8,13.0157952603061,80.2050097725323,48
CMRL-sh8,13.0176660386678,80.2056822063594,49
CMRL-sh8,13.0182501348945,80.2058961482433,50
CMRL-sh8,13.019013734493,80.2061473051878,51
CMRL-sh8,13.0194451139166,80.2062854803071,52
CMRL-sh8,13.0195680547043,80.2063204047671,53
CMRL-sh8,13.019637737739,80.2063362785244,54
CMRL-sh8,13.0197912649482,80.2063638793905,55
CMRL-sh8,13.0198427107642,80.206366878532,56
CMRL-sh8,13.0203978435872,80.2063440735763,57
CMRL-sh8,13.0211175017074,80.2063650215906,58
CMRL-sh8,13.021963697965,80.2064064326146,59
CMRL-sh8,13.0227300213892,80.2064880120891,60
CMRL-sh8,13.0239607109862,80.2067169593643,61
CMRL-sh8,13.0247650015715,80.2069028116473,62
CMRL-sh8,13.0248764174823,80.2069210031986,63
CMRL-sh8,13.0249256794422,80.2069262118411,64
CMRL-sh8,13.024977042386,80.2069287258144,65
CMRL-sh8,13.0256813441247,80.206958581953,66
CMRL-sh8,13.0258405242953,80.2069858750605,67
CMRL-sh8,13.0259757713492,80.2070212848655,68
CMRL-sh8,13.0261392535204,80.207070422347,69
CMRL-sh8,13.0262753112161,80.2071220452406,70
CMRL-sh8,13.0263586712331,80.2071618768012,71
CMRL-sh8,13.0271393031085,80.2076237841342,72
CMRL-sh8,13.0272573297845,80.2076998377016,73
CMRL-sh8,13.027306104274,80.2077346047163,74
CMRL-sh8,13.027451227128,80.2078582344652,75
CMRL-sh8,13.027675687106,80.2080788587964,76
CMRL-sh8,13.0279042942695,80.2082859090338,77
CMRL-sh8,13.0279540731504,80.2083231678976,78
CMRL-sh8,13.0280390285205,80.2083990545418,79
CMRL-sh8,13.028109183544,80.2084522988181,80
CMRL-sh8,13.028168056977,80.2084943962102,81
CMRL-sh8,13.0282751085674,80.2085554824195,82
CMRL-sh8,13.0284767572791,80.2086231211513,83
CMRL-sh8,13.0286697150319,80.2086722828124,84
CMRL-sh8,13.0288160212926,80.2086983379308,85
CMRL-sh8,13.0289389328252,80.2087252800055,86
CMRL-sh8,13.0290332329117,80.2087446370763,87
CMRL-sh8,13.0290728326529,80.2087539324041,88
CMRL-sh8,13.0297846252484,80.208934230183,89
CMRL-sh8,13.0313102561864,80.2093878565962,90
CMRL-sh8,13.0318878669958,80.2095419314268,91
CMRL-sh8,13.032170170931,80.2096029996085,92
CMRL-sh8,13.0323939957486,80.2096457438526,93
CMRL-sh8,13.032745359557,80.2096882699701,94
CMRL-sh8,13.0334371541541,80.2097738449664,95
CMRL-sh8,13.0338793507888,80.2097940580277,96
CMRL-sh8,13.0343622533346,80.2097944638083,97
CMRL-sh8,13.0345622605276,80.2098245158842,98
CMRL-sh8,13.0346055232923,80.2098394327401,99
CMRL-sh8,13.0346416645682,80.2098492324908,100
CMRL-sh8,13.0347763183639,80.2099145224557,101
CMRL-sh8,13.0349246174885,80.2100219628906,102
CMRL-sh8,13.0349547969532,80.2100520035864,103
CMRL-sh8,13.035017641451,80.2101176560612,104
CMRL-sh8,13.0350939379401,80.2102331577783,105
CMRL-sh8,13.0351323392134,80.2102980106852,106
CMRL-sh8,13.0358718735438,80.2117385160551,107
CMRL-sh8,13.0359913625487,80.2119462836294,108
CMRL-sh8,13.0360841075612,80.2120823347058,109
CMRL-sh8,13.0361110980793,80.2121197999471,110
CMRL-sh8,13.0361455238961,80.2121585580042,111
CMRL-sh8,13.0361809305486,80.2121890122953,112
CMRL-sh8,13.0362336243996,80.2122307998939,113
CMRL-sh8,13.036316336619,80.2122800605455,114
CMRL-sh8,13.0364096110918,80.212306325293,115
CMRL-sh8,13.0366027846406,80.212333169575,116
CMRL-sh8,13.0367574382585,80.2123393546909,117
CMRL-sh8,13.0368932239615,80.2123508371154,118
CMRL-sh8,13.037619285196,80.2123359362651,119
CMRL-sh8,13.039557825142,80.2123225563835,120
CMRL-sh8,13.0404167474986,80.2123373876465,121
CMRL-sh8,13.0411109884174,80.2123366246977,122
CMRL-sh8,13.0417169792988,80.2123321442251,123
CMRL-sh8,13.0426176494561,80.2123428348577,124
CMRL-sh8,13.0428852981478,80.2123535266791,125
CMRL-sh8,13.0431700669655,80.2123498327074,126
CMRL-sh8,13.0433419811103,80.2123445258615,127
CMRL-sh8,13.0434946854988,80.2123349519734,128
CMRL-sh8,13.045075169228,80.212314833784,129
CMRL-sh8,13.0460936587611,80.2123063590275,130
CMRL-sh8,13.0474664810052,80.212233307487,131
CMRL-sh8,13.0485445112485,80.2121319896336,132
CMRL-sh8,13.0494251401997,80.212062494105,133
CMRL-sh8,13.0496561488292,80.2120514600243,134
CMRL-sh8,13.0498780139975,80.2120587779419,135
CMRL-sh8,13.0514414834966,80.2121228823017,136
CMRL-sh8,13.0518681754558,80.2121310546429,137
CMRL-sh8,13.0520738692228,80.212124890266,138
CMRL-sh8,13.052201138339,80.2121074379856,139
CMRL-sh8,13.0522601288723,80.212094075295,140
CMRL-sh8,13.0536687316997,80.2117133622272,141
CMRL-sh8,13.0542839204542,80.211546673919,142
CMRL-sh8,13.0544879062096,80.2115050935635,143
CMRL-sh8,13.05465809148,80.2114870693625,144
CMRL-sh8,13.0547200964212,80.2114856167695,145
CMRL-sh8,13.0583208747981,80.2115712921979,146
CMRL-sh8,13.0595448117131,80.2116074850505,147
CMRL-sh8,13.0613803206496,80.2116833085532,148
CMRL-sh8,13.0627015225003,80.2117223643733,149
CMRL-sh8,13.0636615047114,80.2117068125568,150
CMRL-sh8,13.0637671095574,80.2116942134531,151
CMRL-sh8,13.0638096026469,80.211684811603,152
CMRL-sh8,13.0644279943723,80.2115308452127,153
CMRL-sh8,13.0646402347597,80.2114513363426,154
CMRL-sh8,13.0648142873955,80.2113649158349,155
CMRL-sh8,13.0649198515783,80.2113052492588,156
CMRL-sh8,13.0654033779922,80.2109741114608,157
CMRL-sh8,13.0661094770802,80.2104421091395,158
CMRL-sh8,13.0665913883909,80.210021085564,159
CMRL-sh8,13.0668845081839,80.2096838999388,160
CMRL-sh8,13.0671784939432,80.2092640849551,161
CMRL-sh8,13.0673615023091,80.2090009024411,162
CMRL-sh8,13.0676980502091,80.2084943747454,163
CMRL-sh8,13.0679920976726,80.208077299532,164
CMRL-sh8,13.0682057479913,80.2077733830174,165
CMRL-sh8,13.0683082657115,80.2075837762775,166
CMRL-sh8,13.0683438656806,80.2074970663848,167
CMRL-sh8,13.0683928012908,80.2073693194313,168
CMRL-sh8,13.068459577101,80.207081726572,169
CMRL-sh8,13.0684898440688,80.2068811478692,170
CMRL-sh8,13.0684963636735,80.2067202426005,171
CMRL-sh8,13.0684658004453,80.2049152758516,172
CMRL-sh8,13.0684745024183,80.2047625942416,173
CMRL-sh8,13.068483244784,80.2046822298081,174
CMRL-sh8,13.0688159764182,80.2021205739896,175
CMRL-sh8,13.0688357797483,80.2019940883177,176
CMRL-sh8,13.0688444794825,80.2019431486278,177
CMRL-sh8,13.0689202729786,80.2016626197722,178
CMRL-sh8,13.0689832797927,80.2014510976888,179
CMRL-sh8,13.0690079552567,80.2013865455868,180
CMRL-sh8,13.0690263777618,80.201346322723,181
CMRL-sh8,13.0691603251292,80.2010218436971,182
CMRL-sh8,13.0692981679571,80.2006240586348,183
CMRL-sh8,13.0693300017921,80.2005192761708,184
CMRL-sh8,13.0693581775644,80.2003903053959,185
CMRL-sh8,13.0693717309469,80.2003141881387,186
CMRL-sh8,13.0693881390436,80.2001707490471,187
CMRL-sh8,13.069418909681,80.1998885705235,188
CMRL-sh8,13.0694274530174,80.1997661061847,189
CMRL-sh8,13.0694332421167,80.1996575922481,190
CMRL-sh8,13.0694366675954,80.1993397878884,191
CMRL-sh8,13.0693925526281,80.1970039828922,192
CMRL-sh8,13.0693791430008,80.196230825709,193
CMRL-sh8,13.0693801343766,80.1961418413667,194
CMRL-sh8,13.069379586213,80.1960680298102,195
CMRL-sh8,13.069400735895,80.1959114628915,196
CMRL-sh8,13.0694184021828,80.1958246767839,197
CMRL-sh8,13.0694459995825,80.1957227861489,198
CMRL-sh8,13.0694733673661,80.195627989597,199
CMRL-sh8,13.069506257754,80.195525329923,200
CMRL-sh8,13.0695476054389,80.1954441114688,201
CMRL-sh8,13.0695902391429,80.1953566022737,202
CMRL-sh8,13.0696537574391,80.1952671462478,203
CMRL-sh8,13.0697179731933,80.1951949316641,204
CMRL-sh8,13.0699279040725,80.1950109439774,205
CMRL-sh8,13.0700426039734,80.1949380732425,206
CMRL-sh8,13.0700642589641,80.1949260685155,207
CMRL-sh8,13.0700915506742,80.194913623505,208
CMRL-sh8,13.0702303140165,80.1948750246437,209
CMRL-sh8,13.070281722711,80.1948675297845,210
CMRL-sh8,13.0745901250453,80.194851065477,211
CMRL-sh8,13.0758490069468,80.1948393547781,212
CMRL-sh8,13.0759819092226,80.1948394281819,213
CMRL-sh8,13.0760387987513,80.1948386983471,214
CMRL-sh8,13.0760842505795,80.1948411085699,215
CMRL-sh8,13.0761383609361,80.1948488603168,216
CMRL-sh8,13.076680388185,80.194929899997,217
CMRL-sh8,13.0769013651459,80.1949652700218,218
CMRL-sh8,13.0771622212994,80.1950273674558,219
CMRL-sh8,13.0772428783088,80.1950620147639,220
CMRL-sh8,13.0773477560846,80.1951181110019,221
CMRL-sh8,13.0773872455411,80.1951457610192,222
CMRL-sh8,13.0775415362412,80.1952579073614,223
CMRL-sh8,13.0776013812233,80.1953155869965,224
CMRL-sh8,13.077752411801,80.1955037999433,225
CMRL-sh8,13.0777947146557,80.195583436232,226
CMRL-sh8,13.077810866925,80.1956252936194,227
CMRL-sh8,13.0778731152355,80.1958900357866,228
CMRL-sh8,13.0779347285059,80.1964049522336,229
CMRL-sh8,13.077990485973,80.1968168441069,230
CMRL-sh8,13.0780152171818,80.1970868934675,231
CMRL-sh8,13.0780329115208,80.1972842862643,232
CMRL-sh8,13.0780558789858,80.1974771034666,233
CMRL-sh8,13.0780963543569,80.1976826181872,234
CMRL-sh8,13.0781572260531,80.1978381930349,235
CMRL-sh8,13.0782179699427,80.1979308853809,236
CMRL-sh8,13.0784388073324,80.198150160625,237
CMRL-sh8,13.0786076799674,80.1982826160941,238
CMRL-sh8,13.0786538943364,80.1983145192648,239
CMRL-sh8,13.0787009178501,80.198342499503,240
CMRL-sh8,13.0787351062295,80.1983645121682,241
CMRL-sh8,13.0788336177209,80.1984060153841,242
CMRL-sh8,13.0789914430804,80.1984596701586,243
CMRL-sh8,13.0791019843294,80.1984907231802,244
CMRL-sh8,13.0791594695523,80.1985038678595,245
CMRL-sh8,13.0792205166562,80.1985085467371,246
CMRL-sh8,13.0793361762999,80.1985180066767,247
CMRL-sh8,13.0793873642194,80.1985163417169,248
CMRL-sh8,13.0819056800472,80.1984024918475,249
CMRL-sh8,13.0821207262485,80.1984010471913,250
CMRL-sh8,13.0823681166392,80.1984017331731,251
CMRL-sh8,13.0825959241258,80.1984144942993,252
CMRL-sh8,13.0829471566961,80.1984328585279,253
CMRL-sh8,13.0831300241321,80.1984477488754,254
CMRL-sh8,13.0832595615091,80.1984601461763,255
CMRL-sh8,13.0834845864454,80.1984896757545,256
CMRL-sh8,13.0837250084622,80.1985232963565,257
CMRL-sh8,13.083877514006,80.1985562779364,258
CMRL-sh8,13.0839449644628,80.1985777784357,259
CMRL-sh8,13.0840812981666,80.1986234409575,260
CMRL-sh8,13.0842108435009,80.1986923056397,261
CMRL-sh8,13.0844384198381,80.1988430627836,262
CMRL-sh8,13.0846875290981,80.1990357855354,263
CMRL-sh8,13.0848741047213,80.1992527310006,264
CMRL-sh8,13.0850193423269,80.1994710274585,265
CMRL-sh8,13.0851127753385,80.1996905046985,266
CMRL-sh8,13.0851898116511,80.1998786705445,267
CMRL-sh8,13.0852165542239,80.1999741007885,268
CMRL-sh8,13.0852309406834,80.2000410508953,269
CMRL-sh8,13.0852439277235,80.2001097360367,270
CMRL-sh8,13.0852492386129,80.2001389066524,271
CMRL-sh8,13.0852581348295,80.2001817257651,272
CMRL-sh8,13.0852695106193,80.2002664192916,273
CMRL-sh8,13.0852802345776,80.2003544607282,274
CMRL-sh8,13.0852829144198,80.2004425218873,275
CMRL-sh8,13.0852749744661,80.2009752424641,276
CMRL-sh8,13.0850023762631,80.2082965313316,277
CMRL-sh8,13.084717045005,80.2158028275415,278
CMRL-sh8,13.0846527328955,80.2184794907368,279
CMRL-sh8,13.0845602718067,80.2205908461328,280
CMRL-sh8,13.0845551031718,80.2207551647807,281
CMRL-sh8,13.0844898919369,80.2220503185132,282
CMRL-sh8,13.0844457884903,80.2227385514569,283
CMRL-sh8,13.0843704833088,80.2232490071694,284
CMRL-sh8,13.0842789201367,80.2235395833024,285
CMRL-sh8,13.0841399846328,80.2238491248393,286
CMRL-sh8,13.0840089574367,80.2241092854707,287
CMRL-sh8,13.0839178097782,80.2242936765456,288
CMRL-sh8,13.0838502822102,80.2244177722571,289
CMRL-sh8,13.0837929860116,80.2245068664053,290
CMRL-sh8,13.0834927015061,80.2248666643921,291
CMRL-sh8,13.0832043930036,80.2250979239493,292
CMRL-sh8,13.082784519342,80.2253078185856,293
CMRL-sh8,13.082516005755,80.2253756240994,294
CMRL-sh8,13.0822138225303,80.2253997625393,295
CMRL-sh8,13.0813792663251,80.2253737603326,296
CMRL-sh8,13.0810144533349,80.2253442057731,297
CMRL-sh8,13.0799062242026,80.2252373500393,298
CMRL-sh8,13.0773640165334,80.2250380669282,299
CMRL-sh8,13.0767451749145,80.2249748372224,300
CMRL-sh8,13.076512728613,80.2249579261736,301
CMRL-sh8,13.0763795200867,80.2249564828308,302
CMRL-sh8,13.0763089048369,80.2249607869753,303
CMRL-sh8,13.0762604372359,80.2249676048935,304
CMRL-sh8,13.0761853807314,80.2249787730219,305
CMRL-sh8,13.0761259319866,80.2249926997195,306
CMRL-sh8,13.0760762549242,80.2250106663033,307
CMRL-sh8,13.0759131463966,80.2250749756753,308
CMRL-sh8,13.07574730354,80.22517136214,309
CMRL-sh8,13.075519565647,80.2253413421374,310
CMRL-sh8,13.0753795854198,80.2254484713077,311
CMRL-sh8,13.0753053988434,80.2255140702137,312
CMRL-sh8,13.0752104312926,80.225593753834,313
CMRL-sh8,13.0750931831451,80.2257129988305,314
CMRL-sh8,13.0750307007577,80.2257734613736,315
CMRL-sh8,13.074943254276,80.2258898999184,316
CMRL-sh8,13.0748434583555,80.2260577684949,317
CMRL-sh8,13.0747356949253,80.2263164873497,318
CMRL-sh8,13.0746757470411,80.2265259677091,319
CMRL-sh8,13.074633904686,80.2267645320709,320
CMRL-sh8,13.0746135231109,80.2269600903897,321
CMRL-sh8,13.0746241529918,80.2273921018046,322
CMRL-sh8,13.0746404818291,80.2277258575053,323
CMRL-sh8,13.0747797292218,80.2293247809092,324
CMRL-sh8,13.0748413637399,80.2304686800412,325
CMRL-sh8,13.0748641419344,80.230672823351,326
CMRL-sh8,13.0748863390539,80.2308837211778,327
CMRL-sh8,13.074917828473,80.2310782980884,328
CMRL-sh8,13.0749635456958,80.2313791500817,329
CMRL-sh8,13.0749946719663,80.2315212357204,330
CMRL-sh8,13.0750558863933,80.2317693815043,331
CMRL-sh8,13.0751539093567,80.232147334215,332
CMRL-sh8,13.0754287516421,80.2333956268594,333
CMRL-sh8,13.0757852332816,80.2345166579605,334
CMRL-sh8,13.0758674276509,80.2347198124703,335
CMRL-sh8,13.0758962011386,80.2347797395654,336
CMRL-sh8,13.0759308012522,80.2348400386652,337
CMRL-sh8,13.075991737984,80.2349478671967,338
CMRL-sh8,13.0760269217408,80.2350422487679,339
CMRL-sh8,13.0760882288699,80.2352719988311,340
CMRL-sh8,13.0761293614148,80.2354491432563,341
CMRL-sh8,13.0765324602388,80.2376480500788,342
CMRL-sh8,13.0769958184992,80.2396547533954,343
CMRL-sh8,13.0774284071177,80.2414270455418,344
CMRL-sh8,13.0774752241081,80.2416611356069,345
CMRL-sh8,13.0776080232838,80.2426269833761,346
CMRL-sh8,13.0778218967013,80.2440628179757,347
CMRL-sh8,13.0778308015825,80.2441616630537,348
CMRL-sh8,13.0778369565919,80.2442664203689,349
CMRL-sh8,13.0779136138791,80.245267679442,350
CMRL-sh8,13.0780070445245,80.246261142349,351
CMRL-sh8,13.0780292482511,80.2464422706638,352
CMRL-sh8,13.0780731267629,80.2466636813498,353
CMRL-sh8,13.0782480838489,80.2474561765245,354
CMRL-sh8,13.0784795080874,80.2486705177219,355
CMRL-sh8,13.078643326122,80.2501146573165,356
CMRL-sh8,13.0787565224071,80.2517715975624,357
CMRL-sh8,13.0787670304383,80.2520589407219,358
CMRL-sh8,13.0787592716133,80.2529554601017,359
CMRL-sh8,13.0787637179668,80.2530618495271,360
CMRL-sh8,13.07880285112,80.253583010019,361
CMRL-sh8,13.0788918533007,80.2543176336029,362
CMRL-sh8,13.0789984625174,80.2552715071531,363
CMRL-sh8,13.0790071634319,80.2554142137408,364
CMRL-sh8,13.0790058030392,80.2560555589383,365
CMRL-sh8,13.079002188152,80.2561775034463,366
CMRL-sh8,13.0789949827009,80.256229236698,367
CMRL-sh8,13.0789823635094,80.256402010563,368
CMRL-sh8,13.0788172363996,80.2578752837711,369
CMRL-sh8,13.0787900604581,80.2580710513518,370
CMRL-sh8,13.0787145123322,80.2587322068949,371
CMRL-sh8,13.0786706207361,80.2592656601084,372
CMRL-sh8,13.0786653524595,80.2595384860529,373
CMRL-sh8,13.0786776401611,80.259677338704,374
CMRL-sh8,13.0786880961004,80.259742665463,375
CMRL-sh8,13.0787521042703,80.2600056534188,376
CMRL-sh8,13.0792432195666,80.2619346885079,377
CMRL-sh8,13.0792638600977,80.2620878877602,378
CMRL-sh8,13.079269486247,80.2621941057913,379
CMRL-sh8,13.0792632757366,80.2622985276935,380
CMRL-sh8,13.0792581536405,80.2623405907694,381
CMRL-sh8,13.0792387068591,80.2624406813281,382
CMRL-sh8,13.0792121212754,80.2625559648611,383
CMRL-sh8,13.0791678519293,80.2627317441821,384
CMRL-sh8,13.0791292364786,80.2628724665668,385
CMRL-sh8,13.0790067735908,80.2634233358294,386
CMRL-sh8,13.0789142734766,80.2638974859737,387
CMRL-sh8,13.0787559671527,80.2647166400459,388
CMRL-sh8,13.0786734453813,80.2652524218579,389
CMRL-sh8,13.0786596848403,80.2654878995147,390
CMRL-sh8,13.0786826542859,80.2656972772,391
CMRL-sh8,13.078719473696,80.265888358006,392
CMRL-sh8,13.0787963511512,80.2661649271054,393
CMRL-sh8,13.078871863775,80.2664643330414,394
CMRL-sh8,13.0789313289281,80.2666534989339,395
CMRL-sh8,13.0790017053361,80.2668708095062,396
CMRL-sh8,13.0791037160657,80.267138644019,397
CMRL-sh8,13.0796576785252,80.268264414896,398
CMRL-sh8,13.0799261608745,80.2687545755538,399
CMRL-sh8,13.0809802434201,80.2708248071993,400
CMRL-sh8,13.0810238090726,80.2709443332532,401
CMRL-sh8,13.0810509938048,80.2710349830843,402
CMRL-sh8,13.0810910558667,80.2711853622021,403
CMRL-sh8,13.0812191616375,80.271745606467,404
CMRL-sh8,13.0813330337563,80.2723545975004,405
CMRL-sh8,13.0817040878949,80.2742679060366,406
CMRL-sh8,13.0818077443607,80.2747915135679,407
CMRL-sh9,13.04639110942,80.2483873126184,1
CMRL-sh9,13.0449313986116,80.2480761126076,2
CMRL-sh9,13.0398290456842,80.2470664511139,3
CMRL-sh9,13.0363141660644,80.2462787913376,4
CMRL-sh9,13.0355671684992,80.2461065058529,5
CMRL-sh9,13.0352895487815,80.2460314164744,6
CMRL-sh9,13.0351600287227,80.2459828319422,7
CMRL-sh9,13.0350617247491,80.2459292481035,8
CMRL-sh9,13.0349602272471,80.2458485194356,9
CMRL-sh9,13.034914588,80.2458111959502,10
CMRL-sh9,13.0348618259015,80.2457609592713,11
CMRL-sh9,13.0347231469918,80.2455944836055,12
CMRL-sh9,13.0342514695016,80.2449172295329,13
CMRL-sh9,13.0338454879438,80.2443809413829,14
CMRL-sh9,13.03260905776,80.242782537727,15
CMRL-sh9,13.0324308381087,80.2425008268699,16
CMRL-sh9,13.0322309953953,80.2421661431022,17
CMRL-sh9,13.0311857595735,80.2400741529641,18
CMRL-sh9,13.0310239733356,80.2397322983023,19
CMRL-sh9,13.0305283865628,80.2388354786159,20
CMRL-sh9,13.0299599835446,80.2378258971014,21
CMRL-sh9,13.0296811110034,80.2374046938545,22
CMRL-sh9,13.0291337633697,80.2367480145534,23
CMRL-sh9,13.0283118386643,80.235868381634,24
CMRL-sh9,13.0279498497928,80.2354214003558,25
CMRL-sh9,13.0275836484298,80.2348307892765,26
CMRL-sh9,13.0269960755112,80.2337993464652,27
CMRL-sh9,13.0265560035087,80.23301783675,28
CMRL-sh9,13.026518218382,80.2329563240426,29
CMRL-sh9,13.0264678997569,80.2328784946418,30
CMRL-sh9,13.0263556442027,80.2327220038208,31
CMRL-sh9,13.0254791269047,80.2314259994085,32
CMRL-sh9,13.0249266033198,80.2305024118581,33
CMRL-sh9,13.0243455737608,80.2295737791408,34
CMRL-sh9,13.0238789623903,80.228744902362,35
CMRL-sh9,13.0236331285364,80.2283490482348,36
CMRL-sh9,13.0234944036996,80.2281124836753,37
CMRL-sh9,13.0227370525512,80.2272239925662,38
CMRL-sh9,13.0221559414993,80.2266421142025,39
CMRL-sh9,13.0214301656776,80.2260264527071,40
CMRL-sh9,13.0213580424595,80.2259643995396,41
CMRL-sh9,13.0207718332667,80.2255527873114,42
CMRL-sh9,13.0202259684177,80.2252353138575,43
CMRL-sh9,13.0199279457699,80.2250890494133,44
CMRL-sh9,13.0197861833694,80.2250483013326,45
CMRL-sh9,13.0193690564111,80.2249746639459,46
CMRL-sh9,13.0191641947224,80.2249642580353,47
CMRL-sh9,13.0188415564938,80.2249907432301,48
CMRL-sh9,13.0184453796901,80.2250847720577,49
CMRL-sh9,13.0164310733778,80.2255024067367,50
CMRL-sh9,13.0163241524615,80.2255139079071,51
CMRL-sh9,13.01621428612,80.2255096975197,52
CMRL-sh9,13.0160619765499,80.2254790272076,53
CMRL-sh9,13.0158830497688,80.2254274864628,54
CMRL-sh9,13.0157652227816,80.2253843525974,55
CMRL-sh9,13.0156880183334,80.2253427477367,56
CMRL-sh9,13.0156227390931,80.2253018254016,57
CMRL-sh9,13.0155233954639,80.2252013573669,58
CMRL-sh9,13.015265854844,80.2249270368015,59
CMRL-sh9,13.014400245385,80.2238199773884,60
CMRL-sh9,13.0131700253864,80.2223438765403,61
CMRL-sh9,13.0125319860951,80.2215211818992,62
CMRL-sh9,13.012318985701,80.2211683621242,63
CMRL-sh9,13.0120864712201,80.2205677008767,64
CMRL-sh9,13.0118563206222,80.2198789968676,65
CMRL-sh9,13.0113038135985,80.2183004292822,66
CMRL-sh9,13.0112915182225,80.2182664127831,67
CMRL-sh9,13.011273415477,80.218217685782,68
CMRL-sh9,13.0110242735751,80.2176290222726,69
CMRL-sh9,13.0106773059805,80.216931943315,70
CMRL-sh9,13.0106349485723,80.2168593634707,71
CMRL-sh9,13.0102017038016,80.2162438723543,72
CMRL-sh9,13.010014225097,80.2159498204905,73
CMRL-sh9,13.009751870969,80.2153851326781,74
CMRL-sh9,13.0095537819546,80.2147522515781,75
CMRL-sh9,13.009402261137,80.2138422291931,76
CMRL-sh9,13.0089993769386,80.2122136226209,77
CMRL-sh9,13.0088319182699,80.2114757386399,78
CMRL-sh9,13.0086711407808,80.2109324437898,79
CMRL-sh9,13.0084566906262,80.2102847923249,80
CMRL-sh9,13.0083279232532,80.2098906432689,81
CMRL-sh9,13.0081712077485,80.2094317309596,82
CMRL-sh9,13.0081507230195,80.209358166983,83
CMRL-sh9,13.0080478521389,80.2087907254815,84
CMRL-sh9,13.0080414192805,80.2087456846813,85
CMRL-sh9,13.0079592229718,80.2081534634926,86
CMRL-sh9,13.0077537764611,80.2068678294433,87
CMRL-sh9,13.0077493676218,80.2068428448456,88
CMRL-sh9,13.0077433837959,80.2068133751318,89
CMRL-sh9,13.0074284811455,80.2056024942706,90
CMRL-sh9,13.0074181518524,80.2055723004866,91
CMRL-sh9,13.0073322336715,80.2053044610088,92
CMRL-sh9,13.0071512347273,80.2048166725463,93
CMRL-sh9,13.0069968188769,80.204490390199,94
CMRL-sh9,13.0069276301207,80.2043532099732,95
CMRL-sh9,13.0065162572785,80.2036151478132,96
CMRL-sh9,13.0064880478072,80.2035662796954,97
CMRL-sh9,13.0061712905589,80.2031061081511,98
CMRL-sh9,13.0061061982585,80.2030023268309,99
CMRL-sh9,13.0059394229526,80.202714253404,100
CMRL-sh9,13.0058042135887,80.2025218005351,101
CMRL-sh9,13.0057076644447,80.2024020521372,102
CMRL-sh9,13.0056303281094,80.2023165468419,103
CMRL-sh9,13.0055924204758,80.2022824517429,104
CMRL-sh9,13.005554307667,80.2022572418627,105
CMRL-sh9,13.0054095908278,80.2021710679329,106
CMRL-sh9,13.0052950709402,80.2021060891665,107
CMRL-sh9,13.0050308336943,80.201961512507,108
CMRL-sh9,13.0048437074905,80.2018829782223,109
CMRL-sh9,13.0035492870336,80.2012828186929,110
CMRL-sh9,13.0029335644084,80.200896376574,111
CMRL-sh9,13.0025109273023,80.2006368208407,112
CMRL-sh9,13.0023289965218,80.2005095275154,113
CMRL-sh9,13.0021364221589,80.2003554236355,114
CMRL-sh9,13.0020144781175,80.2002218703948,115
CMRL-sh9,13.0019318149273,80.2001140253564,116
CMRL-sh9,13.0018772478988,80.2000198777676,117
CMRL-sh9,13.0018560542085,80.199972837786,118
CMRL-sh9,13.0018160559032,80.1998452041308,119
CMRL-sh9,13.0017708579881,80.1996522101164,120
CMRL-sh9,13.0017484750181,80.1994853113986,121
CMRL-sh9,13.0017397521106,80.1993311943639,122
CMRL-sh9,13.0017505489578,80.1992339931378,123
CMRL-sh9,13.0017579368799,80.1991458230297,124
CMRL-sh9,13.0017649393792,80.1991149910383,125
CMRL-sh9,13.001789212278,80.1989980541798,126
CMRL-sh9,13.001831920847,80.1988305414744,127
CMRL-sh9,13.0019602128195,80.1981700053073,128
CMRL-sh9,13.0020184019742,80.1978082051399,129
CMRL-sh9,13.0020639931893,80.1974807966148,130
CMRL-sh9,13.0020741034896,80.1973141938392,131
CMRL-sh9,13.0020729716488,80.1971677743425,132
CMRL-sh9,13.0020571642157,80.1970606370065,133
CMRL-sh9,13.0020352658741,80.1969667232895,134
CMRL-sh9,13.0020017450413,80.1968706393989,135
CMRL-sh9,13.0019394730078,80.1967179509599,136
CMRL-sh9,13.0018776590204,80.1966023371942,137
CMRL-sh9,13.0016819769605,80.1962996737567,138
CMRL-sh9,13.0012913970575,80.1958218671766,139
CMRL-sh9,13.00094736845,80.1953843580764,140
CMRL-sh9,13.0004354970039,80.1947198034806,141
CMRL-sh9,12.9990895784154,80.1930298394236,142
CMRL-sh9,12.9981629989087,80.1918713309258,143
CMRL-sh9,12.9976233828517,80.1911722432229,144
CMRL-sh9,12.997543964251,80.1910508149241,145
CMRL-sh9,12.9974822834768,80.1909387404098,146
CMRL-sh9,12.9974034395778,80.1907911006626,147
CMRL-sh9,12.9973767087108,80.1907429680932,148
CMRL-sh9,12.9973215752799,80.1906511321866,149
CMRL-sh9,12.9972685703664,80.1905720824733,150
CMRL-sh9,12.9970735776899,80.1902974450478,151
CMRL-sh9,12.9964203264028,80.1895017865321,152
CMRL-sh9,12.9961493836192,80.1891743280604,153
CMRL-sh9,12.9958371578831,80.1887523384838,154
CMRL-sh9,12.9958216355429,80.1887282633869,155
CMRL-sh9,12.9957985049145,80.188694936839,156
CMRL-sh9,12.99576684307,80.1886386084507,157
CMRL-sh9,12.995697740854,80.1884922597085,158
CMRL-sh9,12.9955503563685,80.1882192089048,159
CMRL-sh9,12.9951486545649,80.1874323335033,160
CMRL-sh9,12.9949710503134,80.1870468857558,161
CMRL-sh9,12.994300294072,80.1857106607074,162
CMRL-sh9,12.9935306010651,80.1843071740902,163
CMRL-sh9,12.9933141198173,80.1839151791429,164
CMRL-sh9,12.9929322155899,80.1832542450204,165
CMRL-sh9,12.9924237309159,80.1824427138478,166
CMRL-sh9,12.9919652496068,80.1817668429503,167
CMRL-sh9,12.9912855414387,80.1809100545514,168
CMRL-sh9,12.9906485003957,80.1800589271476,169
CMRL-sh9,12.9902298406982,80.1795315634668,170
CMRL-sh9,12.9901440981355,80.1794289355179,171
CMRL-sh9,12.9900553965407,80.1793243054485,172
CMRL-sh9,12.9899537052371,80.1792229468983,173
CMRL-sh9,12.9892933733527,80.1785818166507,174
CMRL-sh9,12.9889958101496,80.1782737912566,175
CMRL-sh9,12.988870956504,80.1781201915951,176
CMRL-sh9,12.9887945429542,80.1780088020888,177
CMRL-sh9,12.9885146143975,80.1776051483962,178
CMRL-sh9,12.9875824323738,80.1763092157972,179
CMRL-sh9,12.9870201661999,80.1755064699491,180
CMRL-sh9,12.9863932080512,80.1746336368583,181
CMRL-sh9,12.9852068649201,80.1728984160718,182
CMRL-sh9,12.9842070735446,80.1711489508102,183
CMRL-sh9,12.9834496434134,80.1695840116432,184
CMRL-sh9,12.9821813769606,80.1671914054718,185
CMRL-sh9,12.9819284718664,80.1666491349796,186
CMRL-sh9,12.9809741797154,80.1641763799997,187
CMRL-sh9,12.980769733417,80.1636667008123,188
CMRL-sh11,13.1086577606799,80.2812068978694,1
CMRL-sh11,13.1056043199152,80.2802678024078,2
CMRL-sh11,13.1053504878313,80.2801907127932,3
CMRL-sh11,13.1049382582047,80.280106351402,4
CMRL-sh11,13.1046286542614,80.2800907985169,5
CMRL-sh11,13.1041543848732,80.2801364566056,6
CMRL-sh11,13.1036387847315,80.2802579332043,7
CMRL-sh11,13.1032097929912,80.2804992675903,8
CMRL-sh11,13.1027881459025,80.2807994874813,9
CMRL-sh11,13.1015738359148,80.2822002565247,10
CMRL-sh11,13.1004824733972,80.2834433646864,11
CMRL-sh11,13.099751009456,80.284321055961,12
CMRL-sh11,13.0992792140988,80.2848737365071,13
CMRL-sh11,13.0988551910701,80.2853657927925,14
CMRL-sh11,13.098552384082,80.2857376978693,15
CMRL-sh11,13.0982347533429,80.2859938342274,16
CMRL-sh11,13.0978319755705,80.2861743067081,17
CMRL-sh11,13.0974006322351,80.2862329702128,18
CMRL-sh11,13.0970392298039,80.2862653417177,19
CMRL-sh11,13.0962849908603,80.2862234375494,20
CMRL-sh11,13.095826430242,80.2861710898973,21
CMRL-sh11,13.0941445859987,80.2859230323667,22
CMRL-sh11,13.0929173666699,80.2857674816544,23
CMRL-sh11,13.089965998198,80.2855402204285,24
CMRL-sh11,13.0887258311499,80.2854174829614,25
CMRL-sh11,13.0883773173252,80.2853525717639,26
CMRL-sh11,13.0878609554477,80.2852183606196,27
CMRL-sh11,13.0860116737914,80.284738849557,28
CMRL-sh11,13.084793441934,80.2843310691563,29
CMRL-sh11,13.084426290618,80.2841685661229,30
CMRL-sh11,13.0840518905017,80.2839753835422,31
CMRL-sh11,13.0837595445602,80.283761485427,32
CMRL-sh11,13.0833389269002,80.2833926934585,33
CMRL-sh11,13.0829287278698,80.2829943980771,34
CMRL-sh11,13.0827069685998,80.2826928831228,35
CMRL-sh11,13.0825833874735,80.2824381519977,36
CMRL-sh11,13.0823646180212,80.2815494465724,37
CMRL-sh11,13.0822653915182,80.280748491019,38
CMRL-sh11,13.0822177010676,80.2796563827178,39
CMRL-sh11,13.0821899464125,80.2783079044893,40
CMRL-sh11,13.0820649061413,80.2767929358129,41
CMRL-sh11,13.0819395728155,80.2757236088584,42
CMRL-sh11,13.0818263006952,80.2749155075716,43
CMRL-sh11,13.0818187499441,80.2748545454165,44
CMRL-sh11,13.0818064152192,80.27478744863,45
CMRL-sh11,13.0816512937743,80.2739651941103,46
CMRL-sh11,13.0814107142313,80.2727672974881,47
CMRL-sh11,13.0813370837992,80.272359491205,48
CMRL-sh11,13.0812224101263,80.2717627968695,49
CMRL-sh11,13.081105947525,80.2712584398901,50
CMRL-sh11,13.0810458372926,80.2710138439269,51
CMRL-sh11,13.0810227923648,80.2709600731542,52
CMRL-sh11,13.0809946334286,80.2708987836122,53
CMRL-sh11,13.0809634283215,80.2708439943152,54
CMRL-sh11,13.0808661567929,80.2706863668397,55
CMRL-sh11,13.0807500806694,80.2705238521204,56
CMRL-sh11,13.0805907394778,80.2703169944424,57
CMRL-sh11,13.0804576009776,80.2701588514949,58
CMRL-sh11,13.0802965222866,80.2699727115781,59
CMRL-sh11,13.080060433061,80.2697210802201,60
CMRL-sh11,13.0799542393345,80.269608007353,61
CMRL-sh11,13.0799132170127,80.2695686139792,62
CMRL-sh11,13.0797108217444,80.2693838066646,63
CMRL-sh11,13.0791471072142,80.2689881878743,64
CMRL-sh11,13.078624637462,80.2687338560008,65
CMRL-sh11,13.0782574376899,80.2686427528598,66
CMRL-sh11,13.0778615134839,80.2686419067538,67
CMRL-sh11,13.0774821857457,80.2687572214993,68
CMRL-sh11,13.0771179134805,80.2689979786281,69
CMRL-sh11,13.0762032817968,80.2700341763807,70
CMRL-sh11,13.0758258032468,80.2705020198372,71
CMRL-sh11,13.0744141756429,80.2720123342093,72
CMRL-sh11,13.0735047466779,80.2729076891204,73
CMRL-sh11,13.073273683604,80.2731163828819,74
CMRL-sh11,13.0726921363202,80.273491262168,75
CMRL-sh11,13.0720687279601,80.2737444712316,76
CMRL-sh11,13.0718728393845,80.2738027531384,77
CMRL-sh11,13.0715909953131,80.2738429209548,78
CMRL-sh11,13.0713152012794,80.2738468112005,79
CMRL-sh11,13.0711524220111,80.2738392485763,80
CMRL-sh11,13.0709810040326,80.2738165037184,81
CMRL-sh11,13.0707683798647,80.2737514278729,82
CMRL-sh11,13.070495597715,80.2736274513877,83
CMRL-sh11,13.0702466635846,80.2734604342429,84
CMRL-sh11,13.0698664130346,80.2731516498423,85
CMRL-sh11,13.0694704634513,80.2728011593469,86
CMRL-sh11,13.0688082455791,80.2721359024395,87
CMRL-sh11,13.0682815489825,80.2715646448854,88
CMRL-sh11,13.0678628458526,80.2710989975532,89
CMRL-sh11,13.0673469181431,80.270540823682,90
CMRL-sh11,13.0671414212996,80.2703161217195,91
CMRL-sh11,13.0668154174706,80.2699568212078,92
CMRL-sh11,13.0666477144475,80.2697364205422,93
CMRL-sh11,13.0665468674123,80.2695583202571,94
CMRL-sh11,13.0664216377456,80.2690469963497,95
CMRL-sh11,13.0663719040823,80.2686683528745,96
CMRL-sh11,13.0663623991353,80.2686072143308,97
CMRL-sh11,13.066359730357,80.2685607727726,98
CMRL-sh11,13.0663510124362,80.2685054928047,99
CMRL-sh11,13.0663338378295,80.2684350925413,100
CMRL-sh11,13.0663159864469,80.2683854546522,101
CMRL-sh11,13.0663003615272,80.2683380190993,102
CMRL-sh11,13.0662724425907,80.2682750250756,103
CMRL-sh11,13.0661984256899,80.2681553986816,104
CMRL-sh11,13.0661831859635,80.2681336829802,105
CMRL-sh11,13.0661765815393,80.2681254965156,106
CMRL-sh11,13.0661555045447,80.2680982006971,107
CMRL-sh11,13.0661376924891,80.2680746951876,108
CMRL-sh11,13.0654186849444,80.2671327612141,109
CMRL-sh11,13.0653454999724,80.2670393874441,110
CMRL-sh11,13.0651897148973,80.2668490108881,111
CMRL-sh11,13.0638234932835,80.2651595854638,112
CMRL-sh11,13.0631895647505,80.2643776002804,113
CMRL-sh11,13.0613415189262,80.2621184056381,114
CMRL-sh11,13.0593610201973,80.259699586638,115
CMRL-sh11,13.0591908099639,80.2594960704857,116
CMRL-sh11,13.0577266565143,80.2577207390957,117
CMRL-sh11,13.0575601661461,80.2575489861021,118
CMRL-sh11,13.0573836693618,80.2573862861237,119
CMRL-sh11,13.0572996188204,80.257306937365,120
CMRL-sh11,13.0565139211033,80.2565735035158,121
CMRL-sh11,13.0561502821233,80.256190473341,122
CMRL-sh11,13.055811948276,80.2557902564679,123
CMRL-sh11,13.0544961305003,80.2539953589391,124
CMRL-sh11,13.0531690717706,80.2521887795751,125
CMRL-sh11,13.0524643403755,80.2513484895363,126
CMRL-sh11,13.0523439305814,80.2512313735708,127
CMRL-sh11,13.0522903888918,80.2511821669044,128
CMRL-sh11,13.0522008074954,80.2511162561651,129
CMRL-sh11,13.0519369280098,80.250927950579,130
CMRL-sh11,13.051356929818,80.2506046340234,131
CMRL-sh11,13.0512943362992,80.2505718301735,132
CMRL-sh11,13.0512299972496,80.2505411433215,133
CMRL-sh11,13.0500577113524,80.2500426658319,134
CMRL-sh11,13.0498676439901,80.2499458712935,135
CMRL-sh11,13.0497595144084,80.2498982913228,136
CMRL-sh11,13.0495597755133,80.2497893843662,137
CMRL-sh11,13.047519890276,80.2487358344907,138
CMRL-sh11,13.0468927559252,80.2485076661192,139
CMRL-sh11,13.0468170562909,80.2484876758232,140
CMRL-sh11,13.0465751500098,80.2484191965624,141
CMRL-sh11,13.04639110942,80.2483873126184,142
CMRL-sh11,13.0449313986116,80.2480761126076,143
CMRL-sh11,13.0398290456842,80.2470664511139,144
CMRL-sh11,13.0363141660644,80.2462787913376,145
CMRL-sh11,13.0355671684992,80.2461065058529,146
CMRL-sh11,13.0352895487815,80.2460314164744,147
CMRL-sh11,13.0351600287227,80.2459828319422,148
CMRL-sh11,13.0350617247491,80.2459292481035,149
CMRL-sh11,13.0349602272471,80.2458485194356,150
CMRL-sh11,13.034914588,80.2458111959502,151
CMRL-sh11,13.0348618259015,80.2457609592713,152
CMRL-sh11,13.0347231469918,80.2455944836055,153
CMRL-sh11,13.0342514695016,80.2449172295329,154
CMRL-sh11,13.0338454879438,80.2443809413829,155
CMRL-sh11,13.03260905776,80.242782537727,156
CMRL-sh11,13.0324308381087,80.2425008268699,157
CMRL-sh11,13.0322309953953,80.2421661431022,158
CMRL-sh11,13.0311857595735,80.2400741529641,159
CMRL-sh11,13.0310239733356,80.2397322983023,160
CMRL-sh11,13.0305283865628,80.2388354786159,161
CMRL-sh11,13.0299599835446,80.2378258971014,162
CMRL-sh11,13.0296811110034,80.2374046938545,163
CMRL-sh11,13.0291337633697,80.2367480145534,164
CMRL-sh11,13.0283118386643,80.235868381634,165
CMRL-sh11,13.0279498497928,80.2354214003558,166
CMRL-sh11,13.0275836484298,80.2348307892765,167
CMRL-sh11,13.0269960755112,80.2337993464652,168
CMRL-sh11,13.0265560035087,80.23301783675,169
CMRL-sh11,13.026518218382,80.2329563240426,170
CMRL-sh11,13.0264678997569,80.2328784946418,171
CMRL-sh11,13.0263556442027,80.2327220038208,172
CMRL-sh11,13.0254791269047,80.2314259994085,173
CMRL-sh11,13.0249266033198,80.2305024118581,174
CMRL-sh11,13.0243455737608,80.2295737791408,175
CMRL-sh11,13.0238789623903,80.228744902362,176
CMRL-sh11,13.0236331285364,80.2283490482348,177
CMRL-sh11,13.0234944036996,80.2281124836753,178
CMRL-sh11,13.0227370525512,80.2272239925662,179
CMRL-sh11,13.0221559414993,80.2266421142025,180
CMRL-sh11,13.0214301656776,80.2260264527071,181
CMRL-sh11,13.0213580424595,80.2259643995396,182
CMRL-sh11,13.0207718332667,80.2255527873114,183
CMRL-sh11,13.0202259684177,80.2252353138575,184
CMRL-sh11,13.0199279457699,80.2250890494133,185
CMRL-sh11,13.0197861833694,80.2250483013326,186
CMRL-sh11,13.0193690564111,80.2249746639459,187
CMRL-sh11,13.0191641947224,80.2249642580353,188
CMRL-sh11,13.0188415564938,80.2249907432301,189
CMRL-sh11,13.0184453796901,80.2250847720577,190
CMRL-sh11,13.0164310733778,80.2255024067367,191
CMRL-sh11,13.0163241524615,80.2255139079071,192
CMRL-sh11,13.01621428612,80.2255096975197,193
CMRL-sh11,13.0160619765499,80.2254790272076,194
CMRL-sh11,13.0158830497688,80.2254274864628,195
CMRL-sh11,13.0157652227816,80.2253843525974,196
CMRL-sh11,13.0156880183334,80.2253427477367,197
CMRL-sh11,13.0156227390931,80.2253018254016,198
CMRL-sh11,13.0155233954639,80.2252013573669,199
CMRL-sh11,13.015265854844,80.2249270368015,200
CMRL-sh11,13.014400245385,80.2238199773884,201
CMRL-sh11,13.0131700253864,80.2223438765403,202
CMRL-sh11,13.0125319860951,80.2215211818992,203
CMRL-sh11,13.012318985701,80.2211683621242,204
CMRL-sh11,13.0120864712201,80.2205677008767,205
CMRL-sh11,13.0118563206222,80.2198789968676,206
CMRL-sh11,13.0113038135985,80.2183004292822,207
CMRL-sh11,13.0112915182225,80.2182664127831,208
CMRL-sh11,13.011273415477,80.218217685782,209
CMRL-sh11,13.0110242735751,80.2176290222726,210
CMRL-sh11,13.0106773059805,80.216931943315,211
CMRL-sh11,13.0106349485723,80.2168593634707,212
CMRL-sh11,13.0102017038016,80.2162438723543,213
CMRL-sh11,13.010014225097,80.2159498204905,214
CMRL-sh11,13.009751870969,80.2153851326781,215
CMRL-sh11,13.0095537819546,80.2147522515781,216
CMRL-sh11,13.009402261137,80.2138422291931,217
CMRL-sh11,13.0089993769386,80.2122136226209,218
CMRL-sh11,13.0088319182699,80.2114757386399,219
CMRL-sh11,13.0086711407808,80.2109324437898,220
CMRL-sh11,13.0084566906262,80.2102847923249,221
CMRL-sh11,13.0083279232532,80.2098906432689,222
CMRL-sh11,13.0081712077485,80.2094317309596,223
CMRL-sh11,13.0081507230195,80.209358166983,224
CMRL-sh11,13.0080478521389,80.2087907254815,225
CMRL-sh11,13.0080414192805,80.2087456846813,226
CMRL-sh11,13.0079592229718,80.2081534634926,227
CMRL-sh11,13.0077537764611,80.2068678294433,228
CMRL-sh11,13.0077493676218,80.2068428448456,229
CMRL-sh11,13.0077433837959,80.2068133751318,230
CMRL-sh11,13.0074284811455,80.2056024942706,231
CMRL-sh11,13.0074181518524,80.2055723004866,232
CMRL-sh11,13.0073322336715,80.2053044610088,233
CMRL-sh11,13.0071512347273,80.2048166725463,234
CMRL-sh11,13.0069968188769,80.204490390199,235
CMRL-sh11,13.0069276301207,80.2043532099732,236
CMRL-sh11,13.0065162572785,80.2036151478132,237
CMRL-sh11,13.0064880478072,80.2035662796954,238
CMRL-sh11,13.0061712905589,80.2031061081511,239
CMRL-sh11,13.0061061982585,80.2030023268309,240
CMRL-sh11,13.0059394229526,80.202714253404,241
CMRL-sh11,13.0058042135887,80.2025218005351,242
CMRL-sh11,13.0057076644447,80.2024020521372,243
CMRL-sh11,13.0056303281094,80.2023165468419,244
CMRL-sh11,13.0055924204758,80.2022824517429,245
CMRL-sh11,13.005554307667,80.2022572418627,246
CMRL-sh11,13.0054095908278,80.2021710679329,247
CMRL-sh11,13.0052950709402,80.2021060891665,248
CMRL-sh11,13.0050308336943,80.201961512507,249
CMRL-sh11,13.0048437074905,80.2018829782223,250
CMRL-sh11,13.0035492870336,80.2012828186929,251
CMRL-sh11,13.0029335644084,80.200896376574,252
CMRL-sh11,13.0025109273023,80.2006368208407,253
CMRL-sh11,13.0023289965218,80.2005095275154,254
CMRL-sh11,13.0021364221589,80.2003554236355,255
CMRL-sh11,13.0020144781175,80.2002218703948,256
CMRL-sh11,13.0019318149273,80.2001140253564,257
CMRL-sh11,13.0018772478988,80.2000198777676,258
CMRL-sh11,13.0018560542085,80.199972837786,259
CMRL-sh11,13.0018160559032,80.1998452041308,260
CMRL-sh11,13.0017708579881,80.1996522101164,261
CMRL-sh11,13.0017484750181,80.1994853113986,262
CMRL-sh11,13.0017397521106,80.1993311943639,263
CMRL-sh11,13.0017505489578,80.1992339931378,264
CMRL-sh11,13.0017579368799,80.1991458230297,265
CMRL-sh11,13.0017649393792,80.1991149910383,266
CMRL-sh11,13.001789212278,80.1989980541798,267
CMRL-sh11,13.001831920847,80.1988305414744,268
CMRL-sh11,13.0019602128195,80.1981700053073,269
CMRL-sh11,13.0020184019742,80.1978082051399,270
CMRL-sh11,13.0020639931893,80.1974807966148,271
CMRL-sh11,13.0020741034896,80.1973141938392,272
CMRL-sh11,13.0020729716488,80.1971677743425,273
CMRL-sh11,13.0020571642157,80.1970606370065,274
CMRL-sh11,13.0020352658741,80.1969667232895,275
CMRL-sh11,13.0020017450413,80.1968706393989,276
CMRL-sh11,13.0019394730078,80.1967179509599,277
CMRL-sh11,13.0018776590204,80.1966023371942,278
CMRL-sh11,13.0016819769605,80.1962996737567,279
CMRL-sh11,13.0012913970575,80.1958218671766,280
CMRL-sh11,13.00094736845,80.1953843580764,281
CMRL-sh11,13.0004354970039,80.1947198034806,282
CMRL-sh11,12.9990895784154,80.1930298394236,283
CMRL-sh11,12.9981629989087,80.1918713309258,284
CMRL-sh11,12.9976233828517,80.1911722432229,285
CMRL-sh11,12.997543964251,80.1910508149241,286
CMRL-sh11,12.9974822834768,80.1909387404098,287
CMRL-sh11,12.9974034395778,80.1907911006626,288
CMRL-sh11,12.9973767087108,80.1907429680932,289
CMRL-sh11,12.9973215752799,80.1906511321866,290
CMRL-sh11,12.9972685703664,80.1905720824733,291
CMRL-sh11,12.9970735776899,80.1902974450478,292
CMRL-sh11,12.9964203264028,80.1895017865321,293
CMRL-sh11,12.9961493836192,80.1891743280604,294
CMRL-sh11,12.9958371578831,80.1887523384838,295
CMRL-sh11,12.9958216355429,80.1887282633869,296
CMRL-sh11,12.9957985049145,80.188694936839,297
CMRL-sh11,12.99576684307,80.1886386084507,298
CMRL-sh11,12.995697740854,80.1884922597085,299
CMRL-sh11,12.9955503563685,80.1882192089048,300
CMRL-sh11,12.9951486545649,80.1874323335033,301
CMRL-sh11,12.9949710503134,80.1870468857558,302
CMRL-sh11,12.994300294072,80.1857106607074,303
CMRL-sh11,12.9935306010651,80.1843071740902,304
CMRL-sh11,12.9933141198173,80.1839151791429,305
CMRL-sh11,12.9929322155899,80.1832542450204,306
CMRL-sh11,12.9924237309159,80.1824427138478,307
CMRL-sh11,12.9919652496068,80.1817668429503,308
CMRL-sh11,12.9912855414387,80.1809100545514,309
CMRL-sh11,12.9906485003957,80.1800589271476,310
CMRL-sh11,12.9902298406982,80.1795315634668,311
CMRL-sh11,12.9901440981355,80.1794289355179,312
CMRL-sh11,12.9900553965407,80.1793243054485,313
CMRL-sh11,12.9899537052371,80.1792229468983,314
CMRL-sh11,12.9892933733527,80.1785818166507,315
CMRL-sh11,12.9889958101496,80.1782737912566,316
CMRL-sh11,12.988870956504,80.1781201915951,317
CMRL-sh11,12.9887945429542,80.1780088020888,318
CMRL-sh11,12.9885146143975,80.1776051483962,319
CMRL-sh11,12.9875824323738,80.1763092157972,320
CMRL-sh11,12.9870201661999,80.1755064699491,321
CMRL-sh11,12.9863932080512,80.1746336368583,322
CMRL-sh11,12.9852068649201,80.1728984160718,323
CMRL-sh11,12.9842070735446,80.1711489508102,324
CMRL-sh11,12.9834496434134,80.1695840116432,325
CMRL-sh11,12.9821813769606,80.1671914054718,326
CMRL-sh11,12.9819284718664,80.1666491349796,327
CMRL-sh11,12.9809741797154,80.1641763799997,328
CMRL-sh11,12.980769733417,80.1636667008123,329
CMRL-sh12,12.980769733417,80.1636667008123,1
CMRL-sh12,12.9809741797154,80.1641763799997,2
CMRL-sh12,12.9819284718664,80.1666491349796,3
CMRL-sh12,12.9821813769606,80.1671914054718,4
CMRL-sh12,12.9834496434134,80.1695840116432,5
CMRL-sh12,12.9842070735446,80.1711489508102,6
CMRL-sh12,12.9852068649201,80.1728984160718,7
CMRL-sh12,12.9863932080512,80.1746336368583,8
CMRL-sh12,12.9870201661999,80.1755064699491,9
CMRL-sh12,12.9875824323738,80.1763092157972,10
CMRL-sh12,12.9885146143975,80.1776051483962,11
CMRL-sh12,12.9887945429542,80.1780088020888,12
CMRL-sh12,12.988870956504,80.1781201915951,13
CMRL-sh12,12.9889958101496,80.1782737912566,14
CMRL-sh12,12.9892933733527,80.1785818166507,15
CMRL-sh12,12.9899537052371,80.1792229468983,16
CMRL-sh12,12.9900553965407,80.1793243054485,17
CMRL-sh12,12.9901440981355,80.1794289355179,18
CMRL-sh12,12.9902298406982,80.1795315634668,19
CMRL-sh12,12.9906485003957,80.1800589271476,20
CMRL-sh12,12.9912855414387,80.1809100545514,21
CMRL-sh12,12.9919652496068,80.1817668429503,22
CMRL-sh12,12.9924237309159,80.1824427138478,23
CMRL-sh12,12.9929322155899,80.1832542450204,24
CMRL-sh12,12.9933141198173,80.1839151791429,25
CMRL-sh12,12.9935306010651,80.1843071740902,26
CMRL-sh12,12.994300294072,80.1857106607074,27
CMRL-sh12,12.9949710503134,80.1870468857558,28
CMRL-sh12,12.9951486545649,80.1874323335033,29
CMRL-sh12,12.9955503563685,80.1882192089048,30
CMRL-sh12,12.995697740854,80.1884922597085,31
CMRL-sh12,12.99576684307,80.1886386084507,32
CMRL-sh12,12.9957985049145,80.188694936839,33
CMRL-sh12,12.9958216355429,80.1887282633869,34
CMRL-sh12,12.9958371578831,80.1887523384838,35
CMRL-sh12,12.9961493836192,80.1891743280604,36
CMRL-sh12,12.9964203264028,80.1895017865321,37
CMRL-sh12,12.9970735776899,80.1902974450478,38
CMRL-sh12,12.9972685703664,80.1905720824733,39
CMRL-sh12,12.9973215752799,80.1906511321866,40
CMRL-sh12,12.9973767087108,80.1907429680932,41
CMRL-sh12,12.9974034395778,80.1907911006626,42
CMRL-sh12,12.9974822834768,80.1909387404098,43
CMRL-sh12,12.997543964251,80.1910508149241,44
CMRL-sh12,12.9976233828517,80.1911722432229,45
CMRL-sh12,12.9981629989087,80.1918713309258,46
CMRL-sh12,12.9990895784154,80.1930298394236,47
CMRL-sh12,13.0004354970039,80.1947198034806,48
CMRL-sh12,13.00094736845,80.1953843580764,49
CMRL-sh12,13.0012913970575,80.1958218671766,50
CMRL-sh12,13.0016819769605,80.1962996737567,51
CMRL-sh12,13.0018776590204,80.1966023371942,52
CMRL-sh12,13.0019394730078,80.1967179509599,53
CMRL-sh12,13.0020017450413,80.1968706393989,54
CMRL-sh12,13.0020352658741,80.1969667232895,55
CMRL-sh12,13.0020571642157,80.1970606370065,56
CMRL-sh12,13.0020729716488,80.1971677743425,57
CMRL-sh12,13.0020741034896,80.1973141938392,58
CMRL-sh12,13.0020639931893,80.1974807966148,59
CMRL-sh12,13.0020184019742,80.1978082051399,60
CMRL-sh12,13.0019602128195,80.1981700053073,61
CMRL-sh12,13.001831920847,80.1988305414744,62
CMRL-sh12,13.001789212278,80.1989980541798,63
CMRL-sh12,13.0017649393792,80.1991149910383,64
CMRL-sh12,13.0017579368799,80.1991458230297,65
CMRL-sh12,13.0017505489578,80.1992339931378,66
CMRL-sh12,13.0017397521106,80.1993311943639,67
CMRL-sh12,13.0017484750181,80.1994853113986,68
CMRL-sh12,13.0017708579881,80.1996522101164,69
CMRL-sh12,13.0018160559032,80.1998452041308,70
CMRL-sh12,13.0018560542085,80.199972837786,71
CMRL-sh12,13.0018772478988,80.2000198777676,72
CMRL-sh12,13.0019318149273,80.2001140253564,73
CMRL-sh12,13.0020144781175,80.2002218703948,74
CMRL-sh12,13.0021364221589,80.2003554236355,75
CMRL-sh12,13.0023289965218,80.2005095275154,76
CMRL-sh12,13.0025109273023,80.2006368208407,77
CMRL-sh12,13.0029335644084,80.200896376574,78
CMRL-sh12,13.0035492870336,80.2012828186929,79
CMRL-sh12,13.0048437074905,80.2018829782223,80
CMRL-sh12,13.0050308336943,80.201961512507,81
CMRL-sh12,13.0052950709402,80.2021060891665,82
CMRL-sh12,13.0054095908278,80.2021710679329,83
CMRL-sh12,13.005554307667,80.2022572418627,84
CMRL-sh12,13.0055924204758,80.2022824517429,85
CMRL-sh12,13.0056303281094,80.2023165468419,86
CMRL-sh12,13.0057076644447,80.2024020521372,87
CMRL-sh12,13.0058042135887,80.2025218005351,88
CMRL-sh12,13.0059394229526,80.202714253404,89
CMRL-sh12,13.0061061982585,80.2030023268309,90
CMRL-sh12,13.0061712905589,80.2031061081511,91
CMRL-sh12,13.0064880478072,80.2035662796954,92
CMRL-sh12,13.0065162572785,80.2036151478132,93
CMRL-sh12,13.0069276301207,80.2043532099732,94
CMRL-sh12,13.0069968188769,80.204490390199,95
CMRL-sh12,13.0071512347273,80.2048166725463,96
CMRL-sh12,13.0073322336715,80.2053044610088,97
CMRL-sh12,13.0074181518524,80.2055723004866,98
CMRL-sh12,13.0074284811455,80.2056024942706,99
CMRL-sh12,13.0077433837959,80.2068133751318,100
CMRL-sh12,13.0077493676218,80.2068428448456,101
CMRL-sh12,13.0077537764611,80.2068678294433,102
CMRL-sh12,13.0079592229718,80.2081534634926,103
CMRL-sh12,13.0080414192805,80.2087456846813,104
CMRL-sh12,13.0080478521389,80.2087907254815,105
CMRL-sh12,13.0081507230195,80.209358166983,106
CMRL-sh12,13.0081712077485,80.2094317309596,107
CMRL-sh12,13.0083279232532,80.2098906432689,108
CMRL-sh12,13.0084566906262,80.2102847923249,109
CMRL-sh12,13.0086711407808,80.2109324437898,110
CMRL-sh12,13.0088319182699,80.2114757386399,111
CMRL-sh12,13.0089993769386,80.2122136226209,112
CMRL-sh12,13.009402261137,80.2138422291931,113
CMRL-sh12,13.0095537819546,80.2147522515781,114
CMRL-sh12,13.009751870969,80.2153851326781,115
CMRL-sh12,13.010014225097,80.2159498204905,116
CMRL-sh12,13.0102017038016,80.2162438723543,117
CMRL-sh12,13.0106349485723,80.2168593634707,118
CMRL-sh12,13.0106773059805,80.216931943315,119
CMRL-sh12,13.0110242735751,80.2176290222726,120
CMRL-sh12,13.011273415477,80.218217685782,121
CMRL-sh12,13.0112915182225,80.2182664127831,122
CMRL-sh12,13.0113038135985,80.2183004292822,123
CMRL-sh12,13.0118563206222,80.2198789968676,124
CMRL-sh12,13.0120864712201,80.2205677008767,125
CMRL-sh12,13.012318985701,80.2211683621242,126
CMRL-sh12,13.0125319860951,80.2215211818992,127
CMRL-sh12,13.0131700253864,80.2223438765403,128
CMRL-sh12,13.014400245385,80.2238199773884,129
CMRL-sh12,13.015265854844,80.2249270368015,130
CMRL-sh12,13.0155233954639,80.2252013573669,131
CMRL-sh12,13.0156227390931,80.2253018254016,132
CMRL-sh12,13.0156880183334,80.2253427477367,133
CMRL-sh12,13.0157652227816,80.2253843525974,134
CMRL-sh12,13.0158830497688,80.2254274864628,135
CMRL-sh12,13.0160619765499,80.2254790272076,136
CMRL-sh12,13.01621428612,80.2255096975197,137
CMRL-sh12,13.0163241524615,80.2255139079071,138
CMRL-sh12,13.0164310733778,80.2255024067367,139
CMRL-sh12,13.0184453796901,80.2250847720577,140
CMRL-sh12,13.0188415564938,80.2249907432301,141
CMRL-sh12,13.0191641947224,80.2249642580353,142
CMRL-sh12,13.0193690564111,80.2249746639459,143
CMRL-sh12,13.0197861833694,80.2250483013326,144
CMRL-sh12,13.0199279457699,80.2250890494133,145
CMRL-sh12,13.0202259684177,80.2252353138575,146
CMRL-sh12,13.0207718332667,80.2255527873114,147
CMRL-sh12,13.0213580424595,80.2259643995396,148
CMRL-sh12,13.0214301656776,80.2260264527071,149
CMRL-sh12,13.0221559414993,80.2266421142025,150
CMRL-sh12,13.0227370525512,80.2272239925662,151
CMRL-sh12,13.0234944036996,80.2281124836753,152
CMRL-sh12,13.0236331285364,80.2283490482348,153
CMRL-sh12,13.0238789623903,80.228744902362,154
CMRL-sh12,13.0243455737608,80.2295737791408,155
CMRL-sh12,13.0249266033198,80.2305024118581,156
CMRL-sh12,13.0254791269047,80.2314259994085,157
CMRL-sh12,13.0263556442027,80.2327220038208,158
CMRL-sh12,13.0264678997569,80.2328784946418,159
CMRL-sh12,13.026518218382,80.2329563240426,160
CMRL-sh12,13.0265560035087,80.23301783675,161
CMRL-sh12,13.0269960755112,80.2337993464652,162
CMRL-sh12,13.0275836484298,80.2348307892765,163
CMRL-sh12,13.0279498497928,80.2354214003558,164
CMRL-sh12,13.0283118386643,80.235868381634,165
CMRL-sh12,13.0291337633697,80.2367480145534,166
CMRL-sh12,13.0296811110034,80.2374046938545,167
CMRL-sh12,13.0299599835446,80.2378258971014,168
CMRL-sh12,13.0305283865628,80.2388354786159,169
CMRL-sh12,13.0310239733356,80.2397322983023,170
CMRL-sh12,13.0311857595735,80.2400741529641,171
CMRL-sh12,13.0322309953953,80.2421661431022,172
CMRL-sh12,13.0324308381087,80.2425008268699,173
CMRL-sh12,13.03260905776,80.242782537727,174
CMRL-sh12,13.0338454879438,80.2443809413829,175
CMRL-sh12,13.0342514695016,80.2449172295329,176
CMRL-sh12,13.0347231469918,80.2455944836055,177
CMRL-sh12,13.0348618259015,80.2457609592713,178
CMRL-sh12,13.034914588,80.2458111959502,179
CMRL-sh12,13.0349602272471,80.2458485194356,180
CMRL-sh12,13.0350617247491,80.2459292481035,181
CMRL-sh12,13.0351600287227,80.2459828319422,182
CMRL-sh12,13.0352895487815,80.2460314164744,183
CMRL-sh12,13.0355671684992,80.2461065058529,184
CMRL-sh12,13.0363141660644,80.2462787913376,185
CMRL-sh12,13.0398290456842,80.2470664511139,186
CMRL-sh12,13.0449313986116,80.2480761126076,187
CMRL-sh12,13.04639110942,80.2483873126184,188
CMRL-sh12,13.0465751500098,80.2484191965624,189
CMRL-sh12,13.0468170562909,80.2484876758232,190
CMRL-sh12,13.0468927559252,80.2485076661192,191
CMRL-sh12,13.047519890276,80.2487358344907,192
CMRL-sh12,13.0495597755133,80.2497893843662,193
CMRL-sh12,13.0497595144084,80.2498982913228,194
CMRL-sh12,13.0498676439901,80.2499458712935,195
CMRL-sh12,13.0500577113524,80.2500426658319,196
CMRL-sh12,13.0512299972496,80.2505411433215,197
CMRL-sh12,13.0512943362992,80.2505718301735,198
CMRL-sh12,13.051356929818,80.2506046340234,199
CMRL-sh12,13.0519369280098,80.250927950579,200
CMRL-sh12,13.0522008074954,80.2511162561651,201
CMRL-sh12,13.0522903888918,80.2511821669044,202
CMRL-sh12,13.0523439305814,80.2512313735708,203
CMRL-sh12,13.0524643403755,80.2513484895363,204
CMRL-sh12,13.0531690717706,80.2521887795751,205
CMRL-sh12,13.0544961305003,80.2539953589391,206
CMRL-sh12,13.055811948276,80.2557902564679,207
CMRL-sh12,13.0561502821233,80.256190473341,208
CMRL-sh12,13.0565139211033,80.2565735035158,209
CMRL-sh12,13.0572996188204,80.257306937365,210
CMRL-sh12,13.0573836693618,80.2573862861237,211
CMRL-sh12,13.0575601661461,80.2575489861021,212
CMRL-sh12,13.0577266565143,80.2577207390957,213
CMRL-sh12,13.0591908099639,80.2594960704857,214
CMRL-sh12,13.0593610201973,80.259699586638,215
CMRL-sh12,13.0613415189262,80.2621184056381,216
CMRL-sh12,13.0631895647505,80.2643776002804,217
CMRL-sh12,13.0638234932835,80.2651595854638,218
CMRL-sh12,13.0651897148973,80.2668490108881,219
CMRL-sh12,13.0653454999724,80.2670393874441,220
CMRL-sh12,13.0654186849444,80.2671327612141,221
CMRL-sh12,13.0661376924891,80.2680746951876,222
CMRL-sh12,13.0661555045447,80.2680982006971,223
CMRL-sh12,13.0661765815393,80.2681254965156,224
CMRL-sh12,13.0661831859635,80.2681336829802,225
CMRL-sh12,13.0661984256899,80.2681553986816,226
CMRL-sh12,13.0662724425907,80.2682750250756,227
CMRL-sh12,13.0663003615272,80.2683380190993,228
CMRL-sh12,13.0663159864469,80.2683854546522,229
CMRL-sh12,13.0663338378295,80.2684350925413,230
CMRL-sh12,13.0663510124362,80.2685054928047,231
CMRL-sh12,13.066359730357,80.2685607727726,232
CMRL-sh12,13.0663623991353,80.2686072143308,233
CMRL-sh12,13.0663719040823,80.2686683528745,234
CMRL-sh12,13.0664216377456,80.2690469963497,235
CMRL-sh12,13.0665468674123,80.2695583202571,236
CMRL-sh12,13.0666477144475,80.2697364205422,237
CMRL-sh12,13.0668154174706,80.2699568212078,238
CMRL-sh12,13.0671414212996,80.2703161217195,239
CMRL-sh12,13.0673469181431,80.270540823682,240
CMRL-sh12,13.0678628458526,80.2710989975532,241
CMRL-sh12,13.0682815489825,80.2715646448854,242
CMRL-sh12,13.0688082455791,80.2721359024395,243
CMRL-sh12,13.0694704634513,80.2728011593469,244
CMRL-sh12,13.0698664130346,80.2731516498423,245
CMRL-sh12,13.0702466635846,80.2734604342429,246
CMRL-sh12,13.070495597715,80.2736274513877,247
CMRL-sh12,13.0707683798647,80.2737514278729,248
CMRL-sh12,13.0709810040326,80.2738165037184,249
CMRL-sh12,13.0711524220111,80.2738392485763,250
CMRL-sh12,13.0713152012794,80.2738468112005,251
CMRL-sh12,13.0715909953131,80.2738429209548,252
CMRL-sh12,13.0718728393845,80.2738027531384,253
CMRL-sh12,13.0720687279601,80.2737444712316,254
CMRL-sh12,13.0726921363202,80.273491262168,255
CMRL-sh12,13.073273683604,80.2731163828819,256
CMRL-sh12,13.0735047466779,80.2729076891204,257
CMRL-sh12,13.0744141756429,80.2720123342093,258
CMRL-sh12,13.0758258032468,80.2705020198372,259
CMRL-sh12,13.0762032817968,80.2700341763807,260
CMRL-sh12,13.0771179134805,80.2689979786281,261
CMRL-sh12,13.0774821857457,80.2687572214993,262
CMRL-sh12,13.0778615134839,80.2686419067538,263
CMRL-sh12,13.0782574376899,80.2686427528598,264
CMRL-sh12,13.078624637462,80.2687338560008,265
CMRL-sh12,13.0791471072142,80.2689881878743,266
CMRL-sh12,13.0797108217444,80.2693838066646,267
CMRL-sh12,13.0799132170127,80.2695686139792,268
CMRL-sh12,13.0799542393345,80.269608007353,269
CMRL-sh12,13.080060433061,80.2697210802201,270
CMRL-sh12,13.0802965222866,80.2699727115781,271
CMRL-sh12,13.0804576009776,80.2701588514949,272
CMRL-sh12,13.0805907394778,80.2703169944424,273
CMRL-sh12,13.0807500806694,80.2705238521204,274
CMRL-sh12,13.0808661567929,80.2706863668397,275
CMRL-sh12,13.0809634283215,80.2708439943152,276
CMRL-sh12,13.0809946334286,80.2708987836122,277
CMRL-sh12,13.0810227923648,80.2709600731542,278
CMRL-sh12,13.0810458372926,80.2710138439269,279
CMRL-sh12,13.081105947525,80.2712584398901,280
CMRL-sh12,13.0812224101263,80.2717627968695,281
CMRL-sh12,13.0813370837992,80.272359491205,282
CMRL-sh12,13.0814107142313,80.2727672974881,283
CMRL-sh12,13.0816512937743,80.2739651941103,284
CMRL-sh12,13.0818064152192,80.27478744863,285
CMRL-sh12,13.0818187499441,80.2748545454165,286
CMRL-sh12,13.0818263006952,80.2749155075716,287
CMRL-sh12,13.0819395728155,80.2757236088584,288
CMRL-sh12,13.0820649061413,80.2767929358129,289
CMRL-sh12,13.0821899464125,80.2783079044893,290
CMRL-sh12,13.0822177010676,80.2796563827178,291
CMRL-sh12,13.0822653915182,80.280748491019,292
CMRL-sh12,13.0823646180212,80.2815494465724,293
CMRL-sh12,13.0825833874735,80.2824381519977,294
CMRL-sh12,13.0827069685998,80.2826928831228,295
CMRL-sh12,13.0829287278698,80.2829943980771,296
CMRL-sh12,13.0833389269002,80.2833926934585,297
CMRL-sh12,13.0837595445602,80.283761485427,298
CMRL-sh12,13.0840518905017,80.2839753835422,299
CMRL-sh12,13.084426290618,80.2841685661229,300
CMRL-sh12,13.084793441934,80.2843310691563,301
CMRL-sh12,13.0860116737914,80.284738849557,302
CMRL-sh12,13.0878609554477,80.2852183606196,303
CMRL-sh12,13.0883773173252,80.2853525717639,304
CMRL-sh12,13.0887258311499,80.2854174829614,305
CMRL-sh12,13.089965998198,80.2855402204285,306
CMRL-sh12,13.0929173666699,80.2857674816544,307
CMRL-sh12,13.0941445859987,80.2859230323667,308
CMRL-sh12,13.095826430242,80.2861710898973,309
CMRL-sh12,13.0962849908603,80.2862234375494,310
CMRL-sh12,13.0970392298039,80.2862653417177,311
CMRL-sh12,13.0974006322351,80.2862329702128,312
CMRL-sh12,13.0978319755705,80.2861743067081,313
CMRL-sh12,13.0982347533429,80.2859938342274,314
CMRL-sh12,13.098552384082,80.2857376978693,315
CMRL-sh12,13.0988551910701,80.2853657927925,316
CMRL-sh12,13.0992792140988,80.2848737365071,317
CMRL-sh12,13.099751009456,80.284321055961,318
CMRL-sh12,13.1004824733972,80.2834433646864,319
CMRL-sh12,13.1015738359148,80.2822002565247,320
CMRL-sh12,13.1027881459025,80.2807994874813,321
CMRL-sh12,13.1032097929912,80.2804992675903,322
CMRL-sh12,13.1036387847315,80.2802579332043,323
CMRL-sh12,13.1041543848732,80.2801364566056,324
CMRL-sh12,13.1046286542614,80.2800907985169,325
CMRL-sh12,13.1049382582047,80.280106351402,326
CMRL-sh12,13.1053504878313,80.2801907127932,327
CMRL-sh12,13.1056043199152,80.2802678024078,328
CMRL-sh12,13.1086577606799,80.2812068978694,329
CMRL-sh13,13.0818077443607,80.2747915135679,1
CMRL-sh13,13.0817040878949,80.2742679060366,2
CMRL-sh13,13.0813330337563,80.2723545975004,3
CMRL-sh13,13.0812191616375,80.271745606467,4
CMRL-sh13,13.0810910558667,80.2711853622021,5
CMRL-sh13,13.0810509938048,80.2710349830843,6
CMRL-sh13,13.0810238090726,80.2709443332532,7
CMRL-sh13,13.0809802434201,80.2708248071993,8
CMRL-sh13,13.0799261608745,80.2687545755538,9
CMRL-sh13,13.0796576785252,80.268264414896,10
CMRL-sh13,13.0791037160657,80.267138644019,11
CMRL-sh13,13.0790017053361,80.2668708095062,12
CMRL-sh13,13.0789313289281,80.2666534989339,13
CMRL-sh13,13.078871863775,80.2664643330414,14
CMRL-sh13,13.0787963511512,80.2661649271054,15
CMRL-sh13,13.078719473696,80.265888358006,16
CMRL-sh13,13.0786826542859,80.2656972772,17
CMRL-sh13,13.0786596848403,80.2654878995147,18
CMRL-sh13,13.0786734453813,80.2652524218579,19
CMRL-sh13,13.0787559671527,80.2647166400459,20
CMRL-sh13,13.0789142734766,80.2638974859737,21
CMRL-sh13,13.0790067735908,80.2634233358294,22
CMRL-sh13,13.0791292364786,80.2628724665668,23
CMRL-sh13,13.0791678519293,80.2627317441821,24
CMRL-sh13,13.0792121212754,80.2625559648611,25
CMRL-sh13,13.0792387068591,80.2624406813281,26
CMRL-sh13,13.0792581536405,80.2623405907694,27
CMRL-sh13,13.0792632757366,80.2622985276935,28
CMRL-sh13,13.079269486247,80.2621941057913,29
CMRL-sh13,13.0792638600977,80.2620878877602,30
CMRL-sh13,13.0792432195666,80.2619346885079,31
CMRL-sh13,13.0787521042703,80.2600056534188,32
CMRL-sh13,13.0786880961004,80.259742665463,33
CMRL-sh13,13.0786776401611,80.259677338704,34
CMRL-sh13,13.0786653524595,80.2595384860529,35
CMRL-sh13,13.0786706207361,80.2592656601084,36
CMRL-sh13,13.0787145123322,80.2587322068949,37
CMRL-sh13,13.0787900604581,80.2580710513518,38
CMRL-sh13,13.0788172363996,80.2578752837711,39
CMRL-sh13,13.0789823635094,80.256402010563,40
CMRL-sh13,13.0789949827009,80.256229236698,41
CMRL-sh13,13.079002188152,80.2561775034463,42
CMRL-sh13,13.0790058030392,80.2560555589383,43
CMRL-sh13,13.0790071634319,80.2554142137408,44
CMRL-sh13,13.0789984625174,80.2552715071531,45
CMRL-sh13,13.0788918533007,80.2543176336029,46
CMRL-sh13,13.07880285112,80.253583010019,47
CMRL-sh13,13.0787637179668,80.2530618495271,48
CMRL-sh13,13.0787592716133,80.2529554601017,49
CMRL-sh13,13.0787670304383,80.2520589407219,50
CMRL-sh13,13.0787565224071,80.2517715975624,51
CMRL-sh13,13.078643326122,80.2501146573165,52
CMRL-sh13,13.0784795080874,80.2486705177219,53
CMRL-sh13,13.0782480838489,80.2474561765245,54
CMRL-sh13,13.0780731267629,80.2466636813498,55
CMRL-sh13,13.0780292482511,80.2464422706638,56
CMRL-sh13,13.0780070445245,80.246261142349,57
CMRL-sh13,13.0779136138791,80.245267679442,58
CMRL-sh13,13.0778369565919,80.2442664203689,59
CMRL-sh13,13.0778308015825,80.2441616630537,60
CMRL-sh13,13.0778218967013,80.2440628179757,61
CMRL-sh13,13.0776080232838,80.2426269833761,62
CMRL-sh13,13.0774752241081,80.2416611356069,63
CMRL-sh13,13.0774284071177,80.2414270455418,64
CMRL-sh13,13.0769958184992,80.2396547533954,65
CMRL-sh13,13.0765324602388,80.2376480500788,66
CMRL-sh13,13.0761293614148,80.2354491432563,67
CMRL-sh13,13.0760882288699,80.2352719988311,68
CMRL-sh13,13.0760269217408,80.2350422487679,69
CMRL-sh13,13.075991737984,80.2349478671967,70
CMRL-sh13,13.0759308012522,80.2348400386652,71
CMRL-sh13,13.0758962011386,80.2347797395654,72
CMRL-sh13,13.0758674276509,80.2347198124703,73
CMRL-sh13,13.0757852332816,80.2345166579605,74
CMRL-sh13,13.0754287516421,80.2333956268594,75
CMRL-sh13,13.0751539093567,80.232147334215,76
CMRL-sh13,13.0750558863933,80.2317693815043,77
CMRL-sh13,13.0749946719663,80.2315212357204,78
CMRL-sh13,13.0749635456958,80.2313791500817,79
CMRL-sh13,13.074917828473,80.2310782980884,80
CMRL-sh13,13.0748863390539,80.2308837211778,81
CMRL-sh13,13.0748641419344,80.230672823351,82
CMRL-sh13,13.0748413637399,80.2304686800412,83
CMRL-sh13,13.0747797292218,80.2293247809092,84
CMRL-sh13,13.0746404818291,80.2277258575053,85
CMRL-sh13,13.0746241529918,80.2273921018046,86
CMRL-sh13,13.0746135231109,80.2269600903897,87
CMRL-sh13,13.074633904686,80.2267645320709,88
CMRL-sh13,13.0746757470411,80.2265259677091,89
CMRL-sh13,13.0747356949253,80.2263164873497,90
CMRL-sh13,13.0748434583555,80.2260577684949,91
CMRL-sh13,13.074943254276,80.2258898999184,92
CMRL-sh13,13.0750307007577,80.2257734613736,93
CMRL-sh13,13.0750931831451,80.2257129988305,94
CMRL-sh13,13.0752104312926,80.225593753834,95
CMRL-sh13,13.0753053988434,80.2255140702137,96
CMRL-sh13,13.0753795854198,80.2254484713077,97
CMRL-sh13,13.075519565647,80.2253413421374,98
CMRL-sh13,13.07574730354,80.22517136214,99
CMRL-sh13,13.0759131463966,80.2250749756753,100
CMRL-sh13,13.0760762549242,80.2250106663033,101
CMRL-sh13,13.0761259319866,80.2249926997195,102
CMRL-sh13,13.0761853807314,80.2249787730219,103
CMRL-sh13,13.0762604372359,80.2249676048935,104
CMRL-sh13,13.0763089048369,80.2249607869753,105
CMRL-sh13,13.0763795200867,80.2249564828308,106
CMRL-sh13,13.076512728613,80.2249579261736,107
CMRL-sh13,13.0767451749145,80.2249748372224,108
CMRL-sh13,13.0773640165334,80.2250380669282,109
CMRL-sh13,13.0799062242026,80.2252373500393,110
CMRL-sh13,13.0810144533349,80.2253442057731,111
CMRL-sh13,13.0813792663251,80.2253737603326,112
CMRL-sh13,13.0822138225303,80.2253997625393,113
CMRL-sh13,13.082516005755,80.2253756240994,114
CMRL-sh13,13.082784519342,80.2253078185856,115
CMRL-sh13,13.0832043930036,80.2250979239493,116
CMRL-sh13,13.0834927015061,80.2248666643921,117
CMRL-sh13,13.0837929860116,80.2245068664053,118
CMRL-sh13,13.0838502822102,80.2244177722571,119
CMRL-sh13,13.0839178097782,80.2242936765456,120
CMRL-sh13,13.0840089574367,80.2241092854707,121
CMRL-sh13,13.0841399846328,80.2238491248393,122
CMRL-sh13,13.0842789201367,80.2235395833024,123
CMRL-sh13,13.0843704833088,80.2232490071694,124
CMRL-sh13,13.0844457884903,80.2227385514569,125
CMRL-sh13,13.0844898919369,80.2220503185132,126
CMRL-sh13,13.0845551031718,80.2207551647807,127
CMRL-sh13,13.0845602718067,80.2205908461328,128
CMRL-sh13,13.0846527328955,80.2184794907368,129
CMRL-sh13,13.084717045005,80.2158028275415,130
CMRL-sh13,13.0850023762631,80.2082965313316,131
CMRL-sh13,13.0852749744661,80.2009752424641,132
CMRL-sh13,13.0852829144198,80.2004425218873,133
CMRL-sh13,13.0852802345776,80.2003544607282,134
CMRL-sh13,13.0852695106193,80.2002664192916,135
CMRL-sh13,13.0852581348295,80.2001817257651,136
CMRL-sh13,13.0852492386129,80.2001389066524,137
CMRL-sh13,13.0852439277235,80.2001097360367,138
CMRL-sh13,13.0852309406834,80.2000410508953,139
CMRL-sh13,13.0852165542239,80.1999741007885,140
CMRL-sh13,13.0851898116511,80.1998786705445,141
CMRL-sh13,13.0851127753385,80.1996905046985,142
CMRL-sh13,13.0850193423269,80.1994710274585,143
CMRL-sh13,13.0848741047213,80.1992527310006,144
CMRL-sh13,13.0846875290981,80.1990357855354,145
CMRL-sh13,13.0844384198381,80.1988430627836,146
CMRL-sh13,13.0842108435009,80.1986923056397,147
CMRL-sh13,13.0840812981666,80.1986234409575,148
CMRL-sh13,13.0839449644628,80.1985777784357,149
CMRL-sh13,13.083877514006,80.1985562779364,150
CMRL-sh13,13.0837250084622,80.1985232963565,151
CMRL-sh13,13.0834845864454,80.1984896757545,152
CMRL-sh13,13.0832595615091,80.1984601461763,153
CMRL-sh13,13.0831300241321,80.1984477488754,154
CMRL-sh13,13.0829471566961,80.1984328585279,155
CMRL-sh13,13.0825959241258,80.1984144942993,156
CMRL-sh13,13.0823681166392,80.1984017331731,157
CMRL-sh13,13.0821207262485,80.1984010471913,158
CMRL-sh13,13.0819056800472,80.1984024918475,159
CMRL-sh13,13.0793873642194,80.1985163417169,160
CMRL-sh13,13.0793361762999,80.1985180066767,161
CMRL-sh13,13.0792205166562,80.1985085467371,162
CMRL-sh13,13.0791594695523,80.1985038678595,163
CMRL-sh13,13.0791019843294,80.1984907231802,164
CMRL-sh13,13.0789914430804,80.1984596701586,165
CMRL-sh13,13.0788336177209,80.1984060153841,166
CMRL-sh13,13.0787351062295,80.1983645121682,167
CMRL-sh13,13.0787009178501,80.198342499503,168
CMRL-sh13,13.0786538943364,80.1983145192648,169
CMRL-sh13,13.0786076799674,80.1982826160941,170
CMRL-sh13,13.0784388073324,80.198150160625,171
CMRL-sh13,13.0782179699427,80.1979308853809,172
CMRL-sh13,13.0781572260531,80.1978381930349,173
CMRL-sh13,13.0780963543569,80.1976826181872,174
CMRL-sh13,13.0780558789858,80.1974771034666,175
CMRL-sh13,13.0780329115208,80.1972842862643,176
CMRL-sh13,13.0780152171818,80.1970868934675,177
CMRL-sh13,13.077990485973,80.1968168441069,178
CMRL-sh13,13.0779347285059,80.1964049522336,179
CMRL-sh13,13.0778731152355,80.1958900357866,180
CMRL-sh13,13.077810866925,80.1956252936194,181
CMRL-sh13,13.0777947146557,80.195583436232,182
CMRL-sh13,13.077752411801,80.1955037999433,183
CMRL-sh13,13.0776013812233,80.1953155869965,184
CMRL-sh13,13.0775415362412,80.1952579073614,185
CMRL-sh13,13.0773872455411,80.1951457610192,186
CMRL-sh13,13.0773477560846,80.1951181110019,187
CMRL-sh13,13.0772428783088,80.1950620147639,188
CMRL-sh13,13.0771622212994,80.1950273674558,189
CMRL-sh13,13.0769013651459,80.1949652700218,190
CMRL-sh13,13.076680388185,80.194929899997,191
CMRL-sh13,13.0761383609361,80.1948488603168,192
CMRL-sh13,13.0760842505795,80.1948411085699,193
CMRL-sh13,13.0760387987513,80.1948386983471,194
CMRL-sh13,13.0759819092226,80.1948394281819,195
CMRL-sh13,13.0758490069468,80.1948393547781,196
CMRL-sh13,13.0745901250453,80.194851065477,197
CMRL-sh13,13.070281722711,80.1948675297845,198
CMRL-sh13,13.0702303140165,80.1948750246437,199
CMRL-sh13,13.0700915506742,80.194913623505,200
CMRL-sh13,13.0700642589641,80.1949260685155,201
CMRL-sh13,13.0700426039734,80.1949380732425,202
CMRL-sh13,13.0699279040725,80.1950109439774,203
CMRL-sh13,13.0697179731933,80.1951949316641,204
CMRL-sh13,13.0696537574391,80.1952671462478,205
CMRL-sh13,13.0695902391429,80.1953566022737,206
CMRL-sh13,13.0695476054389,80.1954441114688,207
CMRL-sh13,13.069506257754,80.195525329923,208
CMRL-sh13,13.0694733673661,80.195627989597,209
CMRL-sh13,13.0694459995825,80.1957227861489,210
CMRL-sh13,13.0694184021828,80.1958246767839,211
CMRL-sh13,13.069400735895,80.1959114628915,212
CMRL-sh13,13.069379586213,80.1960680298102,213
CMRL-sh13,13.0693801343766,80.1961418413667,214
CMRL-sh13,13.0693791430008,80.196230825709,215
CMRL-sh13,13.0693925526281,80.1970039828922,216
CMRL-sh13,13.0694366675954,80.1993397878884,217
CMRL-sh13,13.0694332421167,80.1996575922481,218
CMRL-sh13,13.0694274530174,80.1997661061847,219
CMRL-sh13,13.069418909681,80.1998885705235,220
CMRL-sh13,13.0693881390436,80.2001707490471,221
CMRL-sh13,13.0693717309469,80.2003141881387,222
CMRL-sh13,13.0693581775644,80.2003903053959,223
CMRL-sh13,13.0693300017921,80.2005192761708,224
CMRL-sh13,13.0692981679571,80.2006240586348,225
CMRL-sh13,13.0691603251292,80.2010218436971,226
CMRL-sh13,13.0690263777618,80.201346322723,227
CMRL-sh13,13.0690079552567,80.2013865455868,228
CMRL-sh13,13.0689832797927,80.2014510976888,229
CMRL-sh13,13.0689202729786,80.2016626197722,230
CMRL-sh13,13.0688444794825,80.2019431486278,231
CMRL-sh13,13.0688357797483,80.2019940883177,232
CMRL-sh13,13.0688159764182,80.2021205739896,233
CMRL-sh13,13.068483244784,80.2046822298081,234
CMRL-sh13,13.0684745024183,80.2047625942416,235
CMRL-sh13,13.0684658004453,80.2049152758516,236
CMRL-sh13,13.0684963636735,80.2067202426005,237
CMRL-sh13,13.0684898440688,80.2068811478692,238
CMRL-sh13,13.068459577101,80.207081726572,239
CMRL-sh13,13.0683928012908,80.2073693194313,240
CMRL-sh13,13.0683438656806,80.2074970663848,241
CMRL-sh13,13.0683082657115,80.2075837762775,242
CMRL-sh13,13.0682057479913,80.2077733830174,243
CMRL-sh13,13.0679920976726,80.208077299532,244
CMRL-sh13,13.0676980502091,80.2084943747454,245
CMRL-sh13,13.0673615023091,80.2090009024411,246
CMRL-sh13,13.0671784939432,80.2092640849551,247
CMRL-sh13,13.0668845081839,80.2096838999388,248
CMRL-sh13,13.0665913883909,80.210021085564,249
CMRL-sh13,13.0661094770802,80.2104421091395,250
CMRL-sh13,13.0654033779922,80.2109741114608,251
CMRL-sh13,13.0649198515783,80.2113052492588,252
CMRL-sh13,13.0648142873955,80.2113649158349,253
CMRL-sh13,13.0646402347597,80.2114513363426,254
CMRL-sh13,13.0644279943723,80.2115308452127,255
CMRL-sh13,13.0638096026469,80.211684811603,256
CMRL-sh13,13.0637671095574,80.2116942134531,257
CMRL-sh13,13.0636615047114,80.2117068125568,258
CMRL-sh13,13.0627015225003,80.2117223643733,259
CMRL-sh13,13.0613803206496,80.2116833085532,260
CMRL-sh13,13.0595448117131,80.2116074850505,261
CMRL-sh13,13.0583208747981,80.2115712921979,262
CMRL-sh13,13.0547200964212,80.2114856167695,263
CMRL-sh13,13.05465809148,80.2114870693625,264
CMRL-sh13,13.0544879062096,80.2115050935635,265
CMRL-sh13,13.0542839204542,80.211546673919,266
CMRL-sh13,13.0536687316997,80.2117133622272,267
CMRL-sh13,13.0522601288723,80.212094075295,268
CMRL-sh13,13.052201138339,80.2121074379856,269
CMRL-sh13,13.0520738692228,80.212124890266,270
CMRL-sh13,13.0518681754558,80.2121310546429,271
CMRL-sh13,13.0514414834966,80.2121228823017,272
CMRL-sh13,13.0498780139975,80.2120587779419,273
CMRL-sh13,13.0496561488292,80.2120514600243,274
CMRL-sh13,13.0494251401997,80.212062494105,275
CMRL-sh13,13.0485445112485,80.2121319896336,276
CMRL-sh13,13.0474664810052,80.212233307487,277
CMRL-sh13,13.0460936587611,80.2123063590275,278
CMRL-sh13,13.045075169228,80.212314833784,279
CMRL-sh13,13.0434946854988,80.2123349519734,280
CMRL-sh13,13.0433419811103,80.2123445258615,281
CMRL-sh13,13.0431700669655,80.2123498327074,282
CMRL-sh13,13.0428852981478,80.2123535266791,283
CMRL-sh13,13.0426176494561,80.2123428348577,284
CMRL-sh13,13.0417169792988,80.2123321442251,285
CMRL-sh13,13.0411109884174,80.2123366246977,286
CMRL-sh13,13.0404167474986,80.2123373876465,287
CMRL-sh13,13.039557825142,80.2123225563835,288
CMRL-sh13,13.037619285196,80.2123359362651,289
CMRL-sh13,13.0368932239615,80.2123508371154,290
CMRL-sh13,13.0367574382585,80.2123393546909,291
CMRL-sh13,13.0366027846406,80.212333169575,292
CMRL-sh13,13.0364096110918,80.212306325293,293
CMRL-sh13,13.036316336619,80.2122800605455,294
CMRL-sh13,13.0362336243996,80.2122307998939,295
CMRL-sh13,13.0361809305486,80.2121890122953,296
CMRL-sh13,13.0361455238961,80.2121585580042,297
CMRL-sh13,13.0361110980793,80.2121197999471,298
CMRL-sh13,13.0360841075612,80.2120823347058,299
CMRL-sh13,13.0359913625487,80.2119462836294,300
CMRL-sh13,13.0358718735438,80.2117385160551,301
CMRL-sh13,13.0351323392134,80.2102980106852,302
CMRL-sh13,13.0350939379401,80.2102331577783,303
CMRL-sh13,13.035017641451,80.2101176560612,304
CMRL-sh13,13.0349547969532,80.2100520035864,305
CMRL-sh13,13.0349246174885,80.2100219628906,306
CMRL-sh13,13.0347763183639,80.2099145224557,307
CMRL-sh13,13.0346416645682,80.2098492324908,308
CMRL-sh13,13.0346055232923,80.2098394327401,309
CMRL-sh13,13.0345622605276,80.2098245158842,310
CMRL-sh13,13.0343622533346,80.2097944638083,311
CMRL-sh13,13.0338793507888,80.2097940580277,312
CMRL-sh13,13.0334371541541,80.2097738449664,313
CMRL-sh13,13.032745359557,80.2096882699701,314
CMRL-sh13,13.0323939957486,80.2096457438526,315
CMRL-sh13,13.032170170931,80.2096029996085,316
CMRL-sh13,13.0318878669958,80.2095419314268,317
CMRL-sh13,13.0313102561864,80.2093878565962,318
CMRL-sh13,13.0297846252484,80.208934230183,319
CMRL-sh13,13.0290728326529,80.2087539324041,320
CMRL-sh13,13.0290332329117,80.2087446370763,321
CMRL-sh13,13.0289389328252,80.2087252800055,322
CMRL-sh13,13.0288160212926,80.2086983379308,323
CMRL-sh13,13.0286697150319,80.2086722828124,324
CMRL-sh13,13.0284767572791,80.2086231211513,325
CMRL-sh13,13.0282751085674,80.2085554824195,326
CMRL-sh13,13.028168056977,80.2084943962102,327
CMRL-sh13,13.028109183544,80.2084522988181,328
CMRL-sh13,13.0280390285205,80.2083990545418,329
CMRL-sh13,13.0279540731504,80.2083231678976,330
CMRL-sh13,13.0279042942695,80.2082859090338,331
CMRL-sh13,13.027675687106,80.2080788587964,332
CMRL-sh13,13.027451227128,80.2078582344652,333
CMRL-sh13,13.027306104274,80.2077346047163,334
CMRL-sh13,13.0272573297845,80.2076998377016,335
CMRL-sh13,13.0271393031085,80.2076237841342,336
CMRL-sh13,13.0263586712331,80.2071618768012,337
CMRL-sh13,13.0262753112161,80.2071220452406,338
CMRL-sh13,13.0261392535204,80.207070422347,339
CMRL-sh13,13.0259757713492,80.2070212848655,340
CMRL-sh13,13.0258405242953,80.2069858750605,341
CMRL-sh13,13.0256813441247,80.206958581953,342
CMRL-sh13,13.024977042386,80.2069287258144,343
CMRL-sh13,13.0249256794422,80.2069262118411,344
CMRL-sh13,13.0248764174823,80.2069210031986,345
CMRL-sh13,13.0247650015715,80.2069028116473,346
CMRL-sh13,13.0239607109862,80.2067169593643,347
CMRL-sh13,13.0227300213892,80.2064880120891,348
CMRL-sh13,13.021963697965,80.2064064326146,349
CMRL-sh13,13.0211175017074,80.2063650215906,350
CMRL-sh13,13.0203978435872,80.2063440735763,351
CMRL-sh13,13.0198427107642,80.206366878532,352
CMRL-sh13,13.0197912649482,80.2063638793905,353
CMRL-sh13,13.019637737739,80.2063362785244,354
CMRL-sh13,13.0195680547043,80.2063204047671,355
CMRL-sh13,13.0194451139166,80.2062854803071,356
CMRL-sh13,13.019013734493,80.2061473051878,357
CMRL-sh13,13.0182501348945,80.2058961482433,358
CMRL-sh13,13.0176660386678,80.2056822063594,359
CMRL-sh13,13.0157952603061,80.2050097725323,360
CMRL-sh13,13.0153592441947,80.2048524036093,361
CMRL-sh13,13.0152025592562,80.2047941731016,362
CMRL-sh13,13.0150442785076,80.2047397350459,363
CMRL-sh13,13.0121504302808,80.2037063486373,364
CMRL-sh13,13.0113442867415,80.2033995967688,365
CMRL-sh13,13.011284777338,80.2033800130921,366
CMRL-sh13,13.011169201943,80.2033433083197,367
CMRL-sh13,13.010891393408,80.2032691856045,368
CMRL-sh13,13.0104418563447,80.2031794111823,369
CMRL-sh13,13.010298772069,80.2031594562205,370
CMRL-sh13,13.0090875268475,80.2031431488069,371
CMRL-sh13,13.0083416215789,80.2031302845939,372
CMRL-sh13,13.0082903838936,80.2031254566419,373
CMRL-sh13,13.0081767754156,80.2031101962637,374
CMRL-sh13,13.0073801059722,80.202936477912,375
CMRL-sh13,13.0070857804165,80.2028530744782,376
CMRL-sh13,13.0066637304847,80.2026893813385,377
CMRL-sh13,13.0060083657784,80.2024080386949,378
CMRL-sh13,13.0057526985224,80.2022979961705,379
CMRL-sh13,13.0052524421579,80.2020546124733,380
CMRL-sh13,13.0049269846916,80.2019134117249,381
CMRL-sh13,13.0042359703321,80.2016020715567,382
CMRL-sh13,13.0035417150079,80.2012792977169,383
CMRL-sh13,13.0029335644084,80.200896376574,384
CMRL-sh13,13.0025109273023,80.2006368208407,385
CMRL-sh13,13.0023289965218,80.2005095275154,386
CMRL-sh13,13.0021364221589,80.2003554236355,387
CMRL-sh13,13.0020144781175,80.2002218703948,388
CMRL-sh13,13.0019318149273,80.2001140253564,389
CMRL-sh13,13.0018772478988,80.2000198777676,390
CMRL-sh13,13.0018560542085,80.199972837786,391
CMRL-sh13,13.0018160559032,80.1998452041308,392
CMRL-sh13,13.0017708579881,80.1996522101164,393
CMRL-sh13,13.0017484750181,80.1994853113986,394
CMRL-sh13,13.0017397521106,80.1993311943639,395
CMRL-sh13,13.0017505489578,80.1992339931378,396
CMRL-sh13,13.0017579368799,80.1991458230297,397
CMRL-sh13,13.0017649393792,80.1991149910383,398
CMRL-sh13,13.001789212278,80.1989980541798,399
CMRL-sh13,13.001831920847,80.1988305414744,400
CMRL-sh13,13.0019602128195,80.1981700053073,401
CMRL-sh13,13.0020184019742,80.1978082051399,402
CMRL-sh13,13.0020639931893,80.1974807966148,403
CMRL-sh13,13.0020741034896,80.1973141938392,404
CMRL-sh13,13.0020729716488,80.1971677743425,405
CMRL-sh13,13.0020571642157,80.1970606370065,406
CMRL-sh13,13.0020352658741,80.1969667232895,407
CMRL-sh13,13.0020017450413,80.1968706393989,408
CMRL-sh13,13.0019394730078,80.1967179509599,409
CMRL-sh13,13.0018776590204,80.1966023371942,410
CMRL-sh13,13.0016819769605,80.1962996737567,411
CMRL-sh13,13.0012913970575,80.1958218671766,412
CMRL-sh13,13.00094736845,80.1953843580764,413
CMRL-sh13,13.0004354970039,80.1947198034806,414
CMRL-sh13,12.9990895784154,80.1930298394236,415
CMRL-sh13,12.9981629989087,80.1918713309258,416
CMRL-sh13,12.9976233828517,80.1911722432229,417
CMRL-sh13,12.997543964251,80.1910508149241,418
CMRL-sh13,12.9974822834768,80.1909387404098,419
CMRL-sh13,12.9974034395778,80.1907911006626,420
CMRL-sh13,12.9973767087108,80.1907429680932,421
CMRL-sh13,12.9973215752799,80.1906511321866,422
CMRL-sh13,12.9972685703664,80.1905720824733,423
CMRL-sh13,12.9970735776899,80.1902974450478,424
CMRL-sh13,12.9964203264028,80.1895017865321,425
CMRL-sh13,12.9961493836192,80.1891743280604,426
CMRL-sh13,12.9958371578831,80.1887523384838,427
CMRL-sh13,12.9958216355429,80.1887282633869,428
CMRL-sh13,12.9957985049145,80.188694936839,429
CMRL-sh13,12.99576684307,80.1886386084507,430
CMRL-sh13,12.995697740854,80.1884922597085,431
CMRL-sh13,12.9955503563685,80.1882192089048,432
CMRL-sh13,12.9951486545649,80.1874323335033,433
CMRL-sh13,12.9949710503134,80.1870468857558,434
CMRL-sh13,12.994300294072,80.1857106607074,435
CMRL-sh13,12.9935306010651,80.1843071740902,436
CMRL-sh13,12.9933141198173,80.1839151791429,437
CMRL-sh13,12.9929322155899,80.1832542450204,438
CMRL-sh13,12.9924237309159,80.1824427138478,439
CMRL-sh13,12.9919652496068,80.1817668429503,440
CMRL-sh13,12.9912855414387,80.1809100545514,441
CMRL-sh13,12.9906485003957,80.1800589271476,442
CMRL-sh13,12.9902298406982,80.1795315634668,443
CMRL-sh13,12.9901440981355,80.1794289355179,444
CMRL-sh13,12.9900553965407,80.1793243054485,445
CMRL-sh13,12.9899537052371,80.1792229468983,446
CMRL-sh13,12.9892933733527,80.1785818166507,447
CMRL-sh13,12.9889958101496,80.1782737912566,448
CMRL-sh13,12.988870956504,80.1781201915951,449
CMRL-sh13,12.9887945429542,80.1780088020888,450
CMRL-sh13,12.9885146143975,80.1776051483962,451
CMRL-sh13,12.9875824323738,80.1763092157972,452
CMRL-sh13,12.9870201661999,80.1755064699491,453
CMRL-sh13,12.9863932080512,80.1746336368583,454
CMRL-sh13,12.9852068649201,80.1728984160718,455
CMRL-sh13,12.9842070735446,80.1711489508102,456
CMRL-sh13,12.9834496434134,80.1695840116432,457
CMRL-sh13,12.9821813769606,80.1671914054718,458
CMRL-sh13,12.9819284718664,80.1666491349796,459
CMRL-sh13,12.9809741797154,80.1641763799997,460
CMRL-sh13,12.980769733417,80.1636667008123,461
CMRL-sh14,12.980769733417,80.1636667008123,1
CMRL-sh14,12.9809741797154,80.1641763799997,2
CMRL-sh14,12.9819284718664,80.1666491349796,3
CMRL-sh14,12.9821813769606,80.1671914054718,4
CMRL-sh14,12.9834496434134,80.1695840116432,5
CMRL-sh14,12.9842070735446,80.1711489508102,6
CMRL-sh14,12.9852068649201,80.1728984160718,7
CMRL-sh14,12.9863932080512,80.1746336368583,8
CMRL-sh14,12.9870201661999,80.1755064699491,9
CMRL-sh14,12.9875824323738,80.1763092157972,10
CMRL-sh14,12.9885146143975,80.1776051483962,11
CMRL-sh14,12.9887945429542,80.1780088020888,12
CMRL-sh14,12.988870956504,80.1781201915951,13
CMRL-sh14,12.9889958101496,80.1782737912566,14
CMRL-sh14,12.9892933733527,80.1785818166507,15
CMRL-sh14,12.9899537052371,80.1792229468983,16
CMRL-sh14,12.9900553965407,80.1793243054485,17
CMRL-sh14,12.9901440981355,80.1794289355179,18
CMRL-sh14,12.9902298406982,80.1795315634668,19
CMRL-sh14,12.9906485003957,80.1800589271476,20
CMRL-sh14,12.9912855414387,80.1809100545514,21
CMRL-sh14,12.9919652496068,80.1817668429503,22
CMRL-sh14,12.9924237309159,80.1824427138478,23
CMRL-sh14,12.9929322155899,80.1832542450204,24
CMRL-sh14,12.9933141198173,80.1839151791429,25
CMRL-sh14,12.9935306010651,80.1843071740902,26
CMRL-sh14,12.994300294072,80.1857106607074,27
CMRL-sh14,12.9949710503134,80.1870468857558,28
CMRL-sh14,12.9951486545649,80.1874323335033,29
CMRL-sh14,12.9955503563685,80.1882192089048,30
CMRL-sh14,12.995697740854,80.1884922597085,31
CMRL-sh14,12.99576684307,80.1886386084507,32
CMRL-sh14,12.9957985049145,80.188694936839,33
CMRL-sh14,12.9958216355429,80.1887282633869,34
CMRL-sh14,12.9958371578831,80.1887523384838,35
CMRL-sh14,12.9961493836192,80.1891743280604,36
CMRL-sh14,12.9964203264028,80.1895017865321,37
CMRL-sh14,12.9970735776899,80.1902974450478,38
CMRL-sh14,12.9972685703664,80.1905720824733,39
CMRL-sh14,12.9973215752799,80.1906511321866,40
CMRL-sh14,12.9973767087108,80.1907429680932,41
CMRL-sh14,12.9974034395778,80.1907911006626,42
CMRL-sh14,12.9974822834768,80.1909387404098,43
CMRL-sh14,12.997543964251,80.1910508149241,44
CMRL-sh14,12.9976233828517,80.1911722432229,45
CMRL-sh14,12.9981629989087,80.1918713309258,46
CMRL-sh14,12.9990895784154,80.1930298394236,47
CMRL-sh14,13.0004354970039,80.1947198034806,48
CMRL-sh14,13.00094736845,80.1953843580764,49
CMRL-sh14,13.0012913970575,80.1958218671766,50
CMRL-sh14,13.0016819769605,80.1962996737567,51
CMRL-sh14,13.0018776590204,80.1966023371942,52
CMRL-sh14,13.0019394730078,80.1967179509599,53
CMRL-sh14,13.0020017450413,80.1968706393989,54
CMRL-sh14,13.0020352658741,80.1969667232895,55
CMRL-sh14,13.0020571642157,80.1970606370065,56
CMRL-sh14,13.0020729716488,80.1971677743425,57
CMRL-sh14,13.0020741034896,80.1973141938392,58
CMRL-sh14,13.0020639931893,80.1974807966148,59
CMRL-sh14,13.0020184019742,80.1978082051399,60
CMRL-sh14,13.0019602128195,80.1981700053073,61
CMRL-sh14,13.001831920847,80.1988305414744,62
CMRL-sh14,13.001789212278,80.1989980541798,63
CMRL-sh14,13.0017649393792,80.1991149910383,64
CMRL-sh14,13.0017579368799,80.1991458230297,65
CMRL-sh14,13.0017505489578,80.1992339931378,66
CMRL-sh14,13.0017397521106,80.1993311943639,67
CMRL-sh14,13.0017484750181,80.1994853113986,68
CMRL-sh14,13.0017708579881,80.1996522101164,69
CMRL-sh14,13.0018160559032,80.1998452041308,70
CMRL-sh14,13.0018560542085,80.199972837786,71
CMRL-sh14,13.0018772478988,80.2000198777676,72
CMRL-sh14,13.0019318149273,80.2001140253564,73
CMRL-sh14,13.0020144781175,80.2002218703948,74
CMRL-sh14,13.0021364221589,80.2003554236355,75
CMRL-sh14,13.0023289965218,80.2005095275154,76
CMRL-sh14,13.0025109273023,80.2006368208407,77
CMRL-sh14,13.0029335644084,80.200896376574,78
CMRL-sh14,13.0035417150079,80.2012792977169,79
CMRL-sh14,13.0042359703321,80.2016020715567,80
CMRL-sh14,13.0049269846916,80.2019134117249,81
CMRL-sh14,13.0052524421579,80.2020546124733,82
CMRL-sh14,13.0057526985224,80.2022979961705,83
CMRL-sh14,13.0060083657784,80.2024080386949,84
CMRL-sh14,13.0066637304847,80.2026893813385,85
CMRL-sh14,13.0070857804165,80.2028530744782,86
CMRL-sh14,13.0073801059722,80.202936477912,87
CMRL-sh14,13.0081767754156,80.2031101962637,88
CMRL-sh14,13.0082903838936,80.2031254566419,89
CMRL-sh14,13.0083416215789,80.2031302845939,90
CMRL-sh14,13.0090875268475,80.2031431488069,91
CMRL-sh14,13.010298772069,80.2031594562205,92
CMRL-sh14,13.0104418563447,80.2031794111823,93
CMRL-sh14,13.010891393408,80.2032691856045,94
CMRL-sh14,13.011169201943,80.2033433083197,95
CMRL-sh14,13.011284777338,80.2033800130921,96
CMRL-sh14,13.0113442867415,80.2033995967688,97
CMRL-sh14,13.0121504302808,80.2037063486373,98
CMRL-sh14,13.0150442785076,80.2047397350459,99
CMRL-sh14,13.0152025592562,80.2047941731016,100
CMRL-sh14,13.0153592441947,80.2048524036093,101
CMRL-sh14,13.0157952603061,80.2050097725323,102
CMRL-sh14,13.0176660386678,80.2056822063594,103
CMRL-sh14,13.0182501348945,80.2058961482433,104
CMRL-sh14,13.019013734493,80.2061473051878,105
CMRL-sh14,13.0194451139166,80.2062854803071,106
CMRL-sh14,13.0195680547043,80.2063204047671,107
CMRL-sh14,13.019637737739,80.2063362785244,108
CMRL-sh14,13.0197912649482,80.2063638793905,109
CMRL-sh14,13.0198427107642,80.206366878532,110
CMRL-sh14,13.0203978435872,80.2063440735763,111
CMRL-sh14,13.0211175017074,80.2063650215906,112
CMRL-sh14,13.021963697965,80.2064064326146,113
CMRL-sh14,13.0227300213892,80.2064880120891,114
CMRL-sh14,13.0239607109862,80.2067169593643,115
CMRL-sh14,13.0247650015715,80.2069028116473,116
CMRL-sh14,13.0248764174823,80.2069210031986,117
CMRL-sh14,13.0249256794422,80.2069262118411,118
CMRL-sh14,13.024977042386,80.2069287258144,119
CMRL-sh14,13.0256813441247,80.206958581953,120
CMRL-sh14,13.0258405242953,80.2069858750605,121
CMRL-sh14,13.0259757713492,80.2070212848655,122
CMRL-sh14,13.0261392535204,80.207070422347,123
CMRL-sh14,13.0262753112161,80.2071220452406,124
CMRL-sh14,13.0263586712331,80.2071618768012,125
CMRL-sh14,13.0271393031085,80.2076237841342,126
CMRL-sh14,13.0272573297845,80.2076998377016,127
CMRL-sh14,13.027306104274,80.2077346047163,128
CMRL-sh14,13.027451227128,80.2078582344652,129
CMRL-sh14,13.027675687106,80.2080788587964,130
CMRL-sh14,13.0279042942695,80.2082859090338,131
CMRL-sh14,13.0279540731504,80.2083231678976,132
CMRL-sh14,13.0280390285205,80.2083990545418,133
CMRL-sh14,13.028109183544,80.2084522988181,134
CMRL-sh14,13.028168056977,80.2084943962102,135
CMRL-sh14,13.0282751085674,80.2085554824195,136
CMRL-sh14,13.0284767572791,80.2086231211513,137
CMRL-sh14,13.0286697150319,80.2086722828124,138
CMRL-sh14,13.0288160212926,80.2086983379308,139
CMRL-sh14,13.0289389328252,80.2087252800055,140
CMRL-sh14,13.0290332329117,80.2087446370763,141
CMRL-sh14,13.0290728326529,80.2087539324041,142
CMRL-sh14,13.0297846252484,80.208934230183,143
CMRL-sh14,13.0313102561864,80.2093878565962,144
CMRL-sh14,13.0318878669958,80.2095419314268,145
CMRL-sh14,13.032170170931,80.2096029996085,146
CMRL-sh14,13.0323939957486,80.2096457438526,147
CMRL-sh14,13.032745359557,80.2096882699701,148
CMRL-sh14,13.0334371541541,80.2097738449664,149
CMRL-sh14,13.0338793507888,80.2097940580277,150
CMRL-sh14,13.0343622533346,80.2097944638083,151
CMRL-sh14,13.0345622605276,80.2098245158842,152
CMRL-sh14,13.0346055232923,80.2098394327401,153
CMRL-sh14,13.0346416645682,80.2098492324908,154
CMRL-sh14,13.0347763183639,80.2099145224557,155
CMRL-sh14,13.0349246174885,80.2100219628906,156
CMRL-sh14,13.0349547969532,80.2100520035864,157
CMRL-sh14,13.035017641451,80.2101176560612,158
CMRL-sh14,13.0350939379401,80.2102331577783,159
CMRL-sh14,13.0351323392134,80.2102980106852,160
CMRL-sh14,13.0358718735438,80.2117385160551,161
CMRL-sh14,13.0359913625487,80.2119462836294,162
CMRL-sh14,13.0360841075612,80.2120823347058,163
CMRL-sh14,13.0361110980793,80.2121197999471,164
CMRL-sh14,13.0361455238961,80.2121585580042,165
CMRL-sh14,13.0361809305486,80.2121890122953,166
CMRL-sh14,13.0362336243996,80.2122307998939,167
CMRL-sh14,13.036316336619,80.2122800605455,168
CMRL-sh14,13.0364096110918,80.212306325293,169
CMRL-sh14,13.0366027846406,80.212333169575,170
CMRL-sh14,13.0367574382585,80.2123393546909,171
CMRL-sh14,13.0368932239615,80.2123508371154,172
CMRL-sh14,13.037619285196,80.2123359362651,173
CMRL-sh14,13.039557825142,80.2123225563835,174
CMRL-sh14,13.0404167474986,80.2123373876465,175
CMRL-sh14,13.0411109884174,80.2123366246977,176
CMRL-sh14,13.0417169792988,80.2123321442251,177
CMRL-sh14,13.0426176494561,80.2123428348577,178
CMRL-sh14,13.0428852981478,80.2123535266791,179
CMRL-sh14,13.0431700669655,80.2123498327074,180
CMRL-sh14,13.0433419811103,80.2123445258615,181
CMRL-sh14,13.0434946854988,80.2123349519734,182
CMRL-sh14,13.045075169228,80.212314833784,183
CMRL-sh14,13.0460936587611,80.2123063590275,184
CMRL-sh14,13.0474664810052,80.212233307487,185
CMRL-sh14,13.0485445112485,80.2121319896336,186
CMRL-sh14,13.0494251401997,80.212062494105,187
CMRL-sh14,13.0496561488292,80.2120514600243,188
CMRL-sh14,13.0498780139975,80.2120587779419,189
CMRL-sh14,13.0514414834966,80.2121228823017,190
CMRL-sh14,13.0518681754558,80.2121310546429,191
CMRL-sh14,13.0520738692228,80.212124890266,192
CMRL-sh14,13.052201138339,80.2121074379856,193
CMRL-sh14,13.0522601288723,80.212094075295,194
CMRL-sh14,13.0536687316997,80.2117133622272,195
CMRL-sh14,13.0542839204542,80.211546673919,196
CMRL-sh14,13.0544879062096,80.2115050935635,197
CMRL-sh14,13.05465809148,80.2114870693625,198
CMRL-sh14,13.0547200964212,80.2114856167695,199
CMRL-sh14,13.0583208747981,80.2115712921979,200
CMRL-sh14,13.0595448117131,80.2116074850505,201
CMRL-sh14,13.0613803206496,80.2116833085532,202
CMRL-sh14,13.0627015225003,80.2117223643733,203
CMRL-sh14,13.0636615047114,80.2117068125568,204
CMRL-sh14,13.0637671095574,80.2116942134531,205
CMRL-sh14,13.0638096026469,80.211684811603,206
CMRL-sh14,13.0644279943723,80.2115308452127,207
CMRL-sh14,13.0646402347597,80.2114513363426,208
CMRL-sh14,13.0648142873955,80.2113649158349,209
CMRL-sh14,13.0649198515783,80.2113052492588,210
CMRL-sh14,13.0654033779922,80.2109741114608,211
CMRL-sh14,13.0661094770802,80.2104421091395,212
CMRL-sh14,13.0665913883909,80.210021085564,213
CMRL-sh14,13.0668845081839,80.2096838999388,214
CMRL-sh14,13.0671784939432,80.2092640849551,215
CMRL-sh14,13.0673615023091,80.2090009024411,216
CMRL-sh14,13.0676980502091,80.2084943747454,217
CMRL-sh14,13.0679920976726,80.208077299532,218
CMRL-sh14,13.0682057479913,80.2077733830174,219
CMRL-sh14,13.0683082657115,80.2075837762775,220
CMRL-sh14,13.0683438656806,80.2074970663848,221
CMRL-sh14,13.0683928012908,80.2073693194313,222
CMRL-sh14,13.068459577101,80.207081726572,223
CMRL-sh14,13.0684898440688,80.2068811478692,224
CMRL-sh14,13.0684963636735,80.2067202426005,225
CMRL-sh14,13.0684658004453,80.2049152758516,226
CMRL-sh14,13.0684745024183,80.2047625942416,227
CMRL-sh14,13.068483244784,80.2046822298081,228
CMRL-sh14,13.0688159764182,80.2021205739896,229
CMRL-sh14,13.0688357797483,80.2019940883177,230
CMRL-sh14,13.0688444794825,80.2019431486278,231
CMRL-sh14,13.0689202729786,80.2016626197722,232
CMRL-sh14,13.0689832797927,80.2014510976888,233
CMRL-sh14,13.0690079552567,80.2013865455868,234
CMRL-sh14,13.0690263777618,80.201346322723,235
CMRL-sh14,13.0691603251292,80.2010218436971,236
CMRL-sh14,13.0692981679571,80.2006240586348,237
CMRL-sh14,13.0693300017921,80.2005192761708,238
CMRL-sh14,13.0693581775644,80.2003903053959,239
CMRL-sh14,13.0693717309469,80.2003141881387,240
CMRL-sh14,13.0693881390436,80.2001707490471,241
CMRL-sh14,13.069418909681,80.1998885705235,242
CMRL-sh14,13.0694274530174,80.1997661061847,243
CMRL-sh14,13.0694332421167,80.1996575922481,244
CMRL-sh14,13.0694366675954,80.1993397878884,245
CMRL-sh14,13.0693925526281,80.1970039828922,246
CMRL-sh14,13.0693791430008,80.196230825709,247
CMRL-sh14,13.0693801343766,80.1961418413667,248
CMRL-sh14,13.069379586213,80.1960680298102,249
CMRL-sh14,13.069400735895,80.1959114628915,250
CMRL-sh14,13.0694184021828,80.1958246767839,251
CMRL-sh14,13.0694459995825,80.1957227861489,252
CMRL-sh14,13.0694733673661,80.195627989597,253
CMRL-sh14,13.069506257754,80.195525329923,254
CMRL-sh14,13.0695476054389,80.1954441114688,255
CMRL-sh14,13.0695902391429,80.1953566022737,256
CMRL-sh14,13.0696537574391,80.1952671462478,257
CMRL-sh14,13.0697179731933,80.1951949316641,258
CMRL-sh14,13.0699279040725,80.1950109439774,259
CMRL-sh14,13.0700426039734,80.1949380732425,260
CMRL-sh14,13.0700642589641,80.1949260685155,261
CMRL-sh14,13.0700915506742,80.194913623505,262
CMRL-sh14,13.0702303140165,80.1948750246437,263
CMRL-sh14,13.070281722711,80.1948675297845,264
CMRL-sh14,13.0745901250453,80.194851065477,265
CMRL-sh14,13.0758490069468,80.1948393547781,266
CMRL-sh14,13.0759819092226,80.1948394281819,267
CMRL-sh14,13.0760387987513,80.1948386983471,268
CMRL-sh14,13.0760842505795,80.1948411085699,269
CMRL-sh14,13.0761383609361,80.1948488603168,270
CMRL-sh14,13.076680388185,80.194929899997,271
CMRL-sh14,13.0769013651459,80.1949652700218,272
CMRL-sh14,13.0771622212994,80.1950273674558,273
CMRL-sh14,13.0772428783088,80.1950620147639,274
CMRL-sh14,13.0773477560846,80.1951181110019,275
CMRL-sh14,13.0773872455411,80.1951457610192,276
CMRL-sh14,13.0775415362412,80.1952579073614,277
CMRL-sh14,13.0776013812233,80.1953155869965,278
CMRL-sh14,13.077752411801,80.1955037999433,279
CMRL-sh14,13.0777947146557,80.195583436232,280
CMRL-sh14,13.077810866925,80.1956252936194,281
CMRL-sh14,13.0778731152355,80.1958900357866,282
CMRL-sh14,13.0779347285059,80.1964049522336,283
CMRL-sh14,13.077990485973,80.1968168441069,284
CMRL-sh14,13.0780152171818,80.1970868934675,285
CMRL-sh14,13.0780329115208,80.1972842862643,286
CMRL-sh14,13.0780558789858,80.1974771034666,287
CMRL-sh14,13.0780963543569,80.1976826181872,288
CMRL-sh14,13.0781572260531,80.1978381930349,289
CMRL-sh14,13.0782179699427,80.1979308853809,290
CMRL-sh14,13.0784388073324,80.198150160625,291
CMRL-sh14,13.0786076799674,80.1982826160941,292
CMRL-sh14,13.0786538943364,80.1983145192648,293
CMRL-sh14,13.0787009178501,80.198342499503,294
CMRL-sh14,13.0787351062295,80.1983645121682,295
CMRL-sh14,13.0788336177209,80.1984060153841,296
CMRL-sh14,13.0789914430804,80.1984596701586,297
CMRL-sh14,13.0791019843294,80.1984907231802,298
CMRL-sh14,13.0791594695523,80.1985038678595,299
CMRL-sh14,13.0792205166562,80.1985085467371,300
CMRL-sh14,13.0793361762999,80.1985180066767,301
CMRL-sh14,13.0793873642194,80.1985163417169,302
CMRL-sh14,13.0819056800472,80.1984024918475,303
CMRL-sh14,13.0821207262485,80.1984010471913,304
CMRL-sh14,13.0823681166392,80.1984017331731,305
CMRL-sh14,13.0825959241258,80.1984144942993,306
CMRL-sh14,13.0829471566961,80.1984328585279,307
CMRL-sh14,13.0831300241321,80.1984477488754,308
CMRL-sh14,13.0832595615091,80.1984601461763,309
CMRL-sh14,13.0834845864454,80.1984896757545,310
CMRL-sh14,13.0837250084622,80.1985232963565,311
CMRL-sh14,13.083877514006,80.1985562779364,312
CMRL-sh14,13.0839449644628,80.1985777784357,313
CMRL-sh14,13.0840812981666,80.1986234409575,314
CMRL-sh14,13.0842108435009,80.1986923056397,315
CMRL-sh14,13.0844384198381,80.1988430627836,316
CMRL-sh14,13.0846875290981,80.1990357855354,317
CMRL-sh14,13.0848741047213,80.1992527310006,318
CMRL-sh14,13.0850193423269,80.1994710274585,319
CMRL-sh14,13.0851127753385,80.1996905046985,320
CMRL-sh14,13.0851898116511,80.1998786705445,321
CMRL-sh14,13.0852165542239,80.1999741007885,322
CMRL-sh14,13.0852309406834,80.2000410508953,323
CMRL-sh14,13.0852439277235,80.2001097360367,324
CMRL-sh14,13.0852492386129,80.2001389066524,325
CMRL-sh14,13.0852581348295,80.2001817257651,326
CMRL-sh14,13.0852695106193,80.2002664192916,327
CMRL-sh14,13.0852802345776,80.2003544607282,328
CMRL-sh14,13.0852829144198,80.2004425218873,329
CMRL-sh14,13.0852749744661,80.2009752424641,330
CMRL-sh14,13.0850023762631,80.2082965313316,331
CMRL-sh14,13.084717045005,80.2158028275415,332
CMRL-sh14,13.0846527328955,80.2184794907368,333
CMRL-sh14,13.0845602718067,80.2205908461328,334
CMRL-sh14,13.0845551031718,80.2207551647807,335
CMRL-sh14,13.0844898919369,80.2220503185132,336
CMRL-sh14,13.0844457884903,80.2227385514569,337
CMRL-sh14,13.0843704833088,80.2232490071694,338
CMRL-sh14,13.0842789201367,80.2235395833024,339
CMRL-sh14,13.0841399846328,80.2238491248393,340
CMRL-sh14,13.0840089574367,80.2241092854707,341
CMRL-sh14,13.0839178097782,80.2242936765456,342
CMRL-sh14,13.0838502822102,80.2244177722571,343
CMRL-sh14,13.0837929860116,80.2245068664053,344
CMRL-sh14,13.0834927015061,80.2248666643921,345
CMRL-sh14,13.0832043930036,80.2250979239493,346
CMRL-sh14,13.082784519342,80.2253078185856,347
CMRL-sh14,13.082516005755,80.2253756240994,348
CMRL-sh14,13.0822138225303,80.2253997625393,349
CMRL-sh14,13.0813792663251,80.2253737603326,350
CMRL-sh14,13.0810144533349,80.2253442057731,351
CMRL-sh14,13.0799062242026,80.2252373500393,352
CMRL-sh14,13.0773640165334,80.2250380669282,353
CMRL-sh14,13.0767451749145,80.2249748372224,354
CMRL-sh14,13.076512728613,80.2249579261736,355
CMRL-sh14,13.0763795200867,80.2249564828308,356
CMRL-sh14,13.0763089048369,80.2249607869753,357
CMRL-sh14,13.0762604372359,80.2249676048935,358
CMRL-sh14,13.0761853807314,80.2249787730219,359
CMRL-sh14,13.0761259319866,80.2249926997195,360
CMRL-sh14,13.0760762549242,80.2250106663033,361
CMRL-sh14,13.0759131463966,80.2250749756753,362
CMRL-sh14,13.07574730354,80.22517136214,363
CMRL-sh14,13.075519565647,80.2253413421374,364
CMRL-sh14,13.0753795854198,80.2254484713077,365
CMRL-sh14,13.0753053988434,80.2255140702137,366
CMRL-sh14,13.0752104312926,80.225593753834,367
CMRL-sh14,13.0750931831451,80.2257129988305,368
CMRL-sh14,13.0750307007577,80.2257734613736,369
CMRL-sh14,13.074943254276,80.2258898999184,370
CMRL-sh14,13.0748434583555,80.2260577684949,371
CMRL-sh14,13.0747356949253,80.2263164873497,372
CMRL-sh14,13.0746757470411,80.2265259677091,373
CMRL-sh14,13.074633904686,80.2267645320709,374
CMRL-sh14,13.0746135231109,80.2269600903897,375
CMRL-sh14,13.0746241529918,80.2273921018046,376
CMRL-sh14,13.0746404818291,80.2277258575053,377
CMRL-sh14,13.0747797292218,80.2293247809092,378
CMRL-sh14,13.0748413637399,80.2304686800412,379
CMRL-sh14,13.0748641419344,80.230672823351,380
CMRL-sh14,13.0748863390539,80.2308837211778,381
CMRL-sh14,13.074917828473,80.2310782980884,382
CMRL-sh14,13.0749635456958,80.2313791500817,383
CMRL-sh14,13.0749946719663,80.2315212357204,384
CMRL-sh14,13.0750558863933,80.2317693815043,385
CMRL-sh14,13.0751539093567,80.232147334215,386
CMRL-sh14,13.0754287516421,80.2333956268594,387
CMRL-sh14,13.0757852332816,80.2345166579605,388
CMRL-sh14,13.0758674276509,80.2347198124703,389
CMRL-sh14,13.0758962011386,80.2347797395654,390
CMRL-sh14,13.0759308012522,80.2348400386652,391
CMRL-sh14,13.075991737984,80.2349478671967,392
CMRL-sh14,13.0760269217408,80.2350422487679,393
CMRL-sh14,13.0760882288699,80.2352719988311,394
CMRL-sh14,13.0761293614148,80.2354491432563,395
CMRL-sh14,13.0765324602388,80.2376480500788,396
CMRL-sh14,13.0769958184992,80.2396547533954,397
CMRL-sh14,13.0774284071177,80.2414270455418,398
CMRL-sh14,13.0774752241081,80.2416611356069,399
CMRL-sh14,13.0776080232838,80.2426269833761,400
CMRL-sh14,13.0778218967013,80.2440628179757,401
CMRL-sh14,13.0778308015825,80.2441616630537,402
CMRL-sh14,13.0778369565919,80.2442664203689,403
CMRL-sh14,13.0779136138791,80.245267679442,404
CMRL-sh14,13.0780070445245,80.246261142349,405
CMRL-sh14,13.0780292482511,80.2464422706638,406
CMRL-sh14,13.0780731267629,80.2466636813498,407
CMRL-sh14,13.0782480838489,80.2474561765245,408
CMRL-sh14,13.0784795080874,80.2486705177219,409
CMRL-sh14,13.078643326122,80.2501146573165,410
CMRL-sh14,13.0787565224071,80.2517715975624,411
CMRL-sh14,13.0787670304383,80.2520589407219,412
CMRL-sh14,13.0787592716133,80.2529554601017,413
CMRL-sh14,13.0787637179668,80.2530618495271,414
CMRL-sh14,13.07880285112,80.253583010019,415
CMRL-sh14,13.0788918533007,80.2543176336029,416
CMRL-sh14,13.0789984625174,80.2552715071531,417
CMRL-sh14,13.0790071634319,80.2554142137408,418
CMRL-sh14,13.0790058030392,80.2560555589383,419
CMRL-sh14,13.079002188152,80.2561775034463,420
CMRL-sh14,13.0789949827009,80.256229236698,421
CMRL-sh14,13.0789823635094,80.256402010563,422
CMRL-sh14,13.0788172363996,80.2578752837711,423
CMRL-sh14,13.0787900604581,80.2580710513518,424
CMRL-sh14,13.0787145123322,80.2587322068949,425
CMRL-sh14,13.0786706207361,80.2592656601084,426
CMRL-sh14,13.0786653524595,80.2595384860529,427
CMRL-sh14,13.0786776401611,80.259677338704,428
CMRL-sh14,13.0786880961004,80.259742665463,429
CMRL-sh14,13.0787521042703,80.2600056534188,430
CMRL-sh14,13.0792432195666,80.2619346885079,431
CMRL-sh14,13.0792638600977,80.2620878877602,432
CMRL-sh14,13.079269486247,80.2621941057913,433
CMRL-sh14,13.0792632757366,80.2622985276935,434
CMRL-sh14,13.0792581536405,80.2623405907694,435
CMRL-sh14,13.0792387068591,80.2624406813281,436
CMRL-sh14,13.0792121212754,80.2625559648611,437
CMRL-sh14,13.0791678519293,80.2627317441821,438
CMRL-sh14,13.0791292364786,80.2628724665668,439
CMRL-sh14,13.0790067735908,80.2634233358294,440
CMRL-sh14,13.0789142734766,80.2638974859737,441
CMRL-sh14,13.0787559671527,80.2647166400459,442
CMRL-sh14,13.0786734453813,80.2652524218579,443
CMRL-sh14,13.0786596848403,80.2654878995147,444
CMRL-sh14,13.0786826542859,80.2656972772,445
CMRL-sh14,13.078719473696,80.265888358006,446
CMRL-sh14,13.0787963511512,80.2661649271054,447
CMRL-sh14,13.078871863775,80.2664643330414,448
CMRL-sh14,13.0789313289281,80.2666534989339,449
CMRL-sh14,13.0790017053361,80.2668708095062,450
CMRL-sh14,13.0791037160657,80.267138644019,451
CMRL-sh14,13.0796576785252,80.268264414896,452
CMRL-sh14,13.0799261608745,80.2687545755538,453
CMRL-sh14,13.0809802434201,80.2708248071993,454
CMRL-sh14,13.0810238090726,80.2709443332532,455
CMRL-sh14,13.0810509938048,80.2710349830843,456
CMRL-sh14,13.0810910558667,80.2711853622021,457
CMRL-sh14,13.0812191616375,80.271745606467,458
CMRL-sh14,13.0813330337563,80.2723545975004,459
CMRL-sh14,13.0817040878949,80.2742679060366,460
CMRL-sh14,13.0818077443607,80.2747915135679,461
CMRL-sh15,13.0733611111111,80.194875,1
CMRL-sh15,13.070281722711,80.1948675297845,2
CMRL-sh15,13.0702303140165,80.1948750246437,3
CMRL-sh15,13.0700915506742,80.194913623505,4
CMRL-sh15,13.0700642589641,80.1949260685155,5
CMRL-sh15,13.0700426039734,80.1949380732425,6
CMRL-sh15,13.0699279040725,80.1950109439774,7
CMRL-sh15,13.0697179731933,80.1951949316641,8
CMRL-sh15,13.0696537574391,80.1952671462478,9
CMRL-sh15,13.0695902391429,80.1953566022737,10
CMRL-sh15,13.0695476054389,80.1954441114688,11
CMRL-sh15,13.069506257754,80.195525329923,12
CMRL-sh15,13.0694733673661,80.195627989597,13
CMRL-sh15,13.0694459995825,80.1957227861489,14
CMRL-sh15,13.0694184021828,80.1958246767839,15
CMRL-sh15,13.069400735895,80.1959114628915,16
CMRL-sh15,13.069379586213,80.1960680298102,17
CMRL-sh15,13.0693801343766,80.1961418413667,18
CMRL-sh15,13.0693791430008,80.196230825709,19
CMRL-sh15,13.0693925526281,80.1970039828922,20
CMRL-sh15,13.0694366675954,80.1993397878884,21
CMRL-sh15,13.0694332421167,80.1996575922481,22
CMRL-sh15,13.0694274530174,80.1997661061847,23
CMRL-sh15,13.069418909681,80.1998885705235,24
CMRL-sh15,13.0693881390436,80.2001707490471,25
CMRL-sh15,13.0693717309469,80.2003141881387,26
CMRL-sh15,13.0693581775644,80.2003903053959,27
CMRL-sh15,13.0693300017921,80.2005192761708,28
CMRL-sh15,13.0692981679571,80.2006240586348,29
CMRL-sh15,13.0691603251292,80.2010218436971,30
CMRL-sh15,13.0690263777618,80.201346322723,31
CMRL-sh15,13.0690079552567,80.2013865455868,32
CMRL-sh15,13.0689832797927,80.2014510976888,33
CMRL-sh15,13.0689202729786,80.2016626197722,34
CMRL-sh15,13.0688444794825,80.2019431486278,35
CMRL-sh15,13.0688357797483,80.2019940883177,36
CMRL-sh15,13.0688159764182,80.2021205739896,37
CMRL-sh15,13.068483244784,80.2046822298081,38
CMRL-sh15,13.0684745024183,80.2047625942416,39
CMRL-sh15,13.0684658004453,80.2049152758516,40
CMRL-sh15,13.0684963636735,80.2067202426005,41
CMRL-sh15,13.0684898440688,80.2068811478692,42
CMRL-sh15,13.068459577101,80.207081726572,43
CMRL-sh15,13.0683928012908,80.2073693194313,44
CMRL-sh15,13.0683438656806,80.2074970663848,45
CMRL-sh15,13.0683082657115,80.2075837762775,46
CMRL-sh15,13.0682057479913,80.2077733830174,47
CMRL-sh15,13.0679920976726,80.208077299532,48
CMRL-sh15,13.0676980502091,80.2084943747454,49
CMRL-sh15,13.0673615023091,80.2090009024411,50
CMRL-sh15,13.0671784939432,80.2092640849551,51
CMRL-sh15,13.0668845081839,80.2096838999388,52
CMRL-sh15,13.0665913883909,80.210021085564,53
CMRL-sh15,13.0661094770802,80.2104421091395,54
CMRL-sh15,13.0654033779922,80.2109741114608,55
CMRL-sh15,13.0649198515783,80.2113052492588,56
CMRL-sh15,13.0648142873955,80.2113649158349,57
CMRL-sh15,13.0646402347597,80.2114513363426,58
CMRL-sh15,13.0644279943723,80.2115308452127,59
CMRL-sh15,13.0638096026469,80.211684811603,60
CMRL-sh15,13.0637671095574,80.2116942134531,61
CMRL-sh15,13.0636615047114,80.2117068125568,62
CMRL-sh15,13.0627015225003,80.2117223643733,63
CMRL-sh15,13.0613803206496,80.2116833085532,64
CMRL-sh15,13.0595448117131,80.2116074850505,65
CMRL-sh15,13.0583208747981,80.2115712921979,66
CMRL-sh15,13.0547200964212,80.2114856167695,67
CMRL-sh15,13.05465809148,80.2114870693625,68
CMRL-sh15,13.0544879062096,80.2115050935635,69
CMRL-sh15,13.0542839204542,80.211546673919,70
CMRL-sh15,13.0536687316997,80.2117133622272,71
CMRL-sh15,13.0522601288723,80.212094075295,72
CMRL-sh15,13.052201138339,80.2121074379856,73
CMRL-sh15,13.0520738692228,80.212124890266,74
CMRL-sh15,13.0518681754558,80.2121310546429,75
CMRL-sh15,13.0514414834966,80.2121228823017,76
CMRL-sh15,13.0498780139975,80.2120587779419,77
CMRL-sh15,13.0496561488292,80.2120514600243,78
CMRL-sh15,13.0494251401997,80.212062494105,79
CMRL-sh15,13.0485445112485,80.2121319896336,80
CMRL-sh15,13.0474664810052,80.212233307487,81
CMRL-sh15,13.0460936587611,80.2123063590275,82
CMRL-sh15,13.045075169228,80.212314833784,83
CMRL-sh15,13.0434946854988,80.2123349519734,84
CMRL-sh15,13.0433419811103,80.2123445258615,85
CMRL-sh15,13.0431700669655,80.2123498327074,86
CMRL-sh15,13.0428852981478,80.2123535266791,87
CMRL-sh15,13.0426176494561,80.2123428348577,88
CMRL-sh15,13.0417169792988,80.2123321442251,89
CMRL-sh15,13.0411109884174,80.2123366246977,90
CMRL-sh15,13.0404167474986,80.2123373876465,91
CMRL-sh15,13.039557825142,80.2123225563835,92
CMRL-sh15,13.037619285196,80.2123359362651,93
CMRL-sh15,13.0368932239615,80.2123508371154,94
CMRL-sh15,13.0367574382585,80.2123393546909,95
CMRL-sh15,13.0366027846406,80.212333169575,96
CMRL-sh15,13.0364096110918,80.212306325293,97
CMRL-sh15,13.036316336619,80.2122800605455,98
CMRL-sh15,13.0362336243996,80.2122307998939,99
CMRL-sh15,13.0361809305486,80.2121890122953,100
CMRL-sh15,13.0361455238961,80.2121585580042,101
CMRL-sh15,13.0361110980793,80.2121197999471,102
CMRL-sh15,13.0360841075612,80.2120823347058,103
CMRL-sh15,13.0359913625487,80.2119462836294,104
CMRL-sh15,13.0358718735438,80.2117385160551,105
CMRL-sh15,13.0351323392134,80.2102980106852,106
CMRL-sh15,13.0350939379401,80.2102331577783,107
CMRL-sh15,13.035017641451,80.2101176560612,108
CMRL-sh15,13.0349547969532,80.2100520035864,109
CMRL-sh15,13.0349246174885,80.2100219628906,110
CMRL-sh15,13.0347763183639,80.2099145224557,111
CMRL-sh15,13.0346416645682,80.2098492324908,112
CMRL-sh15,13.0346055232923,80.2098394327401,113
CMRL-sh15,13.0345622605276,80.2098245158842,114
CMRL-sh15,13.0343622533346,80.2097944638083,115
CMRL-sh15,13.0338793507888,80.2097940580277,116
CMRL-sh15,13.0334371541541,80.2097738449664,117
CMRL-sh15,13.032745359557,80.2096882699701,118
CMRL-sh15,13.0323939957486,80.2096457438526,119
CMRL-sh15,13.032170170931,80.2096029996085,120
CMRL-sh15,13.0318878669958,80.2095419314268,121
CMRL-sh15,13.0313102561864,80.2093878565962,122
CMRL-sh15,13.0297846252484,80.208934230183,123
CMRL-sh15,13.0290728326529,80.2087539324041,124
CMRL-sh15,13.0290332329117,80.2087446370763,125
CMRL-sh15,13.0289389328252,80.2087252800055,126
CMRL-sh15,13.0288160212926,80.2086983379308,127
CMRL-sh15,13.0286697150319,80.2086722828124,128
CMRL-sh15,13.0284767572791,80.2086231211513,129
CMRL-sh15,13.0282751085674,80.2085554824195,130
CMRL-sh15,13.028168056977,80.2084943962102,131
CMRL-sh15,13.028109183544,80.2084522988181,132
CMRL-sh15,13.0280390285205,80.2083990545418,133
CMRL-sh15,13.0279540731504,80.2083231678976,134
CMRL-sh15,13.0279042942695,80.2082859090338,135
CMRL-sh15,13.027675687106,80.2080788587964,136
CMRL-sh15,13.027451227128,80.2078582344652,137
CMRL-sh15,13.027306104274,80.2077346047163,138
CMRL-sh15,13.0272573297845,80.2076998377016,139
CMRL-sh15,13.0271393031085,80.2076237841342,140
CMRL-sh15,13.0263586712331,80.2071618768012,141
CMRL-sh15,13.0262753112161,80.2071220452406,142
CMRL-sh15,13.0261392535204,80.207070422347,143
CMRL-sh15,13.0259757713492,80.2070212848655,144
CMRL-sh15,13.0258405242953,80.2069858750605,145
CMRL-sh15,13.0256813441247,80.206958581953,146
CMRL-sh15,13.024977042386,80.2069287258144,147
CMRL-sh15,13.0249256794422,80.2069262118411,148
CMRL-sh15,13.0248764174823,80.2069210031986,149
CMRL-sh15,13.0247650015715,80.2069028116473,150
CMRL-sh15,13.0239607109862,80.2067169593643,151
CMRL-sh15,13.0227300213892,80.2064880120891,152
CMRL-sh15,13.021963697965,80.2064064326146,153
CMRL-sh15,13.0211175017074,80.2063650215906,154
CMRL-sh15,13.0203978435872,80.2063440735763,155
CMRL-sh15,13.0198427107642,80.206366878532,156
CMRL-sh15,13.0197912649482,80.2063638793905,157
CMRL-sh15,13.019637737739,80.2063362785244,158
CMRL-sh15,13.0195680547043,80.2063204047671,159
CMRL-sh15,13.0194451139166,80.2062854803071,160
CMRL-sh15,13.019013734493,80.2061473051878,161
CMRL-sh15,13.0182501348945,80.2058961482433,162
CMRL-sh15,13.0176660386678,80.2056822063594,163
CMRL-sh15,13.0157952603061,80.2050097725323,164
CMRL-sh15,13.0153592441947,80.2048524036093,165
CMRL-sh15,13.0152025592562,80.2047941731016,166
CMRL-sh15,13.0150442785076,80.2047397350459,167
CMRL-sh15,13.0121504302808,80.2037063486373,168
CMRL-sh15,13.0113442867415,80.2033995967688,169
CMRL-sh15,13.011284777338,80.2033800130921,170
CMRL-sh15,13.011169201943,80.2033433083197,171
CMRL-sh15,13.010891393408,80.2032691856045,172
CMRL-sh15,13.0104418563447,80.2031794111823,173
CMRL-sh15,13.010298772069,80.2031594562205,174
CMRL-sh15,13.0090875268475,80.2031431488069,175
CMRL-sh15,13.0083416215789,80.2031302845939,176
CMRL-sh15,13.0082903838936,80.2031254566419,177
CMRL-sh15,13.0081767754156,80.2031101962637,178
CMRL-sh15,13.0073801059722,80.202936477912,179
CMRL-sh15,13.0070857804165,80.2028530744782,180
CMRL-sh15,13.0066637304847,80.2026893813385,181
CMRL-sh15,13.0060083657784,80.2024080386949,182
CMRL-sh15,13.0057526985224,80.2022979961705,183
CMRL-sh15,13.0052524421579,80.2020546124733,184
CMRL-sh15,13.0049269846916,80.2019134117249,185
CMRL-sh15,13.0042359703321,80.2016020715567,186
CMRL-sh15,13.0035417150079,80.2012792977169,187
CMRL-sh15,13.0034646483543,80.2012430555646,188
CMRL-sh15,13.0033563488452,80.2011891512392,189
CMRL-sh15,13.0032900328938,80.2011511396599,190
CMRL-sh15,13.0029221765191,80.2009196072267,191
CMRL-sh15,13.0028521490578,80.200883896441,192
CMRL-sh15,13.0027422830231,80.2008278822829,193
CMRL-sh15,13.0026938046245,80.2008073727233,194
CMRL-sh15,13.0020875013479,80.200618991929,195
CMRL-sh15,13.0014191620643,80.2005158328979,196
CMRL-sh15,13.0004099917352,80.2004962187693,197
CMRL-sh15,12.9990663061109,80.2005000858396,198
CMRL-sh15,12.9974691014187,80.2006154777887,199
CMRL-sh15,12.997159112691,80.2006054156039,200
CMRL-sh15,12.9967913776784,80.2005662028275,201
CMRL-sh15,12.9964542643968,80.2005309586025,202
CMRL-sh15,12.9961280940965,80.200485487997,203
CMRL-sh15,12.9958818110895,80.2003880283331,204
CMRL-sh15,12.9956953707728,80.2001780861758,205
CMRL-sh15,12.9955188022029,80.1998553582424,206
CMRL-sh15,12.9953248791002,80.1993375307196,207
CMRL-sh15,12.9951808211333,80.1988922631936,208
CMRL-sh15,12.995061718016,80.1984055409215,209
CMRL-sh15,12.9949166959015,80.1979413774769,210
CMRL-sh15,12.9946171052745,80.1969508349426,211
CMRL-sh16,13.0684826617331,80.2039458648564,1
CMRL-sh16,13.068483244784,80.2046822298081,2
CMRL-sh16,13.0684745024183,80.2047625942416,3
CMRL-sh16,13.0684658004453,80.2049152758516,4
CMRL-sh16,13.0684963636735,80.2067202426005,5
CMRL-sh16,13.0684898440688,80.2068811478692,6
CMRL-sh16,13.068459577101,80.207081726572,7
CMRL-sh16,13.0683928012908,80.2073693194313,8
CMRL-sh16,13.0683438656806,80.2074970663848,9
CMRL-sh16,13.0683082657115,80.2075837762775,10
CMRL-sh16,13.0682057479913,80.2077733830174,11
CMRL-sh16,13.0679920976726,80.208077299532,12
CMRL-sh16,13.0676980502091,80.2084943747454,13
CMRL-sh16,13.0673615023091,80.2090009024411,14
CMRL-sh16,13.0671784939432,80.2092640849551,15
CMRL-sh16,13.0668845081839,80.2096838999388,16
CMRL-sh16,13.0665913883909,80.210021085564,17
CMRL-sh16,13.0661094770802,80.2104421091395,18
CMRL-sh16,13.0654033779922,80.2109741114608,19
CMRL-sh16,13.0649198515783,80.2113052492588,20
CMRL-sh16,13.0648142873955,80.2113649158349,21
CMRL-sh16,13.0646402347597,80.2114513363426,22
CMRL-sh16,13.0644279943723,80.2115308452127,23
CMRL-sh16,13.0638096026469,80.211684811603,24
CMRL-sh16,13.0637671095574,80.2116942134531,25
CMRL-sh16,13.0636615047114,80.2117068125568,26
CMRL-sh16,13.0627015225003,80.2117223643733,27
CMRL-sh16,13.0613803206496,80.2116833085532,28
CMRL-sh16,13.0595448117131,80.2116074850505,29
CMRL-sh16,13.0583208747981,80.2115712921979,30
CMRL-sh16,13.0547200964212,80.2114856167695,31
CMRL-sh16,13.05465809148,80.2114870693625,32
CMRL-sh16,13.0544879062096,80.2115050935635,33
CMRL-sh16,13.0542839204542,80.211546673919,34
CMRL-sh16,13.0536687316997,80.2117133622272,35
CMRL-sh16,13.0522601288723,80.212094075295,36
CMRL-sh16,13.052201138339,80.2121074379856,37
CMRL-sh16,13.0520738692228,80.212124890266,38
CMRL-sh16,13.0518681754558,80.2121310546429,39
CMRL-sh16,13.0514414834966,80.2121228823017,40
CMRL-sh16,13.0498780139975,80.2120587779419,41
CMRL-sh16,13.0496561488292,80.2120514600243,42
CMRL-sh16,13.0494251401997,80.212062494105,43
CMRL-sh16,13.0485445112485,80.2121319896336,44
CMRL-sh16,13.0474664810052,80.212233307487,45
CMRL-sh16,13.0460936587611,80.2123063590275,46
CMRL-sh16,13.045075169228,80.212314833784,47
CMRL-sh16,13.0434946854988,80.2123349519734,48
CMRL-sh16,13.0433419811103,80.2123445258615,49
CMRL-sh16,13.0431700669655,80.2123498327074,50
CMRL-sh16,13.0428852981478,80.2123535266791,51
CMRL-sh16,13.0426176494561,80.2123428348577,52
CMRL-sh16,13.0417169792988,80.2123321442251,53
CMRL-sh16,13.0411109884174,80.2123366246977,54
CMRL-sh16,13.0404167474986,80.2123373876465,55
CMRL-sh16,13.039557825142,80.2123225563835,56
CMRL-sh16,13.037619285196,80.2123359362651,57
CMRL-sh16,13.0368932239615,80.2123508371154,58
CMRL-sh16,13.0367574382585,80.2123393546909,59
CMRL-sh16,13.0366027846406,80.212333169575,60
CMRL-sh16,13.0364096110918,80.212306325293,61
CMRL-sh16,13.036316336619,80.2122800605455,62
CMRL-sh16,13.0362336243996,80.2122307998939,63
CMRL-sh16,13.0361809305486,80.2121890122953,64
CMRL-sh16,13.0361455238961,80.2121585580042,65
CMRL-sh16,13.0361110980793,80.2121197999471,66
CMRL-sh16,13.0360841075612,80.2120823347058,67
CMRL-sh16,13.0359913625487,80.2119462836294,68
CMRL-sh16,13.0358718735438,80.2117385160551,69
CMRL-sh16,13.0351323392134,80.2102980106852,70
CMRL-sh16,13.0350939379401,80.2102331577783,71
CMRL-sh16,13.035017641451,80.2101176560612,72
CMRL-sh16,13.0349547969532,80.2100520035864,73
CMRL-sh16,13.0349246174885,80.2100219628906,74
CMRL-sh16,13.0347763183639,80.2099145224557,75
CMRL-sh16,13.0346416645682,80.2098492324908,76
CMRL-sh16,13.0346055232923,80.2098394327401,77
CMRL-sh16,13.0345622605276,80.2098245158842,78
CMRL-sh16,13.0343622533346,80.2097944638083,79
CMRL-sh16,13.0338793507888,80.2097940580277,80
CMRL-sh16,13.0334371541541,80.2097738449664,81
CMRL-sh16,13.032745359557,80.2096882699701,82
CMRL-sh16,13.0323939957486,80.2096457438526,83
CMRL-sh16,13.032170170931,80.2096029996085,84
CMRL-sh16,13.0318878669958,80.2095419314268,85
CMRL-sh16,13.0313102561864,80.2093878565962,86
CMRL-sh16,13.0297846252484,80.208934230183,87
CMRL-sh16,13.0290728326529,80.2087539324041,88
CMRL-sh16,13.0290332329117,80.2087446370763,89
CMRL-sh16,13.0289389328252,80.2087252800055,90
CMRL-sh16,13.0288160212926,80.2086983379308,91
CMRL-sh16,13.0286697150319,80.2086722828124,92
CMRL-sh16,13.0284767572791,80.2086231211513,93
CMRL-sh16,13.0282751085674,80.2085554824195,94
CMRL-sh16,13.028168056977,80.2084943962102,95
CMRL-sh16,13.028109183544,80.2084522988181,96
CMRL-sh16,13.0280390285205,80.2083990545418,97
CMRL-sh16,13.0279540731504,80.2083231678976,98
CMRL-sh16,13.0279042942695,80.2082859090338,99
CMRL-sh16,13.027675687106,80.2080788587964,100
CMRL-sh16,13.027451227128,80.2078582344652,101
CMRL-sh16,13.027306104274,80.2077346047163,102
CMRL-sh16,13.0272573297845,80.2076998377016,103
CMRL-sh16,13.0271393031085,80.2076237841342,104
CMRL-sh16,13.0263586712331,80.2071618768012,105
CMRL-sh16,13.0262753112161,80.2071220452406,106
CMRL-sh16,13.0261392535204,80.207070422347,107
CMRL-sh16,13.0259757713492,80.2070212848655,108
CMRL-sh16,13.0258405242953,80.2069858750605,109
CMRL-sh16,13.0256813441247,80.206958581953,110
CMRL-sh16,13.024977042386,80.2069287258144,111
CMRL-sh16,13.0249256794422,80.2069262118411,112
CMRL-sh16,13.0248764174823,80.2069210031986,113
CMRL-sh16,13.0247650015715,80.2069028116473,114
CMRL-sh16,13.0239607109862,80.2067169593643,115
CMRL-sh16,13.0227300213892,80.2064880120891,116
CMRL-sh16,13.021963697965,80.2064064326146,117
CMRL-sh16,13.0211175017074,80.2063650215906,118
CMRL-sh16,13.0203978435872,80.2063440735763,119
CMRL-sh16,13.0198427107642,80.206366878532,120
CMRL-sh16,13.0197912649482,80.2063638793905,121
CMRL-sh16,13.019637737739,80.2063362785244,122
CMRL-sh16,13.0195680547043,80.2063204047671,123
CMRL-sh16,13.0194451139166,80.2062854803071,124
CMRL-sh16,13.019013734493,80.2061473051878,125
CMRL-sh16,13.0182501348945,80.2058961482433,126
CMRL-sh16,13.0176660386678,80.2056822063594,127
CMRL-sh16,13.0157952603061,80.2050097725323,128
CMRL-sh16,13.0153592441947,80.2048524036093,129
CMRL-sh16,13.0152025592562,80.2047941731016,130
CMRL-sh16,13.0150442785076,80.2047397350459,131
CMRL-sh16,13.0121504302808,80.2037063486373,132
CMRL-sh16,13.0113442867415,80.2033995967688,133
CMRL-sh16,13.011284777338,80.2033800130921,134
CMRL-sh16,13.011169201943,80.2033433083197,135
CMRL-sh16,13.010891393408,80.2032691856045,136
CMRL-sh16,13.0104418563447,80.2031794111823,137
CMRL-sh16,13.010298772069,80.2031594562205,138
CMRL-sh16,13.0090875268475,80.2031431488069,139
CMRL-sh16,13.0083416215789,80.2031302845939,140
CMRL-sh16,13.0082903838936,80.2031254566419,141
CMRL-sh16,13.0081767754156,80.2031101962637,142
CMRL-sh16,13.0073801059722,80.202936477912,143
CMRL-sh16,13.0070857804165,80.2028530744782,144
CMRL-sh16,13.0066637304847,80.2026893813385,145
CMRL-sh16,13.0060083657784,80.2024080386949,146
CMRL-sh16,13.0057526985224,80.2022979961705,147
CMRL-sh16,13.0052524421579,80.2020546124733,148
CMRL-sh16,13.0049269846916,80.2019134117249,149
CMRL-sh16,13.0042359703321,80.2016020715567,150
CMRL-sh16,13.0035417150079,80.2012792977169,151
CMRL-sh16,13.0029335644084,80.200896376574,152
CMRL-sh16,13.0025109273023,80.2006368208407,153
CMRL-sh16,13.0023289965218,80.2005095275154,154
CMRL-sh16,13.0021364221589,80.2003554236355,155
CMRL-sh16,13.0020144781175,80.2002218703948,156
CMRL-sh16,13.0019318149273,80.2001140253564,157
CMRL-sh16,13.0018772478988,80.2000198777676,158
CMRL-sh16,13.0018560542085,80.199972837786,159
CMRL-sh16,13.0018160559032,80.1998452041308,160
CMRL-sh16,13.0017708579881,80.1996522101164,161
CMRL-sh16,13.0017484750181,80.1994853113986,162
CMRL-sh16,13.0017397521106,80.1993311943639,163
CMRL-sh16,13.0017505489578,80.1992339931378,164
CMRL-sh16,13.0017579368799,80.1991458230297,165
CMRL-sh16,13.0017649393792,80.1991149910383,166
CMRL-sh16,13.001789212278,80.1989980541798,167
CMRL-sh16,13.001831920847,80.1988305414744,168
CMRL-sh16,13.0019602128195,80.1981700053073,169
CMRL-sh16,13.0020184019742,80.1978082051399,170
CMRL-sh16,13.0020639931893,80.1974807966148,171
CMRL-sh16,13.0020741034896,80.1973141938392,172
CMRL-sh16,13.0020729716488,80.1971677743425,173
CMRL-sh16,13.0020571642157,80.1970606370065,174
CMRL-sh16,13.0020352658741,80.1969667232895,175
CMRL-sh16,13.0020017450413,80.1968706393989,176
CMRL-sh16,13.0019394730078,80.1967179509599,177
CMRL-sh16,13.0018776590204,80.1966023371942,178
CMRL-sh16,13.0016819769605,80.1962996737567,179
CMRL-sh16,13.0012913970575,80.1958218671766,180
CMRL-sh16,13.00094736845,80.1953843580764,181
CMRL-sh16,13.0004354970039,80.1947198034806,182
CMRL-sh16,12.9990895784154,80.1930298394236,183
CMRL-sh16,12.9981629989087,80.1918713309258,184
CMRL-sh16,12.9976233828517,80.1911722432229,185
CMRL-sh16,12.997543964251,80.1910508149241,186
CMRL-sh16,12.9974822834768,80.1909387404098,187
CMRL-sh16,12.9974034395778,80.1907911006626,188
CMRL-sh16,12.9973767087108,80.1907429680932,189
CMRL-sh16,12.9973215752799,80.1906511321866,190
CMRL-sh16,12.9972685703664,80.1905720824733,191
CMRL-sh16,12.9970735776899,80.1902974450478,192
CMRL-sh16,12.9964203264028,80.1895017865321,193
CMRL-sh16,12.9961493836192,80.1891743280604,194
CMRL-sh16,12.9958371578831,80.1887523384838,195
CMRL-sh16,12.9958216355429,80.1887282633869,196
CMRL-sh16,12.9957985049145,80.188694936839,197
CMRL-sh16,12.99576684307,80.1886386084507,198
CMRL-sh16,12.995697740854,80.1884922597085,199
CMRL-sh16,12.9955503563685,80.1882192089048,200
CMRL-sh16,12.9951486545649,80.1874323335033,201
CMRL-sh16,12.9949710503134,80.1870468857558,202
CMRL-sh16,12.994300294072,80.1857106607074,203
CMRL-sh16,12.9935306010651,80.1843071740902,204
CMRL-sh16,12.9933141198173,80.1839151791429,205
CMRL-sh16,12.9929322155899,80.1832542450204,206
CMRL-sh16,12.9924237309159,80.1824427138478,207
CMRL-sh16,12.9919652496068,80.1817668429503,208
CMRL-sh16,12.9912855414387,80.1809100545514,209
CMRL-sh16,12.9906485003957,80.1800589271476,210
CMRL-sh16,12.9902298406982,80.1795315634668,211
CMRL-sh16,12.9901440981355,80.1794289355179,212
CMRL-sh16,12.9900553965407,80.1793243054485,213
CMRL-sh16,12.9899537052371,80.1792229468983,214
CMRL-sh16,12.9892933733527,80.1785818166507,215
CMRL-sh16,12.9889958101496,80.1782737912566,216
CMRL-sh16,12.988870956504,80.1781201915951,217
CMRL-sh16,12.9887945429542,80.1780088020888,218
CMRL-sh16,12.9885146143975,80.1776051483962,219
CMRL-sh16,12.9875824323738,80.1763092157972,220
CMRL-sh16,12.9870201661999,80.1755064699491,221
CMRL-sh16,12.9863932080512,80.1746336368583,222
CMRL-sh16,12.9852068649201,80.1728984160718,223
CMRL-sh16,12.9842070735446,80.1711489508102,224
CMRL-sh16,12.9834496434134,80.1695840116432,225
CMRL-sh16,12.9821813769606,80.1671914054718,226
CMRL-sh16,12.9819284718664,80.1666491349796,227
CMRL-sh16,12.9809741797154,80.1641763799997,228
CMRL-sh16,12.980769733417,80.1636667008123,229
CMRL-sh18,12.980769733417,80.1636667008123,1
CMRL-sh18,12.9809741797154,80.1641763799997,2
CMRL-sh18,12.9819284718664,80.1666491349796,3
CMRL-sh18,12.9821813769606,80.1671914054718,4
CMRL-sh18,12.9834496434134,80.1695840116432,5
CMRL-sh18,12.9842070735446,80.1711489508102,6
CMRL-sh18,12.9852068649201,80.1728984160718,7
CMRL-sh18,12.9863932080512,80.1746336368583,8
CMRL-sh18,12.9870201661999,80.1755064699491,9
CMRL-sh18,12.9875824323738,80.1763092157972,10
CMRL-sh18,12.9885146143975,80.1776051483962,11
CMRL-sh18,12.9887945429542,80.1780088020888,12
CMRL-sh18,12.988870956504,80.1781201915951,13
CMRL-sh18,12.9889958101496,80.1782737912566,14
CMRL-sh18,12.9892933733527,80.1785818166507,15
CMRL-sh18,12.9899537052371,80.1792229468983,16
CMRL-sh18,12.9900553965407,80.1793243054485,17
CMRL-sh18,12.9901440981355,80.1794289355179,18
CMRL-sh18,12.9902298406982,80.1795315634668,19
CMRL-sh18,12.9906485003957,80.1800589271476,20
CMRL-sh18,12.9912855414387,80.1809100545514,21
CMRL-sh18,12.9919652496068,80.1817668429503,22
CMRL-sh18,12.9924237309159,80.1824427138478,23
CMRL-sh18,12.9929322155899,80.1832542450204,24
CMRL-sh18,12.9933141198173,80.1839151791429,25
CMRL-sh18,12.9935306010651,80.1843071740902,26
CMRL-sh18,12.994300294072,80.1857106607074,27
CMRL-sh18,12.9949710503134,80.1870468857558,28
CMRL-sh18,12.9951486545649,80.1874323335033,29
CMRL-sh18,12.9955503563685,80.1882192089048,30
CMRL-sh18,12.995697740854,80.1884922597085,31
CMRL-sh18,12.99576684307,80.1886386084507,32
CMRL-sh18,12.9957985049145,80.188694936839,33
CMRL-sh18,12.9958216355429,80.1887282633869,34
CMRL-sh18,12.9958371578831,80.1887523384838,35
CMRL-sh18,12.9961493836192,80.1891743280604,36
CMRL-sh18,12.9964203264028,80.1895017865321,37
CMRL-sh18,12.9970735776899,80.1902974450478,38
CMRL-sh18,12.9972685703664,80.1905720824733,39
CMRL-sh18,12.9973215752799,80.1906511321866,40
CMRL-sh18,12.9973767087108,80.1907429680932,41
CMRL-sh18,12.9974034395778,80.1907911006626,42
CMRL-sh18,12.9974822834768,80.1909387404098,43
CMRL-sh18,12.997543964251,80.1910508149241,44
CMRL-sh18,12.9976233828517,80.1911722432229,45
CMRL-sh18,12.9981629989087,80.1918713309258,46
CMRL-sh18,12.9990895784154,80.1930298394236,47
CMRL-sh18,13.0004354970039,80.1947198034806,48
CMRL-sh18,13.00094736845,80.1953843580764,49
CMRL-sh18,13.0012913970575,80.1958218671766,50
CMRL-sh18,13.0016819769605,80.1962996737567,51
CMRL-sh18,13.0018776590204,80.1966023371942,52
CMRL-sh18,13.0019394730078,80.1967179509599,53
CMRL-sh18,13.0020017450413,80.1968706393989,54
CMRL-sh18,13.0020352658741,80.1969667232895,55
CMRL-sh18,13.0020571642157,80.1970606370065,56
CMRL-sh18,13.0020729716488,80.1971677743425,57
CMRL-sh18,13.0020741034896,80.1973141938392,58
CMRL-sh18,13.0020639931893,80.1974807966148,59
CMRL-sh18,13.0020184019742,80.1978082051399,60
CMRL-sh18,13.0019602128195,80.1981700053073,61
CMRL-sh18,13.001831920847,80.1988305414744,62
CMRL-sh18,13.001789212278,80.1989980541798,63
CMRL-sh18,13.0017649393792,80.1991149910383,64
CMRL-sh18,13.0017579368799,80.1991458230297,65
CMRL-sh18,13.0017505489578,80.1992339931378,66
CMRL-sh18,13.0017397521106,80.1993311943639,67
CMRL-sh18,13.0017484750181,80.1994853113986,68
CMRL-sh18,13.0017708579881,80.1996522101164,69
CMRL-sh18,13.0018160559032,80.1998452041308,70
CMRL-sh18,13.0018560542085,80.199972837786,71
CMRL-sh18,13.0018772478988,80.2000198777676,72
CMRL-sh18,13.0019318149273,80.2001140253564,73
CMRL-sh18,13.0020144781175,80.2002218703948,74
CMRL-sh18,13.0021364221589,80.2003554236355,75
CMRL-sh18,13.0023289965218,80.2005095275154,76
CMRL-sh18,13.0025109273023,80.2006368208407,77
CMRL-sh18,13.0029335644084,80.200896376574,78
CMRL-sh18,13.0035492870336,80.2012828186929,79
CMRL-sh18,13.0048437074905,80.2018829782223,80
CMRL-sh18,13.0050308336943,80.201961512507,81
CMRL-sh18,13.0052950709402,80.2021060891665,82
CMRL-sh18,13.0054095908278,80.2021710679329,83
CMRL-sh18,13.005554307667,80.2022572418627,84
CMRL-sh18,13.0055924204758,80.2022824517429,85
CMRL-sh18,13.0056303281094,80.2023165468419,86
CMRL-sh18,13.0057076644447,80.2024020521372,87
CMRL-sh18,13.0058042135887,80.2025218005351,88
CMRL-sh18,13.0059394229526,80.202714253404,89
CMRL-sh18,13.0061061982585,80.2030023268309,90
CMRL-sh18,13.0061712905589,80.2031061081511,91
CMRL-sh18,13.0064880478072,80.2035662796954,92
CMRL-sh18,13.0065162572785,80.2036151478132,93
CMRL-sh18,13.0069276301207,80.2043532099732,94
CMRL-sh18,13.0069968188769,80.204490390199,95
CMRL-sh18,13.0071512347273,80.2048166725463,96
CMRL-sh18,13.0073322336715,80.2053044610088,97
CMRL-sh18,13.0074181518524,80.2055723004866,98
CMRL-sh18,13.0074284811455,80.2056024942706,99
CMRL-sh18,13.0077433837959,80.2068133751318,100
CMRL-sh18,13.0077493676218,80.2068428448456,101
CMRL-sh18,13.0077537764611,80.2068678294433,102
CMRL-sh18,13.0079592229718,80.2081534634926,103
CMRL-sh18,13.0080414192805,80.2087456846813,104
CMRL-sh18,13.0080478521389,80.2087907254815,105
CMRL-sh18,13.0081507230195,80.209358166983,106
CMRL-sh18,13.0081712077485,80.2094317309596,107
CMRL-sh18,13.0083279232532,80.2098906432689,108
CMRL-sh18,13.0084566906262,80.2102847923249,109
CMRL-sh18,13.0086711407808,80.2109324437898,110
CMRL-sh18,13.0088319182699,80.2114757386399,111
CMRL-sh18,13.0089993769386,80.2122136226209,112
CMRL-sh18,13.009402261137,80.2138422291931,113
CMRL-sh18,13.0095537819546,80.2147522515781,114
CMRL-sh18,13.009751870969,80.2153851326781,115
CMRL-sh18,13.010014225097,80.2159498204905,116
CMRL-sh18,13.0102017038016,80.2162438723543,117
CMRL-sh18,13.0106349485723,80.2168593634707,118
CMRL-sh18,13.0106773059805,80.216931943315,119
CMRL-sh18,13.0110242735751,80.2176290222726,120
CMRL-sh18,13.011273415477,80.218217685782,121
CMRL-sh18,13.0112915182225,80.2182664127831,122
CMRL-sh18,13.0113038135985,80.2183004292822,123
CMRL-sh18,13.0118563206222,80.2198789968676,124
CMRL-sh18,13.0120864712201,80.2205677008767,125
CMRL-sh18,13.012318985701,80.2211683621242,126
CMRL-sh18,13.0125319860951,80.2215211818992,127
CMRL-sh18,13.0131700253864,80.2223438765403,128
CMRL-sh18,13.014400245385,80.2238199773884,129
CMRL-sh18,13.015265854844,80.2249270368015,130
CMRL-sh18,13.0155233954639,80.2252013573669,131
CMRL-sh18,13.0156227390931,80.2253018254016,132
CMRL-sh18,13.0156880183334,80.2253427477367,133
CMRL-sh18,13.0157652227816,80.2253843525974,134
CMRL-sh18,13.0158830497688,80.2254274864628,135
CMRL-sh18,13.0160619765499,80.2254790272076,136
CMRL-sh18,13.01621428612,80.2255096975197,137
CMRL-sh18,13.0163241524615,80.2255139079071,138
CMRL-sh18,13.0164310733778,80.2255024067367,139
CMRL-sh18,13.0184453796901,80.2250847720577,140
CMRL-sh18,13.0188415564938,80.2249907432301,141
CMRL-sh18,13.0191641947224,80.2249642580353,142
CMRL-sh18,13.0193690564111,80.2249746639459,143
CMRL-sh18,13.0197861833694,80.2250483013326,144
CMRL-sh18,13.0199279457699,80.2250890494133,145
CMRL-sh18,13.0202259684177,80.2252353138575,146
CMRL-sh18,13.0207718332667,80.2255527873114,147
CMRL-sh18,13.0213580424595,80.2259643995396,148
CMRL-sh18,13.0214301656776,80.2260264527071,149
CMRL-sh18,13.0221559414993,80.2266421142025,150
CMRL-sh18,13.0227370525512,80.2272239925662,151
CMRL-sh18,13.0234944036996,80.2281124836753,152
CMRL-sh18,13.0236331285364,80.2283490482348,153
CMRL-sh18,13.0238789623903,80.228744902362,154
CMRL-sh18,13.0243455737608,80.2295737791408,155
CMRL-sh18,13.0249266033198,80.2305024118581,156
CMRL-sh18,13.0254791269047,80.2314259994085,157
CMRL-sh18,13.0263556442027,80.2327220038208,158
CMRL-sh18,13.0264678997569,80.2328784946418,159
CMRL-sh18,13.026518218382,80.2329563240426,160
CMRL-sh18,13.0265560035087,80.23301783675,161
CMRL-sh18,13.0269960755112,80.2337993464652,162
CMRL-sh18,13.0275836484298,80.2348307892765,163
CMRL-sh18,13.0279498497928,80.2354214003558,164
CMRL-sh18,13.0283118386643,80.235868381634,165
CMRL-sh18,13.0291337633697,80.2367480145534,166
CMRL-sh18,13.0296811110034,80.2374046938545,167
CMRL-sh18,13.0299599835446,80.2378258971014,168
CMRL-sh18,13.0305283865628,80.2388354786159,169
CMRL-sh18,13.0310239733356,80.2397322983023,170
CMRL-sh18,13.0311857595735,80.2400741529641,171
CMRL-sh18,13.0322309953953,80.2421661431022,172
CMRL-sh18,13.0324308381087,80.2425008268699,173
CMRL-sh18,13.03260905776,80.242782537727,174
CMRL-sh18,13.0338454879438,80.2443809413829,175
CMRL-sh18,13.0342514695016,80.2449172295329,176
CMRL-sh18,13.0347231469918,80.2455944836055,177
CMRL-sh18,13.0348618259015,80.2457609592713,178
CMRL-sh18,13.034914588,80.2458111959502,179
CMRL-sh18,13.0349602272471,80.2458485194356,180
CMRL-sh18,13.0350617247491,80.2459292481035,181
CMRL-sh18,13.0351600287227,80.2459828319422,182
CMRL-sh18,13.0352895487815,80.2460314164744,183
CMRL-sh18,13.0355671684992,80.2461065058529,184
CMRL-sh18,13.0363141660644,80.2462787913376,185
CMRL-sh18,13.0398290456842,80.2470664511139,186
CMRL-sh18,13.0449313986116,80.2480761126076,187
CMRL-sh18,13.04639110942,80.2483873126184,188
CMRL-sh18,13.0465751500098,80.2484191965624,189
CMRL-sh18,13.0468170562909,80.2484876758232,190
CMRL-sh18,13.0468927559252,80.2485076661192,191
CMRL-sh18,13.047519890276,80.2487358344907,192
CMRL-sh18,13.0495597755133,80.2497893843662,193
CMRL-sh18,13.0497595144084,80.2498982913228,194
CMRL-sh18,13.0498676439901,80.2499458712935,195
CMRL-sh18,13.0500577113524,80.2500426658319,196
CMRL-sh18,13.0512299972496,80.2505411433215,197
CMRL-sh18,13.0512943362992,80.2505718301735,198
CMRL-sh18,13.051356929818,80.2506046340234,199
CMRL-sh18,13.0519369280098,80.250927950579,200
CMRL-sh18,13.0522008074954,80.2511162561651,201
CMRL-sh18,13.0522903888918,80.2511821669044,202
CMRL-sh18,13.0523439305814,80.2512313735708,203
CMRL-sh18,13.0524643403755,80.2513484895363,204
CMRL-sh18,13.0531690717706,80.2521887795751,205
CMRL-sh18,13.0544961305003,80.2539953589391,206
CMRL-sh18,13.055811948276,80.2557902564679,207
CMRL-sh18,13.0561502821233,80.256190473341,208
CMRL-sh18,13.0565139211033,80.2565735035158,209
CMRL-sh18,13.0572996188204,80.257306937365,210
CMRL-sh18,13.0573836693618,80.2573862861237,211
CMRL-sh18,13.0575601661461,80.2575489861021,212
CMRL-sh18,13.0577266565143,80.2577207390957,213
CMRL-sh18,13.0591908099639,80.2594960704857,214
CMRL-sh18,13.0593610201973,80.259699586638,215
CMRL-sh18,13.0613415189262,80.2621184056381,216
CMRL-sh18,13.0631895647505,80.2643776002804,217
CMRL-sh18,13.0638234932835,80.2651595854638,218
CMRL-sh18,13.0651897148973,80.2668490108881,219
CMRL-sh18,13.0653454999724,80.2670393874441,220
CMRL-sh18,13.0654186849444,80.2671327612141,221
CMRL-sh18,13.0661376924891,80.2680746951876,222
CMRL-sh18,13.0661555045447,80.2680982006971,223
CMRL-sh18,13.0661765815393,80.2681254965156,224
CMRL-sh18,13.0661831859635,80.2681336829802,225
CMRL-sh18,13.0661984256899,80.2681553986816,226
CMRL-sh18,13.0662724425907,80.2682750250756,227
CMRL-sh18,13.0663003615272,80.2683380190993,228
CMRL-sh18,13.0663159864469,80.2683854546522,229
CMRL-sh18,13.0663338378295,80.2684350925413,230
CMRL-sh18,13.0663510124362,80.2685054928047,231
CMRL-sh18,13.066359730357,80.2685607727726,232
CMRL-sh18,13.0663623991353,80.2686072143308,233
CMRL-sh18,13.0663719040823,80.2686683528745,234
CMRL-sh18,13.0664216377456,80.2690469963497,235
CMRL-sh18,13.0665468674123,80.2695583202571,236
CMRL-sh18,13.0666477144475,80.2697364205422,237
CMRL-sh18,13.0668154174706,80.2699568212078,238
CMRL-sh18,13.0671414212996,80.2703161217195,239
CMRL-sh18,13.0673469181431,80.270540823682,240
CMRL-sh18,13.0678628458526,80.2710989975532,241
CMRL-sh18,13.0682815489825,80.2715646448854,242
CMRL-sh18,13.0688082455791,80.2721359024395,243
CMRL-sh18,13.0694704634513,80.2728011593469,244
CMRL-sh18,13.0698664130346,80.2731516498423,245
CMRL-sh18,13.0702466635846,80.2734604342429,246
CMRL-sh18,13.070495597715,80.2736274513877,247
CMRL-sh18,13.0707683798647,80.2737514278729,248
CMRL-sh18,13.0709810040326,80.2738165037184,249
CMRL-sh18,13.0711524220111,80.2738392485763,250
CMRL-sh18,13.0713152012794,80.2738468112005,251
CMRL-sh18,13.0715909953131,80.2738429209548,252
CMRL-sh18,13.0718728393845,80.2738027531384,253
CMRL-sh18,13.0720687279601,80.2737444712316,254
CMRL-sh18,13.0726921363202,80.273491262168,255
CMRL-sh18,13.073273683604,80.2731163828819,256
CMRL-sh18,13.0735047466779,80.2729076891204,257
CMRL-sh18,13.0744141756429,80.2720123342093,258
CMRL-sh18,13.0758258032468,80.2705020198372,259
CMRL-sh18,13.0762032817968,80.2700341763807,260
CMRL-sh18,13.0771179134805,80.2689979786281,261
CMRL-sh18,13.0774821857457,80.2687572214993,262
CMRL-sh18,13.0778615134839,80.2686419067538,263
CMRL-sh18,13.0782574376899,80.2686427528598,264
CMRL-sh18,13.078624637462,80.2687338560008,265
CMRL-sh18,13.0791471072142,80.2689881878743,266
CMRL-sh18,13.0797108217444,80.2693838066646,267
CMRL-sh18,13.0799132170127,80.2695686139792,268
CMRL-sh18,13.0799542393345,80.269608007353,269
CMRL-sh18,13.080060433061,80.2697210802201,270
CMRL-sh18,13.0802965222866,80.2699727115781,271
CMRL-sh18,13.0804576009776,80.2701588514949,272
CMRL-sh18,13.0805907394778,80.2703169944424,273
CMRL-sh18,13.0807500806694,80.2705238521204,274
CMRL-sh18,13.0808661567929,80.2706863668397,275
CMRL-sh18,13.0809634283215,80.2708439943152,276
CMRL-sh18,13.0809946334286,80.2708987836122,277
CMRL-sh18,13.0810227923648,80.2709600731542,278
CMRL-sh18,13.0810458372926,80.2710138439269,279
CMRL-sh18,13.081105947525,80.2712584398901,280
CMRL-sh18,13.0812224101263,80.2717627968695,281
CMRL-sh18,13.0813370837992,80.272359491205,282
CMRL-sh18,13.0814107142313,80.2727672974881,283
CMRL-sh18,13.0816512937743,80.2739651941103,284
CMRL-sh18,13.0818064152192,80.27478744863,285
CMRL-sh18,13.0818187499441,80.2748545454165,286
CMRL-sh18,13.0818263006952,80.2749155075716,287
CMRL-sh18,13.0819395728155,80.2757236088584,288
CMRL-sh18,13.0820649061413,80.2767929358129,289
CMRL-sh18,13.0821899464125,80.2783079044893,290
CMRL-sh18,13.0822177010676,80.2796563827178,291
CMRL-sh18,13.0822653915182,80.280748491019,292
CMRL-sh18,13.0823646180212,80.2815494465724,293
CMRL-sh18,13.0825833874735,80.2824381519977,294
CMRL-sh18,13.0827069685998,80.2826928831228,295
CMRL-sh18,13.0829287278698,80.2829943980771,296
CMRL-sh18,13.0833389269002,80.2833926934585,297
CMRL-sh18,13.0837595445602,80.283761485427,298
CMRL-sh18,13.0840518905017,80.2839753835422,299
CMRL-sh18,13.084426290618,80.2841685661229,300
CMRL-sh18,13.084793441934,80.2843310691563,301
CMRL-sh18,13.0860116737914,80.284738849557,302
CMRL-sh18,13.0878609554477,80.2852183606196,303
CMRL-sh18,13.0883773173252,80.2853525717639,304
CMRL-sh18,13.0887258311499,80.2854174829614,305
CMRL-sh18,13.089965998198,80.2855402204285,306
CMRL-sh18,13.0929173666699,80.2857674816544,307
CMRL-sh18,13.0941445859987,80.2859230323667,308
CMRL-sh18,13.095826430242,80.2861710898973,309
CMRL-sh18,13.0962849908603,80.2862234375494,310
CMRL-sh18,13.0970392298039,80.2862653417177,311
CMRL-sh18,13.0974006322351,80.2862329702128,312
CMRL-sh18,13.0978319755705,80.2861743067081,313
CMRL-sh18,13.0982347533429,80.2859938342274,314
CMRL-sh18,13.098552384082,80.2857376978693,315
CMRL-sh18,13.0988551910701,80.2853657927925,316
CMRL-sh18,13.0992792140988,80.2848737365071,317
CMRL-sh18,13.099751009456,80.284321055961,318
CMRL-sh18,13.1004824733972,80.2834433646864,319
CMRL-sh18,13.1015738359148,80.2822002565247,320
CMRL-sh18,13.1027881459025,80.2807994874813,321
CMRL-sh18,13.1032097929912,80.2804992675903,322
CMRL-sh18,13.1036387847315,80.2802579332043,323
CMRL-sh18,13.1041543848732,80.2801364566056,324
CMRL-sh18,13.1046286542614,80.2800907985169,325
CMRL-sh18,13.1049382582047,80.280106351402,326
CMRL-sh18,13.1053504878313,80.2801907127932,327
CMRL-sh18,13.1056043199152,80.2802678024078,328
CMRL-sh18,13.1086577606799,80.2812068978694,329
CMRL-sh18,13.1078641476997,80.2811140712315,330
CMRL-sh18,13.1083431333713,80.2812567587402,331
CMRL-sh18,13.1102828581174,80.2818534654115,332
CMRL-sh18,13.1111875666097,80.2821400768935,333
CMRL-sh18,13.1116630272418,80.2823616874563,334
CMRL-sh18,13.1120183384297,80.2825526955661,335
CMRL-sh18,13.1123866496675,80.2828222484313,336
CMRL-sh18,13.1132424585566,80.2835495189044,337
CMRL-sh18,13.1137087411449,80.2839506410288,338
CMRL-sh18,13.1140742018341,80.2841964899826,339
CMRL-sh18,13.1145294553372,80.2844203338209,340
CMRL-sh18,13.1170112306674,80.2853501301771,341
CMRL-sh18,13.1177802804067,80.28559954185,342
CMRL-sh18,13.1181950948028,80.2858180636658,343
CMRL-sh18,13.1195995361352,80.2868723764104,344
CMRL-sh18,13.1200010594395,80.2871410871769,345
CMRL-sh18,13.1204546681167,80.2873744361993,346
CMRL-sh18,13.1209205581877,80.2875552197369,347
CMRL-sh18,13.1216174744495,80.2877477003056,348
CMRL-sh18,13.1225517554026,80.2879827175668,349
CMRL-sh18,13.1230052237254,80.2881382147738,350
CMRL-sh18,13.1242914552445,80.2887483044229,351
CMRL-sh18,13.1269654892131,80.2899262684919,352
CMRL-sh18,13.128577453941,80.290657934467,353
CMRL-sh18,13.1289413120105,80.2908049041052,354
CMRL-sh18,13.1288823327483,80.2907838021057,355
CMRL-sh18,13.1292241403831,80.2909165178345,356
CMRL-sh18,13.1298856294824,80.2912085630647,357
CMRL-sh18,13.1304961091672,80.2914203291403,358
CMRL-sh18,13.1311460866832,80.2916484554717,359
CMRL-sh18,13.1331925676152,80.2923762740949,360
CMRL-sh18,13.1348060279059,80.2929511356445,361
CMRL-sh18,13.1391155620088,80.2946176425465,362
CMRL-sh18,13.1412168748617,80.295398037347,363
CMRL-sh18,13.1428710957123,80.2960778593492,364
CMRL-sh18,13.1434064972458,80.2962723934366,365
CMRL-sh18,13.1455923972821,80.2972031115202,366
CMRL-sh18,13.1472728035125,80.2979053132395,367
CMRL-sh18,13.149456672488,80.2987752498741,368
CMRL-sh18,13.1509571827191,80.2993669726999,369
CMRL-sh18,13.1526172113376,80.3000781528755,370
CMRL-sh18,13.1528640881575,80.3001714919802,371
CMRL-sh18,13.1531023384739,80.3002473158972,372
CMRL-sh18,13.1534311521931,80.3003145710708,373
CMRL-sh18,13.15390799973,80.3004074427205,374
CMRL-sh18,13.1541223587639,80.3004493877493,375
CMRL-sh18,13.154319803728,80.3004831813084,376
CMRL-sh18,13.1547311482515,80.3006183575965,377
CMRL-sh18,13.1557645771483,80.3010046209145,378
CMRL-sh18,13.1561180287461,80.3011319361807,379
CMRL-sh18,13.1563236672045,80.3011823530264,380
CMRL-sh18,13.1569745413863,80.3013496673528,381
CMRL-sh18,13.1574065016588,80.3014690676844,382
CMRL-sh18,13.1577692677127,80.3015799750287,383
CMRL-sh18,13.158097274338,80.3016885316698,384
CMRL-sh18,13.1585005372774,80.3018580391328,385
CMRL-sh18,13.1590925381266,80.3020516824076,386
CMRL-sh18,13.1600208492065,80.3023229211367,387
CMRL-sh18,13.1606536914326,80.3024747236558,388
CMRL-sh18,13.1615583087157,80.3027470996201,389
CMRL-sh18,13.162076264573,80.3029835110782,390
CMRL-sh18,13.1627093206053,80.303219922939,391
CMRL-sh18,13.1630299783511,80.3032874583564,392
CMRL-sh18,13.1636281502957,80.3033511768616,393
CMRL-sh18,13.1646889394874,80.3033758012247,394
CMRL-sh18,13.1649604261297,80.3034264930598,395
CMRL-sh18,13.1653799969991,80.3035109801839,396
CMRL-sh18,13.167902851918,80.3041670777397,397
CMRL-sh18,13.1696313960115,80.3046319284696,398
CMRL-sh18,13.1702751225395,80.3047916961554,399
CMRL-sh18,13.1708432460967,80.3049102995365,400
CMRL-sh18,13.1724652794219,80.3053496297148,401
CMRL-sh18,13.1735054605647,80.3056513752433,402
CMRL-sh18,13.1755558616117,80.3062139469975,403
CMRL-sh18,13.1786480898095,80.3070593072615,404
CMRL-sh18,13.180920935158,80.3077284194552,405
CMRL-sh18,13.1814457941939,80.307954860387,406
CMRL-sh18,13.1826785112105,80.3085629837794,407
CMRL-sh18,13.1843482193397,80.3091241634253,408
CMRL-sh19,13.1843482193397,80.3091241634253,1
CMRL-sh19,13.1826785112105,80.3085629837794,2
CMRL-sh19,13.1814457941939,80.307954860387,3
CMRL-sh19,13.180920935158,80.3077284194552,4
CMRL-sh19,13.1786480898095,80.3070593072615,5
CMRL-sh19,13.1755558616117,80.3062139469975,6
CMRL-sh19,13.1735054605647,80.3056513752433,7
CMRL-sh19,13.1724652794219,80.3053496297148,8
CMRL-sh19,13.1708432460967,80.3049102995365,9
CMRL-sh19,13.1702751225395,80.3047916961554,10
CMRL-sh19,13.1696313960115,80.3046319284696,11
CMRL-sh19,13.167902851918,80.3041670777397,12
CMRL-sh19,13.1653799969991,80.3035109801839,13
CMRL-sh19,13.1649604261297,80.3034264930598,14
CMRL-sh19,13.1646889394874,80.3033758012247,15
CMRL-sh19,13.1636281502957,80.3033511768616,16
CMRL-sh19,13.1630299783511,80.3032874583564,17
CMRL-sh19,13.1627093206053,80.303219922939,18
CMRL-sh19,13.162076264573,80.3029835110782,19
CMRL-sh19,13.1615583087157,80.3027470996201,20
CMRL-sh19,13.1606536914326,80.3024747236558,21
CMRL-sh19,13.1600208492065,80.3023229211367,22
CMRL-sh19,13.1590925381266,80.3020516824076,23
CMRL-sh19,13.1585005372774,80.3018580391328,24
CMRL-sh19,13.158097274338,80.3016885316698,25
CMRL-sh19,13.1577692677127,80.3015799750287,26
CMRL-sh19,13.1574065016588,80.3014690676844,27
CMRL-sh19,13.1569745413863,80.3013496673528,28
CMRL-sh19,13.1563236672045,80.3011823530264,29
CMRL-sh19,13.1561180287461,80.3011319361807,30
CMRL-sh19,13.1557645771483,80.3010046209145,31
CMRL-sh19,13.1547311482515,80.3006183575965,32
CMRL-sh19,13.154319803728,80.3004831813084,33
CMRL-sh19,13.1541223587639,80.3004493877493,34
CMRL-sh19,13.15390799973,80.3004074427205,35
CMRL-sh19,13.1534311521931,80.3003145710708,36
CMRL-sh19,13.1531023384739,80.3002473158972,37
CMRL-sh19,13.1528640881575,80.3001714919802,38
CMRL-sh19,13.1526172113376,80.3000781528755,39
CMRL-sh19,13.1509571827191,80.2993669726999,40
CMRL-sh19,13.149456672488,80.2987752498741,41
CMRL-sh19,13.1472728035125,80.2979053132395,42
CMRL-sh19,13.1455923972821,80.2972031115202,43
CMRL-sh19,13.1434064972458,80.2962723934366,44
CMRL-sh19,13.1428710957123,80.2960778593492,45
CMRL-sh19,13.1412168748617,80.295398037347,46
CMRL-sh19,13.1391155620088,80.2946176425465,47
CMRL-sh19,13.1348060279059,80.2929511356445,48
CMRL-sh19,13.1331925676152,80.2923762740949,49
CMRL-sh19,13.1311460866832,80.2916484554717,50
CMRL-sh19,13.1304961091672,80.2914203291403,51
CMRL-sh19,13.1298856294824,80.2912085630647,52
CMRL-sh19,13.1292241403831,80.2909165178345,53
CMRL-sh19,13.1288823327483,80.2907838021057,54
CMRL-sh19,13.1289413120105,80.2908049041052,55
CMRL-sh19,13.128577453941,80.290657934467,56
CMRL-sh19,13.1269654892131,80.2899262684919,57
CMRL-sh19,13.1242914552445,80.2887483044229,58
CMRL-sh19,13.1230052237254,80.2881382147738,59
CMRL-sh19,13.1225517554026,80.2879827175668,60
CMRL-sh19,13.1216174744495,80.2877477003056,61
CMRL-sh19,13.1209205581877,80.2875552197369,62
CMRL-sh19,13.1204546681167,80.2873744361993,63
CMRL-sh19,13.1200010594395,80.2871410871769,64
CMRL-sh19,13.1195995361352,80.2868723764104,65
CMRL-sh19,13.1181950948028,80.2858180636658,66
CMRL-sh19,13.1177802804067,80.28559954185,67
CMRL-sh19,13.1170112306674,80.2853501301771,68
CMRL-sh19,13.1145294553372,80.2844203338209,69
CMRL-sh19,13.1140742018341,80.2841964899826,70
CMRL-sh19,13.1137087411449,80.2839506410288,71
CMRL-sh19,13.1132424585566,80.2835495189044,72
CMRL-sh19,13.1123866496675,80.2828222484313,73
CMRL-sh19,13.1120183384297,80.2825526955661,74
CMRL-sh19,13.1116630272418,80.2823616874563,75
CMRL-sh19,13.1111875666097,80.2821400768935,76
CMRL-sh19,13.1102828581174,80.2818534654115,77
CMRL-sh19,13.1083431333713,80.2812567587402,78
CMRL-sh19,13.1078641476997,80.2811140712315,79
CMRL-sh19,13.1086577606799,80.2812068978694,80
CMRL-sh19,13.1056043199152,80.2802678024078,81
CMRL-sh19,13.1053504878313,80.2801907127932,82
CMRL-sh19,13.1049382582047,80.280106351402,83
CMRL-sh19,13.1046286542614,80.2800907985169,84
CMRL-sh19,13.1041543848732,80.2801364566056,85
CMRL-sh19,13.1036387847315,80.2802579332043,86
CMRL-sh19,13.1032097929912,80.2804992675903,87
CMRL-sh19,13.1027881459025,80.2807994874813,88
CMRL-sh19,13.1015738359148,80.2822002565247,89
CMRL-sh19,13.1004824733972,80.2834433646864,90
CMRL-sh19,13.099751009456,80.284321055961,91
CMRL-sh19,13.0992792140988,80.2848737365071,92
CMRL-sh19,13.0988551910701,80.2853657927925,93
CMRL-sh19,13.098552384082,80.2857376978693,94
CMRL-sh19,13.0982347533429,80.2859938342274,95
CMRL-sh19,13.0978319755705,80.2861743067081,96
CMRL-sh19,13.0974006322351,80.2862329702128,97
CMRL-sh19,13.0970392298039,80.2862653417177,98
CMRL-sh19,13.0962849908603,80.2862234375494,99
CMRL-sh19,13.095826430242,80.2861710898973,100
CMRL-sh19,13.0941445859987,80.2859230323667,101
CMRL-sh19,13.0929173666699,80.2857674816544,102
CMRL-sh19,13.089965998198,80.2855402204285,103
CMRL-sh19,13.0887258311499,80.2854174829614,104
CMRL-sh19,13.0883773173252,80.2853525717639,105
CMRL-sh19,13.0878609554477,80.2852183606196,106
CMRL-sh19,13.0860116737914,80.284738849557,107
CMRL-sh19,13.084793441934,80.2843310691563,108
CMRL-sh19,13.084426290618,80.2841685661229,109
CMRL-sh19,13.0840518905017,80.2839753835422,110
CMRL-sh19,13.0837595445602,80.283761485427,111
CMRL-sh19,13.0833389269002,80.2833926934585,112
CMRL-sh19,13.0829287278698,80.2829943980771,113
CMRL-sh19,13.0827069685998,80.2826928831228,114
CMRL-sh19,13.0825833874735,80.2824381519977,115
CMRL-sh19,13.0823646180212,80.2815494465724,116
CMRL-sh19,13.0822653915182,80.280748491019,117
CMRL-sh19,13.0822177010676,80.2796563827178,118
CMRL-sh19,13.0821899464125,80.2783079044893,119
CMRL-sh19,13.0820649061413,80.2767929358129,120
CMRL-sh19,13.0819395728155,80.2757236088584,121
CMRL-sh19,13.0818263006952,80.2749155075716,122
CMRL-sh19,13.0818187499441,80.2748545454165,123
CMRL-sh19,13.0818064152192,80.27478744863,124
CMRL-sh19,13.0816512937743,80.2739651941103,125
CMRL-sh19,13.0814107142313,80.2727672974881,126
CMRL-sh19,13.0813370837992,80.272359491205,127
CMRL-sh19,13.0812224101263,80.2717627968695,128
CMRL-sh19,13.081105947525,80.2712584398901,129
CMRL-sh19,13.0810458372926,80.2710138439269,130
CMRL-sh19,13.0810227923648,80.2709600731542,131
CMRL-sh19,13.0809946334286,80.2708987836122,132
CMRL-sh19,13.0809634283215,80.2708439943152,133
CMRL-sh19,13.0808661567929,80.2706863668397,134
CMRL-sh19,13.0807500806694,80.2705238521204,135
CMRL-sh19,13.0805907394778,80.2703169944424,136
CMRL-sh19,13.0804576009776,80.2701588514949,137
CMRL-sh19,13.0802965222866,80.2699727115781,138
CMRL-sh19,13.080060433061,80.2697210802201,139
CMRL-sh19,13.0799542393345,80.269608007353,140
CMRL-sh19,13.0799132170127,80.2695686139792,141
CMRL-sh19,13.0797108217444,80.2693838066646,142
CMRL-sh19,13.0791471072142,80.2689881878743,143
CMRL-sh19,13.078624637462,80.2687338560008,144
CMRL-sh19,13.0782574376899,80.2686427528598,145
CMRL-sh19,13.0778615134839,80.2686419067538,146
CMRL-sh19,13.0774821857457,80.2687572214993,147
CMRL-sh19,13.0771179134805,80.2689979786281,148
CMRL-sh19,13.0762032817968,80.2700341763807,149
CMRL-sh19,13.0758258032468,80.2705020198372,150
CMRL-sh19,13.0744141756429,80.2720123342093,151
CMRL-sh19,13.0735047466779,80.2729076891204,152
CMRL-sh19,13.073273683604,80.2731163828819,153
CMRL-sh19,13.0726921363202,80.273491262168,154
CMRL-sh19,13.0720687279601,80.2737444712316,155
CMRL-sh19,13.0718728393845,80.2738027531384,156
CMRL-sh19,13.0715909953131,80.2738429209548,157
CMRL-sh19,13.0713152012794,80.2738468112005,158
CMRL-sh19,13.0711524220111,80.2738392485763,159
CMRL-sh19,13.0709810040326,80.2738165037184,160
CMRL-sh19,13.0707683798647,80.2737514278729,161
CMRL-sh19,13.070495597715,80.2736274513877,162
CMRL-sh19,13.0702466635846,80.2734604342429,163
CMRL-sh19,13.0698664130346,80.2731516498423,164
CMRL-sh19,13.0694704634513,80.2728011593469,165
CMRL-sh19,13.0688082455791,80.2721359024395,166
CMRL-sh19,13.0682815489825,80.2715646448854,167
CMRL-sh19,13.0678628458526,80.2710989975532,168
CMRL-sh19,13.0673469181431,80.270540823682,169
CMRL-sh19,13.0671414212996,80.2703161217195,170
CMRL-sh19,13.0668154174706,80.2699568212078,171
CMRL-sh19,13.0666477144475,80.2697364205422,172
CMRL-sh19,13.0665468674123,80.2695583202571,173
CMRL-sh19,13.0664216377456,80.2690469963497,174
CMRL-sh19,13.0663719040823,80.2686683528745,175
CMRL-sh19,13.0663623991353,80.2686072143308,176
CMRL-sh19,13.066359730357,80.2685607727726,177
CMRL-sh19,13.0663510124362,80.2685054928047,178
CMRL-sh19,13.0663338378295,80.2684350925413,179
CMRL-sh19,13.0663159864469,80.2683854546522,180
CMRL-sh19,13.0663003615272,80.2683380190993,181
CMRL-sh19,13.0662724425907,80.2682750250756,182
CMRL-sh19,13.0661984256899,80.2681553986816,183
CMRL-sh19,13.0661831859635,80.2681336829802,184
CMRL-sh19,13.0661765815393,80.2681254965156,185
CMRL-sh19,13.0661555045447,80.2680982006971,186
CMRL-sh19,13.0661376924891,80.2680746951876,187
CMRL-sh19,13.0654186849444,80.2671327612141,188
CMRL-sh19,13.0653454999724,80.2670393874441,189
CMRL-sh19,13.0651897148973,80.2668490108881,190
CMRL-sh19,13.0638234932835,80.2651595854638,191
CMRL-sh19,13.0631895647505,80.2643776002804,192
CMRL-sh19,13.0613415189262,80.2621184056381,193
CMRL-sh19,13.0593610201973,80.259699586638,194
CMRL-sh19,13.0591908099639,80.2594960704857,195
CMRL-sh19,13.0577266565143,80.2577207390957,196
CMRL-sh19,13.0575601661461,80.2575489861021,197
CMRL-sh19,13.0573836693618,80.2573862861237,198
CMRL-sh19,13.0572996188204,80.257306937365,199
CMRL-sh19,13.0565139211033,80.2565735035158,200
CMRL-sh19,13.0561502821233,80.256190473341,201
CMRL-sh19,13.055811948276,80.2557902564679,202
CMRL-sh19,13.0544961305003,80.2539953589391,203
CMRL-sh19,13.0531690717706,80.2521887795751,204
CMRL-sh19,13.0524643403755,80.2513484895363,205
CMRL-sh19,13.0523439305814,80.2512313735708,206
CMRL-sh19,13.0522903888918,80.2511821669044,207
CMRL-sh19,13.0522008074954,80.2511162561651,208
CMRL-sh19,13.0519369280098,80.250927950579,209
CMRL-sh19,13.051356929818,80.2506046340234,210
CMRL-sh19,13.0512943362992,80.2505718301735,211
CMRL-sh19,13.0512299972496,80.2505411433215,212
CMRL-sh19,13.0500577113524,80.2500426658319,213
CMRL-sh19,13.0498676439901,80.2499458712935,214
CMRL-sh19,13.0497595144084,80.2498982913228,215
CMRL-sh19,13.0495597755133,80.2497893843662,216
CMRL-sh19,13.047519890276,80.2487358344907,217
CMRL-sh19,13.0468927559252,80.2485076661192,218
CMRL-sh19,13.0468170562909,80.2484876758232,219
CMRL-sh19,13.0465751500098,80.2484191965624,220
CMRL-sh19,13.04639110942,80.2483873126184,221
CMRL-sh19,13.0449313986116,80.2480761126076,222
CMRL-sh19,13.0398290456842,80.2470664511139,223
CMRL-sh19,13.0363141660644,80.2462787913376,224
CMRL-sh19,13.0355671684992,80.2461065058529,225
CMRL-sh19,13.0352895487815,80.2460314164744,226
CMRL-sh19,13.0351600287227,80.2459828319422,227
CMRL-sh19,13.0350617247491,80.2459292481035,228
CMRL-sh19,13.0349602272471,80.2458485194356,229
CMRL-sh19,13.034914588,80.2458111959502,230
CMRL-sh19,13.0348618259015,80.2457609592713,231
CMRL-sh19,13.0347231469918,80.2455944836055,232
CMRL-sh19,13.0342514695016,80.2449172295329,233
CMRL-sh19,13.0338454879438,80.2443809413829,234
CMRL-sh19,13.03260905776,80.242782537727,235
CMRL-sh19,13.0324308381087,80.2425008268699,236
CMRL-sh19,13.0322309953953,80.2421661431022,237
CMRL-sh19,13.0311857595735,80.2400741529641,238
CMRL-sh19,13.0310239733356,80.2397322983023,239
CMRL-sh19,13.0305283865628,80.2388354786159,240
CMRL-sh19,13.0299599835446,80.2378258971014,241
CMRL-sh19,13.0296811110034,80.2374046938545,242
CMRL-sh19,13.0291337633697,80.2367480145534,243
CMRL-sh19,13.0283118386643,80.235868381634,244
CMRL-sh19,13.0279498497928,80.2354214003558,245
CMRL-sh19,13.0275836484298,80.2348307892765,246
CMRL-sh19,13.0269960755112,80.2337993464652,247
CMRL-sh19,13.0265560035087,80.23301783675,248
CMRL-sh19,13.026518218382,80.2329563240426,249
CMRL-sh19,13.0264678997569,80.2328784946418,250
CMRL-sh19,13.0263556442027,80.2327220038208,251
CMRL-sh19,13.0254791269047,80.2314259994085,252
CMRL-sh19,13.0249266033198,80.2305024118581,253
CMRL-sh19,13.0243455737608,80.2295737791408,254
CMRL-sh19,13.0238789623903,80.228744902362,255
CMRL-sh19,13.0236331285364,80.2283490482348,256
CMRL-sh19,13.0234944036996,80.2281124836753,257
CMRL-sh19,13.0227370525512,80.2272239925662,258
CMRL-sh19,13.0221559414993,80.2266421142025,259
CMRL-sh19,13.0214301656776,80.2260264527071,260
CMRL-sh19,13.0213580424595,80.2259643995396,261
CMRL-sh19,13.0207718332667,80.2255527873114,262
CMRL-sh19,13.0202259684177,80.2252353138575,263
CMRL-sh19,13.0199279457699,80.2250890494133,264
CMRL-sh19,13.0197861833694,80.2250483013326,265
CMRL-sh19,13.0193690564111,80.2249746639459,266
CMRL-sh19,13.0191641947224,80.2249642580353,267
CMRL-sh19,13.0188415564938,80.2249907432301,268
CMRL-sh19,13.0184453796901,80.2250847720577,269
CMRL-sh19,13.0164310733778,80.2255024067367,270
CMRL-sh19,13.0163241524615,80.2255139079071,271
CMRL-sh19,13.01621428612,80.2255096975197,272
CMRL-sh19,13.0160619765499,80.2254790272076,273
CMRL-sh19,13.0158830497688,80.2254274864628,274
CMRL-sh19,13.0157652227816,80.2253843525974,275
CMRL-sh19,13.0156880183334,80.2253427477367,276
CMRL-sh19,13.0156227390931,80.2253018254016,277
CMRL-sh19,13.0155233954639,80.2252013573669,278
CMRL-sh19,13.015265854844,80.2249270368015,279
CMRL-sh19,13.014400245385,80.2238199773884,280
CMRL-sh19,13.0131700253864,80.2223438765403,281
CMRL-sh19,13.0125319860951,80.2215211818992,282
CMRL-sh19,13.012318985701,80.2211683621242,283
CMRL-sh19,13.0120864712201,80.2205677008767,284
CMRL-sh19,13.0118563206222,80.2198789968676,285
CMRL-sh19,13.0113038135985,80.2183004292822,286
CMRL-sh19,13.0112915182225,80.2182664127831,287
CMRL-sh19,13.011273415477,80.218217685782,288
CMRL-sh19,13.0110242735751,80.2176290222726,289
CMRL-sh19,13.0106773059805,80.216931943315,290
CMRL-sh19,13.0106349485723,80.2168593634707,291
CMRL-sh19,13.0102017038016,80.2162438723543,292
CMRL-sh19,13.010014225097,80.2159498204905,293
CMRL-sh19,13.009751870969,80.2153851326781,294
CMRL-sh19,13.0095537819546,80.2147522515781,295
CMRL-sh19,13.009402261137,80.2138422291931,296
CMRL-sh19,13.0089993769386,80.2122136226209,297
CMRL-sh19,13.0088319182699,80.2114757386399,298
CMRL-sh19,13.0086711407808,80.2109324437898,299
CMRL-sh19,13.0084566906262,80.2102847923249,300
CMRL-sh19,13.0083279232532,80.2098906432689,301
CMRL-sh19,13.0081712077485,80.2094317309596,302
CMRL-sh19,13.0081507230195,80.209358166983,303
CMRL-sh19,13.0080478521389,80.2087907254815,304
CMRL-sh19,13.0080414192805,80.2087456846813,305
CMRL-sh19,13.0079592229718,80.2081534634926,306
CMRL-sh19,13.0077537764611,80.2068678294433,307
CMRL-sh19,13.0077493676218,80.2068428448456,308
CMRL-sh19,13.0077433837959,80.2068133751318,309
CMRL-sh19,13.0074284811455,80.2056024942706,310
CMRL-sh19,13.0074181518524,80.2055723004866,311
CMRL-sh19,13.0073322336715,80.2053044610088,312
CMRL-sh19,13.0071512347273,80.2048166725463,313
CMRL-sh19,13.0069968188769,80.204490390199,314
CMRL-sh19,13.0069276301207,80.2043532099732,315
CMRL-sh19,13.0065162572785,80.2036151478132,316
CMRL-sh19,13.0064880478072,80.2035662796954,317
CMRL-sh19,13.0061712905589,80.2031061081511,318
CMRL-sh19,13.0061061982585,80.2030023268309,319
CMRL-sh19,13.0059394229526,80.202714253404,320
CMRL-sh19,13.0058042135887,80.2025218005351,321
CMRL-sh19,13.0057076644447,80.2024020521372,322
CMRL-sh19,13.0056303281094,80.2023165468419,323
CMRL-sh19,13.0055924204758,80.2022824517429,324
CMRL-sh19,13.005554307667,80.2022572418627,325
CMRL-sh19,13.0054095908278,80.2021710679329,326
CMRL-sh19,13.0052950709402,80.2021060891665,327
CMRL-sh19,13.0050308336943,80.201961512507,328
CMRL-sh19,13.0048437074905,80.2018829782223,329
CMRL-sh19,13.0035492870336,80.2012828186929,330
CMRL-sh19,13.0029335644084,80.200896376574,331
CMRL-sh19,13.0025109273023,80.2006368208407,332
CMRL-sh19,13.0023289965218,80.2005095275154,333
CMRL-sh19,13.0021364221589,80.2003554236355,334
CMRL-sh19,13.0020144781175,80.2002218703948,335
CMRL-sh19,13.0019318149273,80.2001140253564,336
CMRL-sh19,13.0018772478988,80.2000198777676,337
CMRL-sh19,13.0018560542085,80.199972837786,338
CMRL-sh19,13.0018160559032,80.1998452041308,339
CMRL-sh19,13.0017708579881,80.1996522101164,340
CMRL-sh19,13.0017484750181,80.1994853113986,341
CMRL-sh19,13.0017397521106,80.1993311943639,342
CMRL-sh19,13.0017505489578,80.1992339931378,343
CMRL-sh19,13.0017579368799,80.1991458230297,344
CMRL-sh19,13.0017649393792,80.1991149910383,345
CMRL-sh19,13.001789212278,80.1989980541798,346
CMRL-sh19,13.001831920847,80.1988305414744,347
CMRL-sh19,13.0019602128195,80.1981700053073,348
CMRL-sh19,13.0020184019742,80.1978082051399,349
CMRL-sh19,13.0020639931893,80.1974807966148,350
CMRL-sh19,13.0020741034896,80.1973141938392,351
CMRL-sh19,13.0020729716488,80.1971677743425,352
CMRL-sh19,13.0020571642157,80.1970606370065,353
CMRL-sh19,13.0020352658741,80.1969667232895,354
CMRL-sh19,13.0020017450413,80.1968706393989,355
CMRL-sh19,13.0019394730078,80.1967179509599,356
CMRL-sh19,13.0018776590204,80.1966023371942,357
CMRL-sh19,13.0016819769605,80.1962996737567,358
CMRL-sh19,13.0012913970575,80.1958218671766,359
CMRL-sh19,13.00094736845,80.1953843580764,360
CMRL-sh19,13.0004354970039,80.1947198034806,361
CMRL-sh19,12.9990895784154,80.1930298394236,362
CMRL-sh19,12.9981629989087,80.1918713309258,363
CMRL-sh19,12.9976233828517,80.1911722432229,364
CMRL-sh19,12.997543964251,80.1910508149241,365
CMRL-sh19,12.9974822834768,80.1909387404098,366
CMRL-sh19,12.9974034395778,80.1907911006626,367
CMRL-sh19,12.9973767087108,80.1907429680932,368
CMRL-sh19,12.9973215752799,80.1906511321866,369
CMRL-sh19,12.9972685703664,80.1905720824733,370
CMRL-sh19,12.9970735776899,80.1902974450478,371
CMRL-sh19,12.9964203264028,80.1895017865321,372
CMRL-sh19,12.9961493836192,80.1891743280604,373
CMRL-sh19,12.9958371578831,80.1887523384838,374
CMRL-sh19,12.9958216355429,80.1887282633869,375
CMRL-sh19,12.9957985049145,80.188694936839,376
CMRL-sh19,12.99576684307,80.1886386084507,377
CMRL-sh19,12.995697740854,80.1884922597085,378
CMRL-sh19,12.9955503563685,80.1882192089048,379
CMRL-sh19,12.9951486545649,80.1874323335033,380
CMRL-sh19,12.9949710503134,80.1870468857558,381
CMRL-sh19,12.994300294072,80.1857106607074,382
CMRL-sh19,12.9935306010651,80.1843071740902,383
CMRL-sh19,12.9933141198173,80.1839151791429,384
CMRL-sh19,12.9929322155899,80.1832542450204,385
CMRL-sh19,12.9924237309159,80.1824427138478,386
CMRL-sh19,12.9919652496068,80.1817668429503,387
CMRL-sh19,12.9912855414387,80.1809100545514,388
CMRL-sh19,12.9906485003957,80.1800589271476,389
CMRL-sh19,12.9902298406982,80.1795315634668,390
CMRL-sh19,12.9901440981355,80.1794289355179,391
CMRL-sh19,12.9900553965407,80.1793243054485,392
CMRL-sh19,12.9899537052371,80.1792229468983,393
CMRL-sh19,12.9892933733527,80.1785818166507,394
CMRL-sh19,12.9889958101496,80.1782737912566,395
CMRL-sh19,12.988870956504,80.1781201915951,396
CMRL-sh19,12.9887945429542,80.1780088020888,397
CMRL-sh19,12.9885146143975,80.1776051483962,398
CMRL-sh19,12.9875824323738,80.1763092157972,399
CMRL-sh19,12.9870201661999,80.1755064699491,400
CMRL-sh19,12.9863932080512,80.1746336368583,401
CMRL-sh19,12.9852068649201,80.1728984160718,402
CMRL-sh19,12.9842070735446,80.1711489508102,403
CMRL-sh19,12.9834496434134,80.1695840116432,404
CMRL-sh19,12.9821813769606,80.1671914054718,405
CMRL-sh19,12.9819284718664,80.1666491349796,406
CMRL-sh19,12.9809741797154,80.1641763799997,407
CMRL-sh19,12.980769733417,80.1636667008123,408
CMRL-sh20,12.9946171052745,80.1969508349426,1
CMRL-sh20,12.9949166959015,80.1979413774769,2
CMRL-sh20,12.995061718016,80.1984055409215,3
CMRL-sh20,12.9951808211333,80.1988922631936,4
CMRL-sh20,12.9953248791002,80.1993375307196,5
CMRL-sh20,12.9955188022029,80.1998553582424,6
CMRL-sh20,12.9956953707728,80.2001780861758,7
CMRL-sh20,12.9958818110895,80.2003880283331,8
CMRL-sh20,12.9961280940965,80.200485487997,9
CMRL-sh20,12.9964542643968,80.2005309586025,10
CMRL-sh20,12.9967913776784,80.2005662028275,11
CMRL-sh20,12.997159112691,80.2006054156039,12
CMRL-sh20,12.9974691014187,80.2006154777887,13
CMRL-sh20,12.9990663061109,80.2005000858396,14
CMRL-sh20,13.0042359703321,80.2016020715567,15
CMRL-sh20,13.0049269846916,80.2019134117249,16
CMRL-sh20,13.0052524421579,80.2020546124733,17
CMRL-sh20,13.0057526985224,80.2022979961705,18
CMRL-sh20,13.0060083657784,80.2024080386949,19
CMRL-sh20,13.0066637304847,80.2026893813385,20
CMRL-sh20,13.0070857804165,80.2028530744782,21
CMRL-sh20,13.0073801059722,80.202936477912,22
CMRL-sh20,13.0081767754156,80.2031101962637,23
CMRL-sh20,13.0082903838936,80.2031254566419,24
CMRL-sh20,13.0083416215789,80.2031302845939,25
CMRL-sh20,13.0090875268475,80.2031431488069,26
CMRL-sh20,13.010298772069,80.2031594562205,27
CMRL-sh20,13.0104418563447,80.2031794111823,28
CMRL-sh20,13.010891393408,80.2032691856045,29
CMRL-sh20,13.011169201943,80.2033433083197,30
CMRL-sh20,13.011284777338,80.2033800130921,31
CMRL-sh20,13.0113442867415,80.2033995967688,32
CMRL-sh20,13.0121504302808,80.2037063486373,33
CMRL-sh20,13.0150442785076,80.2047397350459,34
CMRL-sh20,13.0152025592562,80.2047941731016,35
CMRL-sh20,13.0153592441947,80.2048524036093,36
CMRL-sh20,13.0157952603061,80.2050097725323,37
CMRL-sh20,13.0176660386678,80.2056822063594,38
CMRL-sh20,13.0182501348945,80.2058961482433,39
CMRL-sh20,13.019013734493,80.2061473051878,40
CMRL-sh20,13.0194451139166,80.2062854803071,41
CMRL-sh20,13.0195680547043,80.2063204047671,42
CMRL-sh20,13.019637737739,80.2063362785244,43
CMRL-sh20,13.0197912649482,80.2063638793905,44
CMRL-sh20,13.0198427107642,80.206366878532,45
CMRL-sh20,13.0203978435872,80.2063440735763,46
CMRL-sh20,13.0211175017074,80.2063650215906,47
CMRL-sh20,13.021963697965,80.2064064326146,48
CMRL-sh20,13.0227300213892,80.2064880120891,49
CMRL-sh20,13.0239607109862,80.2067169593643,50
CMRL-sh20,13.0247650015715,80.2069028116473,51
CMRL-sh20,13.0248764174823,80.2069210031986,52
CMRL-sh20,13.0249256794422,80.2069262118411,53
CMRL-sh20,13.024977042386,80.2069287258144,54
CMRL-sh20,13.0256813441247,80.206958581953,55
CMRL-sh20,13.0258405242953,80.2069858750605,56
CMRL-sh20,13.0259757713492,80.2070212848655,57
CMRL-sh20,13.0261392535204,80.207070422347,58
CMRL-sh20,13.0262753112161,80.2071220452406,59
CMRL-sh20,13.0263586712331,80.2071618768012,60
CMRL-sh20,13.0271393031085,80.2076237841342,61
CMRL-sh20,13.0272573297845,80.2076998377016,62
CMRL-sh20,13.027306104274,80.2077346047163,63
CMRL-sh20,13.027451227128,80.2078582344652,64
CMRL-sh20,13.027675687106,80.2080788587964,65
CMRL-sh20,13.0279042942695,80.2082859090338,66
CMRL-sh20,13.0279540731504,80.2083231678976,67
CMRL-sh20,13.0280390285205,80.2083990545418,68
CMRL-sh20,13.028109183544,80.2084522988181,69
CMRL-sh20,13.028168056977,80.2084943962102,70
CMRL-sh20,13.0282751085674,80.2085554824195,71
CMRL-sh20,13.0284767572791,80.2086231211513,72
CMRL-sh20,13.0286697150319,80.2086722828124,73
CMRL-sh20,13.0288160212926,80.2086983379308,74
CMRL-sh20,13.0289389328252,80.2087252800055,75
CMRL-sh20,13.0290332329117,80.2087446370763,76
CMRL-sh20,13.0290728326529,80.2087539324041,77
CMRL-sh20,13.0297846252484,80.208934230183,78
CMRL-sh20,13.0313102561864,80.2093878565962,79
CMRL-sh20,13.0318878669958,80.2095419314268,80
CMRL-sh20,13.032170170931,80.2096029996085,81
CMRL-sh20,13.0323939957486,80.2096457438526,82
CMRL-sh20,13.032745359557,80.2096882699701,83
CMRL-sh20,13.0334371541541,80.2097738449664,84
CMRL-sh20,13.0338793507888,80.2097940580277,85
CMRL-sh20,13.0343622533346,80.2097944638083,86
CMRL-sh20,13.0345622605276,80.2098245158842,87
CMRL-sh20,13.0346055232923,80.2098394327401,88
CMRL-sh20,13.0346416645682,80.2098492324908,89
CMRL-sh20,13.0347763183639,80.2099145224557,90
CMRL-sh20,13.0349246174885,80.2100219628906,91
CMRL-sh20,13.0349547969532,80.2100520035864,92
CMRL-sh20,13.035017641451,80.2101176560612,93
CMRL-sh20,13.0350939379401,80.2102331577783,94
CMRL-sh20,13.0351323392134,80.2102980106852,95
CMRL-sh20,13.0358718735438,80.2117385160551,96
CMRL-sh20,13.0359913625487,80.2119462836294,97
CMRL-sh20,13.0360841075612,80.2120823347058,98
CMRL-sh20,13.0361110980793,80.2121197999471,99
CMRL-sh20,13.0361455238961,80.2121585580042,100
CMRL-sh20,13.0361809305486,80.2121890122953,101
CMRL-sh20,13.0362336243996,80.2122307998939,102
CMRL-sh20,13.036316336619,80.2122800605455,103
CMRL-sh20,13.0364096110918,80.212306325293,104
CMRL-sh20,13.0366027846406,80.212333169575,105
CMRL-sh20,13.0367574382585,80.2123393546909,106
CMRL-sh20,13.0368932239615,80.2123508371154,107
CMRL-sh20,13.037619285196,80.2123359362651,108
CMRL-sh20,13.039557825142,80.2123225563835,109
CMRL-sh20,13.0404167474986,80.2123373876465,110
CMRL-sh20,13.0411109884174,80.2123366246977,111
CMRL-sh20,13.0417169792988,80.2123321442251,112
CMRL-sh20,13.0426176494561,80.2123428348577,113
CMRL-sh20,13.0428852981478,80.2123535266791,114
CMRL-sh20,13.0431700669655,80.2123498327074,115
CMRL-sh20,13.0433419811103,80.2123445258615,116
CMRL-sh20,13.0434946854988,80.2123349519734,117
CMRL-sh20,13.045075169228,80.212314833784,118
CMRL-sh20,13.0460936587611,80.2123063590275,119
CMRL-sh20,13.0474664810052,80.212233307487,120
CMRL-sh20,13.0485445112485,80.2121319896336,121
CMRL-sh20,13.0494251401997,80.212062494105,122
CMRL-sh20,13.0496561488292,80.2120514600243,123
CMRL-sh20,13.0498780139975,80.2120587779419,124
CMRL-sh20,13.0514414834966,80.2121228823017,125
CMRL-sh20,13.0518681754558,80.2121310546429,126
CMRL-sh20,13.0520738692228,80.212124890266,127
CMRL-sh20,13.052201138339,80.2121074379856,128
CMRL-sh20,13.0522601288723,80.212094075295,129
CMRL-sh20,13.0536687316997,80.2117133622272,130
CMRL-sh20,13.0542839204542,80.211546673919,131
CMRL-sh20,13.0544879062096,80.2115050935635,132
CMRL-sh20,13.05465809148,80.2114870693625,133
CMRL-sh20,13.0547200964212,80.2114856167695,134
CMRL-sh20,13.0583208747981,80.2115712921979,135
CMRL-sh20,13.0595448117131,80.2116074850505,136
CMRL-sh20,13.0613803206496,80.2116833085532,137
CMRL-sh20,13.0627015225003,80.2117223643733,138
CMRL-sh20,13.0636615047114,80.2117068125568,139
CMRL-sh20,13.0637671095574,80.2116942134531,140
CMRL-sh20,13.0638096026469,80.211684811603,141
CMRL-sh20,13.0644279943723,80.2115308452127,142
CMRL-sh20,13.0646402347597,80.2114513363426,143
CMRL-sh20,13.0648142873955,80.2113649158349,144
CMRL-sh20,13.0649198515783,80.2113052492588,145
CMRL-sh20,13.0654033779922,80.2109741114608,146
CMRL-sh20,13.0661094770802,80.2104421091395,147
CMRL-sh20,13.0665913883909,80.210021085564,148
CMRL-sh20,13.0668845081839,80.2096838999388,149
CMRL-sh20,13.0671784939432,80.2092640849551,150
CMRL-sh20,13.0673615023091,80.2090009024411,151
CMRL-sh20,13.0676980502091,80.2084943747454,152
CMRL-sh20,13.0679920976726,80.208077299532,153
CMRL-sh20,13.0682057479913,80.2077733830174,154
CMRL-sh20,13.0683082657115,80.2075837762775,155
CMRL-sh20,13.0683438656806,80.2074970663848,156
CMRL-sh20,13.0683928012908,80.2073693194313,157
CMRL-sh20,13.068459577101,80.207081726572,158
CMRL-sh20,13.0684898440688,80.2068811478692,159
CMRL-sh20,13.0684963636735,80.2067202426005,160
CMRL-sh20,13.0684658004453,80.2049152758516,161
CMRL-sh20,13.0684745024183,80.2047625942416,162
CMRL-sh20,13.068483244784,80.2046822298081,163
CMRL-sh20,13.0684826617331,80.2039458648564,164
CMRL-sh17,12.980769733417,80.1636667008123,1
CMRL-sh17,12.9809741797154,80.1641763799997,2
CMRL-sh17,12.9819284718664,80.1666491349796,3
CMRL-sh17,12.9821813769606,80.1671914054718,4
CMRL-sh17,12.9834496434134,80.1695840116432,5
CMRL-sh17,12.9842070735446,80.1711489508102,6
CMRL-sh17,12.9852068649201,80.1728984160718,7
CMRL-sh17,12.9863932080512,80.1746336368583,8
CMRL-sh17,12.9870201661999,80.1755064699491,9
CMRL-sh17,12.9875824323738,80.1763092157972,10
CMRL-sh17,12.9885146143975,80.1776051483962,11
CMRL-sh17,12.9887945429542,80.1780088020888,12
CMRL-sh17,12.988870956504,80.1781201915951,13
CMRL-sh17,12.9889958101496,80.1782737912566,14
CMRL-sh17,12.9892933733527,80.1785818166507,15
CMRL-sh17,12.9899537052371,80.1792229468983,16
CMRL-sh17,12.9900553965407,80.1793243054485,17
CMRL-sh17,12.9901440981355,80.1794289355179,18
CMRL-sh17,12.9902298406982,80.1795315634668,19
CMRL-sh17,12.9906485003957,80.1800589271476,20
CMRL-sh17,12.9912855414387,80.1809100545514,21
CMRL-sh17,12.9919652496068,80.1817668429503,22
CMRL-sh17,12.9924237309159,80.1824427138478,23
CMRL-sh17,12.9929322155899,80.1832542450204,24
CMRL-sh17,12.9933141198173,80.1839151791429,25
CMRL-sh17,12.9935306010651,80.1843071740902,26
CMRL-sh17,12.994300294072,80.1857106607074,27
CMRL-sh17,12.9949710503134,80.1870468857558,28
CMRL-sh17,12.9951486545649,80.1874323335033,29
CMRL-sh17,12.9955503563685,80.1882192089048,30
CMRL-sh17,12.995697740854,80.1884922597085,31
CMRL-sh17,12.99576684307,80.1886386084507,32
CMRL-sh17,12.9957985049145,80.188694936839,33
CMRL-sh17,12.9958216355429,80.1887282633869,34
CMRL-sh17,12.9958371578831,80.1887523384838,35
CMRL-sh17,12.9961493836192,80.1891743280604,36
CMRL-sh17,12.9964203264028,80.1895017865321,37
CMRL-sh17,12.9970735776899,80.1902974450478,38
CMRL-sh17,12.9972685703664,80.1905720824733,39
CMRL-sh17,12.9973215752799,80.1906511321866,40
CMRL-sh17,12.9973767087108,80.1907429680932,41
CMRL-sh17,12.9974034395778,80.1907911006626,42
CMRL-sh17,12.9974822834768,80.1909387404098,43
CMRL-sh17,12.997543964251,80.1910508149241,44
CMRL-sh17,12.9976233828517,80.1911722432229,45
CMRL-sh17,12.9981629989087,80.1918713309258,46
CMRL-sh17,12.9990895784154,80.1930298394236,47
CMRL-sh17,13.0004354970039,80.1947198034806,48
CMRL-sh17,13.00094736845,80.1953843580764,49
CMRL-sh17,13.0012913970575,80.1958218671766,50
CMRL-sh17,13.0016819769605,80.1962996737567,51
CMRL-sh17,13.0018776590204,80.1966023371942,52
CMRL-sh17,13.0019394730078,80.1967179509599,53
CMRL-sh17,13.0020017450413,80.1968706393989,54
CMRL-sh17,13.0020352658741,80.1969667232895,55
CMRL-sh17,13.0020571642157,80.1970606370065,56
CMRL-sh17,13.0020729716488,80.1971677743425,57
CMRL-sh17,13.0020741034896,80.1973141938392,58
CMRL-sh17,13.0020639931893,80.1974807966148,59
CMRL-sh17,13.0020184019742,80.1978082051399,60
CMRL-sh17,13.0019602128195,80.1981700053073,61
CMRL-sh17,13.001831920847,80.1988305414744,62
CMRL-sh17,13.001789212278,80.1989980541798,63
CMRL-sh17,13.0017649393792,80.1991149910383,64
CMRL-sh17,13.0017579368799,80.1991458230297,65
CMRL-sh17,13.0017505489578,80.1992339931378,66
CMRL-sh17,13.0017397521106,80.1993311943639,67
CMRL-sh17,13.0017484750181,80.1994853113986,68
CMRL-sh17,13.0017708579881,80.1996522101164,69
CMRL-sh17,13.0018160559032,80.1998452041308,70
CMRL-sh17,13.0018560542085,80.199972837786,71
CMRL-sh17,13.0018772478988,80.2000198777676,72
CMRL-sh17,13.0019318149273,80.2001140253564,73
CMRL-sh17,13.0020144781175,80.2002218703948,74
CMRL-sh17,13.0021364221589,80.2003554236355,75
CMRL-sh17,13.0023289965218,80.2005095275154,76
CMRL-sh17,13.0025109273023,80.2006368208407,77
CMRL-sh17,13.0029335644084,80.200896376574,78
CMRL-sh17,13.0035417150079,80.2012792977169,79
CMRL-sh17,13.0042359703321,80.2016020715567,80
CMRL-sh17,13.0049269846916,80.2019134117249,81
CMRL-sh17,13.0052524421579,80.2020546124733,82
CMRL-sh17,13.0057526985224,80.2022979961705,83
CMRL-sh17,13.0060083657784,80.2024080386949,84
CMRL-sh17,13.0066637304847,80.2026893813385,85
CMRL-sh17,13.0070857804165,80.2028530744782,86
CMRL-sh17,13.0073801059722,80.202936477912,87
CMRL-sh17,13.0081767754156,80.2031101962637,88
CMRL-sh17,13.0082903838936,80.2031254566419,89
CMRL-sh17,13.0083416215789,80.2031302845939,90
CMRL-sh17,13.0090875268475,80.2031431488069,91
CMRL-sh17,13.010298772069,80.2031594562205,92
CMRL-sh17,13.0104418563447,80.2031794111823,93
CMRL-sh17,13.010891393408,80.2032691856045,94
CMRL-sh17,13.011169201943,80.2033433083197,95
CMRL-sh17,13.011284777338,80.2033800130921,96
CMRL-sh17,13.0113442867415,80.2033995967688,97
CMRL-sh17,13.0121504302808,80.2037063486373,98
CMRL-sh17,13.0150442785076,80.2047397350459,99
CMRL-sh17,13.0152025592562,80.2047941731016,100
CMRL-sh17,13.0153592441947,80.2048524036093,101
CMRL-sh17,13.0157952603061,80.2050097725323,102
CMRL-sh17,13.0176660386678,80.2056822063594,103
CMRL-sh17,13.0182501348945,80.2058961482433,104
CMRL-sh17,13.019013734493,80.2061473051878,105
CMRL-sh17,13.0194451139166,80.2062854803071,106
CMRL-sh17,13.0195680547043,80.2063204047671,107
CMRL-sh17,13.019637737739,80.2063362785244,108
CMRL-sh17,13.0197912649482,80.2063638793905,109
CMRL-sh17,13.0198427107642,80.206366878532,110
CMRL-sh17,13.0203978435872,80.2063440735763,111
CMRL-sh17,13.0211175017074,80.2063650215906,112
CMRL-sh17,13.021963697965,80.2064064326146,113
CMRL-sh17,13.0227300213892,80.2064880120891,114
CMRL-sh17,13.0239607109862,80.2067169593643,115
CMRL-sh17,13.0247650015715,80.2069028116473,116
CMRL-sh17,13.0248764174823,80.2069210031986,117
CMRL-sh17,13.0249256794422,80.2069262118411,118
CMRL-sh17,13.024977042386,80.2069287258144,119
CMRL-sh17,13.0256813441247,80.206958581953,120
CMRL-sh17,13.0258405242953,80.2069858750605,121
CMRL-sh17,13.0259757713492,80.2070212848655,122
CMRL-sh17,13.0261392535204,80.207070422347,123
CMRL-sh17,13.0262753112161,80.2071220452406,124
CMRL-sh17,13.0263586712331,80.2071618768012,125
CMRL-sh17,13.0271393031085,80.2076237841342,126
CMRL-sh17,13.0272573297845,80.2076998377016,127
CMRL-sh17,13.027306104274,80.2077346047163,128
CMRL-sh17,13.027451227128,80.2078582344652,129
CMRL-sh17,13.027675687106,80.2080788587964,130
CMRL-sh17,13.0279042942695,80.2082859090338,131
CMRL-sh17,13.0279540731504,80.2083231678976,132
CMRL-sh17,13.0280390285205,80.2083990545418,133
CMRL-sh17,13.028109183544,80.2084522988181,134
CMRL-sh17,13.028168056977,80.2084943962102,135
CMRL-sh17,13.0282751085674,80.2085554824195,136
CMRL-sh17,13.0284767572791,80.2086231211513,137
CMRL-sh17,13.0286697150319,80.2086722828124,138
CMRL-sh17,13.0288160212926,80.2086983379308,139
CMRL-sh17,13.0289389328252,80.2087252800055,140
CMRL-sh17,13.0290332329117,80.2087446370763,141
CMRL-sh17,13.0290728326529,80.2087539324041,142
CMRL-sh17,13.0297846252484,80.208934230183,143
CMRL-sh17,13.0313102561864,80.2093878565962,144
CMRL-sh17,13.0318878669958,80.2095419314268,145
CMRL-sh17,13.032170170931,80.2096029996085,146
CMRL-sh17,13.0323939957486,80.2096457438526,147
CMRL-sh17,13.032745359557,80.2096882699701,148
CMRL-sh17,13.0334371541541,80.2097738449664,149
CMRL-sh17,13.0338793507888,80.2097940580277,150
CMRL-sh17,13.0343622533346,80.2097944638083,151
CMRL-sh17,13.0345622605276,80.2098245158842,152
CMRL-sh17,13.0346055232923,80.2098394327401,153
CMRL-sh17,13.0346416645682,80.2098492324908,154
CMRL-sh17,13.0347763183639,80.2099145224557,155
CMRL-sh17,13.0349246174885,80.2100219628906,156
CMRL-sh17,13.0349547969532,80.2100520035864,157
CMRL-sh17,13.035017641451,80.2101176560612,158
CMRL-sh17,13.0350939379401,80.2102331577783,159
CMRL-sh17,13.0351323392134,80.2102980106852,160
CMRL-sh17,13.0358718735438,80.2117385160551,161
CMRL-sh17,13.0359913625487,80.2119462836294,162
CMRL-sh17,13.0360841075612,80.2120823347058,163
CMRL-sh17,13.0361110980793,80.2121197999471,164
CMRL-sh17,13.0361455238961,80.2121585580042,165
CMRL-sh17,13.0361809305486,80.2121890122953,166
CMRL-sh17,13.0362336243996,80.2122307998939,167
CMRL-sh17,13.036316336619,80.2122800605455,168
CMRL-sh17,13.0364096110918,80.212306325293,169
CMRL-sh17,13.0366027846406,80.212333169575,170
CMRL-sh17,13.0367574382585,80.2123393546909,171
CMRL-sh17,13.0368932239615,80.2123508371154,172
CMRL-sh17,13.037619285196,80.2123359362651,173
CMRL-sh17,13.039557825142,80.2123225563835,174
CMRL-sh17,13.0404167474986,80.2123373876465,175
CMRL-sh17,13.0411109884174,80.2123366246977,176
CMRL-sh17,13.0417169792988,80.2123321442251,177
CMRL-sh17,13.0426176494561,80.2123428348577,178
CMRL-sh17,13.0428852981478,80.2123535266791,179
CMRL-sh17,13.0431700669655,80.2123498327074,180
CMRL-sh17,13.0433419811103,80.2123445258615,181
CMRL-sh17,13.0434946854988,80.2123349519734,182
CMRL-sh17,13.045075169228,80.212314833784,183
CMRL-sh17,13.0460936587611,80.2123063590275,184
CMRL-sh17,13.0474664810052,80.212233307487,185
CMRL-sh17,13.0485445112485,80.2121319896336,186
CMRL-sh17,13.0494251401997,80.212062494105,187
CMRL-sh17,13.0496561488292,80.2120514600243,188
CMRL-sh17,13.0498780139975,80.2120587779419,189
CMRL-sh17,13.0514414834966,80.2121228823017,190
CMRL-sh17,13.0518681754558,80.2121310546429,191
CMRL-sh17,13.0520738692228,80.212124890266,192
CMRL-sh17,13.052201138339,80.2121074379856,193
CMRL-sh17,13.0522601288723,80.212094075295,194
CMRL-sh17,13.0536687316997,80.2117133622272,195
CMRL-sh17,13.0542839204542,80.211546673919,196
CMRL-sh17,13.0544879062096,80.2115050935635,197
CMRL-sh17,13.05465809148,80.2114870693625,198
CMRL-sh17,13.0547200964212,80.2114856167695,199
CMRL-sh17,13.0583208747981,80.2115712921979,200
CMRL-sh17,13.0595448117131,80.2116074850505,201
CMRL-sh17,13.0613803206496,80.2116833085532,202
CMRL-sh17,13.0627015225003,80.2117223643733,203
CMRL-sh17,13.0636615047114,80.2117068125568,204
CMRL-sh17,13.0637671095574,80.2116942134531,205
CMRL-sh17,13.0638096026469,80.211684811603,206
CMRL-sh17,13.0644279943723,80.2115308452127,207
CMRL-sh17,13.0646402347597,80.2114513363426,208
CMRL-sh17,13.0648142873955,80.2113649158349,209
CMRL-sh17,13.0649198515783,80.2113052492588,210
CMRL-sh17,13.0654033779922,80.2109741114608,211
CMRL-sh17,13.0661094770802,80.2104421091395,212
CMRL-sh17,13.0665913883909,80.210021085564,213
CMRL-sh17,13.0668845081839,80.2096838999388,214
CMRL-sh17,13.0671784939432,80.2092640849551,215
CMRL-sh17,13.0673615023091,80.2090009024411,216
CMRL-sh17,13.0676980502091,80.2084943747454,217
CMRL-sh17,13.0679920976726,80.208077299532,218
CMRL-sh17,13.0682057479913,80.2077733830174,219
CMRL-sh17,13.0683082657115,80.2075837762775,220
CMRL-sh17,13.0683438656806,80.2074970663848,221
CMRL-sh17,13.0683928012908,80.2073693194313,222
CMRL-sh17,13.068459577101,80.207081726572,223
CMRL-sh17,13.0684898440688,80.2068811478692,224
CMRL-sh17,13.0684963636735,80.2067202426005,225
CMRL-sh17,13.0684658004453,80.2049152758516,226
CMRL-sh17,13.0684745024183,80.2047625942416,227
CMRL-sh17,13.068483244784,80.2046822298081,228
CMRL-sh17,13.0684826617331,80.2039458648564,229
