shape_id,shape_pt_lat,shape_pt_lon,shape_pt_sequence
sh7,13.0818077443607,80.2747915135679,1
sh7,13.0817040878949,80.2742679060366,2
sh7,13.0813330337563,80.2723545975004,3
sh7,13.0812191616375,80.271745606467,4
sh7,13.0810910558667,80.2711853622021,5
sh7,13.0810509938048,80.2710349830843,6
sh7,13.0810238090726,80.2709443332532,7
sh7,13.0809802434201,80.2708248071993,8
sh7,13.0799261608745,80.2687545755538,9
sh7,13.0796576785252,80.268264414896,10
sh7,13.0791037160657,80.267138644019,11
sh7,13.0790017053361,80.2668708095062,12
sh7,13.0789313289281,80.2666534989339,13
sh7,13.078871863775,80.2664643330414,14
sh7,13.0787963511512,80.2661649271054,15
sh7,13.078719473696,80.265888358006,16
sh7,13.0786826542859,80.2656972772,17
sh7,13.0786596848403,80.2654878995147,18
sh7,13.0786734453813,80.2652524218579,19
sh7,13.0787559671527,80.2647166400459,20
sh7,13.0789142734766,80.2638974859737,21
sh7,13.0790067735908,80.2634233358294,22
sh7,13.0791292364786,80.2628724665668,23
sh7,13.0791678519293,80.2627317441821,24
sh7,13.0792121212754,80.2625559648611,25
sh7,13.0792387068591,80.2624406813281,26
sh7,13.0792581536405,80.2623405907694,27
sh7,13.0792632757366,80.2622985276935,28
sh7,13.079269486247,80.2621941057913,29
sh7,13.0792638600977,80.2620878877602,30
sh7,13.0792432195666,80.2619346885079,31
sh7,13.0787521042703,80.2600056534188,32
sh7,13.0786880961004,80.259742665463,33
sh7,13.0786776401611,80.259677338704,34
sh7,13.0786653524595,80.2595384860529,35
sh7,13.0786706207361,80.2592656601084,36
sh7,13.0787145123322,80.2587322068949,37
sh7,13.0787900604581,80.2580710513518,38
sh7,13.0788172363996,80.2578752837711,39
sh7,13.0789823635094,80.256402010563,40
sh7,13.0789949827009,80.256229236698,41
sh7,13.079002188152,80.2561775034463,42
sh7,13.0790058030392,80.2560555589383,43
sh7,13.0790071634319,80.2554142137408,44
sh7,13.0789984625174,80.2552715071531,45
sh7,13.0788918533007,80.2543176336029,46
sh7,13.07880285112,80.253583010019,47
sh7,13.0787637179668,80.2530618495271,48
sh7,13.0787592716133,80.2529554601017,49
sh7,13.0787670304383,80.2520589407219,50
sh7,13.0787565224071,80.2517715975624,51
sh7,13.078643326122,80.2501146573165,52
sh7,13.0784795080874,80.2486705177219,53
sh7,13.0782480838489,80.2474561765245,54
sh7,13.0780731267629,80.2466636813498,55
sh7,13.0780292482511,80.2464422706638,56
sh7,13.0780070445245,80.246261142349,57
sh7,13.0779136138791,80.245267679442,58
sh7,13.0778369565919,80.2442664203689,59
sh7,13.0778308015825,80.2441616630537,60
sh7,13.0778218967013,80.2440628179757,61
sh7,13.0776080232838,80.2426269833761,62
sh7,13.0774752241081,80.2416611356069,63
sh7,13.0774284071177,80.2414270455418,64
sh7,13.0769958184992,80.2396547533954,65
sh7,13.0765324602388,80.2376480500788,66
sh7,13.0761293614148,80.2354491432563,67
sh7,13.0760882288699,80.2352719988311,68
sh7,13.0760269217408,80.2350422487679,69
sh7,13.075991737984,80.2349478671967,70
sh7,13.0759308012522,80.2348400386652,71
sh7,13.0758962011386,80.2347797395654,72
sh7,13.0758674276509,80.2347198124703,73
sh7,13.0757852332816,80.2345166579605,74
sh7,13.0754287516421,80.2333956268594,75
sh7,13.0751539093567,80.232147334215,76
sh7,13.0750558863933,80.2317693815043,77
sh7,13.0749946719663,80.2315212357204,78
sh7,13.0749635456958,80.2313791500817,79
sh7,13.074917828473,80.2310782980884,80
sh7,13.0748863390539,80.2308837211778,81
sh7,13.0748641419344,80.230672823351,82
sh7,13.0748413637399,80.2304686800412,83
sh7,13.0747797292218,80.2293247809092,84
sh7,13.0746404818291,80.2277258575053,85
sh7,13.0746241529918,80.2273921018046,86
sh7,13.0746135231109,80.2269600903897,87
sh7,13.074633904686,80.2267645320709,88
sh7,13.0746757470411,80.2265259677091,89
sh7,13.0747356949253,80.2263164873497,90
sh7,13.0748434583555,80.2260577684949,91
sh7,13.074943254276,80.2258898999184,92
sh7,13.0750307007577,80.2257734613736,93
sh7,13.0750931831451,80.2257129988305,94
sh7,13.0752104312926,80.225593753834,95
sh7,13.0753053988434,80.2255140702137,96
sh7,13.0753795854198,80.2254484713077,97
sh7,13.075519565647,80.2253413421374,98
sh7,13.07574730354,80.22517136214,99
sh7,13.0759131463966,80.2250749756753,100
sh7,13.0760762549242,80.2250106663033,101
sh7,13.0761259319866,80.2249926997195,102
sh7,13.0761853807314,80.2249787730219,103
sh7,13.0762604372359,80.2249676048935,104
sh7,13.0763089048369,80.2249607869753,105
sh7,13.0763795200867,80.2249564828308,106
sh7,13.076512728613,80.2249579261736,107
sh7,13.0767451749145,80.2249748372224,108
sh7,13.0773640165334,80.2250380669282,109
sh7,13.0799062242026,80.2252373500393,110
sh7,13.0810144533349,80.2253442057731,111
sh7,13.0813792663251,80.2253737603326,112
sh7,13.0822138225303,80.2253997625393,113
sh7,13.082516005755,80.2253756240994,114
sh7,13.082784519342,80.2253078185856,115
sh7,13.0832043930036,80.2250979239493,116
sh7,13.0834927015061,80.2248666643921,117
sh7,13.0837929860116,80.2245068664053,118
sh7,13.0838502822102,80.2244177722571,119
sh7,13.0839178097782,80.2242936765456,120
sh7,13.0840089574367,80.2241092854707,121
sh7,13.0841399846328,80.2238491248393,122
sh7,13.0842789201367,80.2235395833024,123
sh7,13.0843704833088,80.2232490071694,124
sh7,13.0844457884903,80.2227385514569,125
sh7,13.0844898919369,80.2220503185132,126
sh7,13.0845551031718,80.2207551647807,127
sh7,13.0845602718067,80.2205908461328,128
sh7,13.0846527328955,80.2184794907368,129
sh7,13.084717045005,80.2158028275415,130
sh7,13.0850023762631,80.2082965313316,131
sh7,13.0852749744661,80.2009752424641,132
sh7,13.0852829144198,80.2004425218873,133
sh7,13.0852802345776,80.2003544607282,134
sh7,13.0852695106193,80.2002664192916,135
sh7,13.0852581348295,80.2001817257651,136
sh7,13.0852492386129,80.2001389066524,137
sh7,13.0852439277235,80.2001097360367,138
sh7,13.0852309406834,80.2000410508953,139
sh7,13.0852165542239,80.1999741007885,140
sh7,13.0851898116511,80.1998786705445,141
sh7,13.0851127753385,80.1996905046985,142
sh7,13.0850193423269,80.1994710274585,143
sh7,13.0848741047213,80.1992527310006,144
sh7,13.0846875290981,80.1990357855354,145
sh7,13.0844384198381,80.1988430627836,146
sh7,13.0842108435009,80.1986923056397,147
sh7,13.0840812981666,80.1986234409575,148
sh7,13.0839449644628,80.1985777784357,149
sh7,13.083877514006,80.1985562779364,150
sh7,13.0837250084622,80.1985232963565,151
sh7,13.0834845864454,80.1984896757545,152
sh7,13.0832595615091,80.1984601461763,153
sh7,13.0831300241321,80.1984477488754,154
sh7,13.0829471566961,80.1984328585279,155
sh7,13.0825959241258,80.1984144942993,156
sh7,13.0823681166392,80.1984017331731,157
sh7,13.0821207262485,80.1984010471913,158
sh7,13.0819056800472,80.1984024918475,159
sh7,13.0793873642194,80.1985163417169,160
sh7,13.0793361762999,80.1985180066767,161
sh7,13.0792205166562,80.1985085467371,162
sh7,13.0791594695523,80.1985038678595,163
sh7,13.0791019843294,80.1984907231802,164
sh7,13.0789914430804,80.1984596701586,165
sh7,13.0788336177209,80.1984060153841,166
sh7,13.0787351062295,80.1983645121682,167
sh7,13.0787009178501,80.198342499503,168
sh7,13.0786538943364,80.1983145192648,169
sh7,13.0786076799674,80.1982826160941,170
sh7,13.0784388073324,80.198150160625,171
sh7,13.0782179699427,80.1979308853809,172
sh7,13.0781572260531,80.1978381930349,173
sh7,13.0780963543569,80.1976826181872,174
sh7,13.0780558789858,80.1974771034666,175
sh7,13.0780329115208,80.1972842862643,176
sh7,13.0780152171818,80.1970868934675,177
sh7,13.077990485973,80.1968168441069,178
sh7,13.0779347285059,80.1964049522336,179
sh7,13.0778731152355,80.1958900357866,180
sh7,13.077810866925,80.1956252936194,181
sh7,13.0777947146557,80.195583436232,182
sh7,13.077752411801,80.1955037999433,183
sh7,13.0776013812233,80.1953155869965,184
sh7,13.0775415362412,80.1952579073614,185
sh7,13.0773872455411,80.1951457610192,186
sh7,13.0773477560846,80.1951181110019,187
sh7,13.0772428783088,80.1950620147639,188
sh7,13.0771622212994,80.1950273674558,189
sh7,13.0769013651459,80.1949652700218,190
sh7,13.076680388185,80.194929899997,191
sh7,13.0761383609361,80.1948488603168,192
sh7,13.0760842505795,80.1948411085699,193
sh7,13.0760387987513,80.1948386983471,194
sh7,13.0759819092226,80.1948394281819,195
sh7,13.0758490069468,80.1948393547781,196
sh7,13.0745901250453,80.194851065477,197
sh7,13.070281722711,80.1948675297845,198
sh7,13.0702303140165,80.1948750246437,199
sh7,13.0700915506742,80.194913623505,200
sh7,13.0700642589641,80.1949260685155,201
sh7,13.0700426039734,80.1949380732425,202
sh7,13.0699279040725,80.1950109439774,203
sh7,13.0697179731933,80.1951949316641,204
sh7,13.0696537574391,80.1952671462478,205
sh7,13.0695902391429,80.1953566022737,206
sh7,13.0695476054389,80.1954441114688,207
sh7,13.069506257754,80.195525329923,208
sh7,13.0694733673661,80.195627989597,209
sh7,13.0694459995825,80.1957227861489,210
sh7,13.0694184021828,80.1958246767839,211
sh7,13.069400735895,80.1959114628915,212
sh7,13.069379586213,80.1960680298102,213
sh7,13.0693801343766,80.1961418413667,214
sh7,13.0693791430008,80.196230825709,215
sh7,13.0693925526281,80.1970039828922,216
sh7,13.0694366675954,80.1993397878884,217
sh7,13.0694332421167,80.1996575922481,218
sh7,13.0694274530174,80.1997661061847,219
sh7,13.069418909681,80.1998885705235,220
sh7,13.0693881390436,80.2001707490471,221
sh7,13.0693717309469,80.2003141881387,222
sh7,13.0693581775644,80.2003903053959,223
sh7,13.0693300017921,80.2005192761708,224
sh7,13.0692981679571,80.2006240586348,225
sh7,13.0691603251292,80.2010218436971,226
sh7,13.0690263777618,80.201346322723,227
sh7,13.0690079552567,80.2013865455868,228
sh7,13.0689832797927,80.2014510976888,229
sh7,13.0689202729786,80.2016626197722,230
sh7,13.0688444794825,80.2019431486278,231
sh7,13.0688357797483,80.2019940883177,232
sh7,13.0688159764182,80.2021205739896,233
sh7,13.068483244784,80.2046822298081,234
sh7,13.0684745024183,80.2047625942416,235
sh7,13.0684658004453,80.2049152758516,236
sh7,13.0684963636735,80.2067202426005,237
sh7,13.0684898440688,80.2068811478692,238
sh7,13.068459577101,80.207081726572,239
sh7,13.0683928012908,80.2073693194313,240
sh7,13.0683438656806,80.2074970663848,241
sh7,13.0683082657115,80.2075837762775,242
sh7,13.0682057479913,80.2077733830174,243
sh7,13.0679920976726,80.208077299532,244
sh7,13.0676980502091,80.2084943747454,245
sh7,13.0673615023091,80.2090009024411,246
sh7,13.0671784939432,80.2092640849551,247
sh7,13.0668845081839,80.2096838999388,248
sh7,13.0665913883909,80.210021085564,249
sh7,13.0661094770802,80.2104421091395,250
sh7,13.0654033779922,80.2109741114608,251
sh7,13.0649198515783,80.2113052492588,252
sh7,13.0648142873955,80.2113649158349,253
sh7,13.0646402347597,80.2114513363426,254
sh7,13.0644279943723,80.2115308452127,255
sh7,13.0638096026469,80.211684811603,256
sh7,13.0637671095574,80.2116942134531,257
sh7,13.0636615047114,80.2117068125568,258
sh7,13.0627015225003,80.2117223643733,259
sh7,13.0613803206496,80.2116833085532,260
sh7,13.0595448117131,80.2116074850505,261
sh7,13.0583208747981,80.2115712921979,262
sh7,13.0547200964212,80.2114856167695,263
sh7,13.05465809148,80.2114870693625,264
sh7,13.0544879062096,80.2115050935635,265
sh7,13.0542839204542,80.211546673919,266
sh7,13.0536687316997,80.2117133622272,267
sh7,13.0522601288723,80.212094075295,268
sh7,13.052201138339,80.2121074379856,269
sh7,13.0520738692228,80.212124890266,270
sh7,13.0518681754558,80.2121310546429,271
sh7,13.0514414834966,80.2121228823017,272
sh7,13.0498780139975,80.2120587779419,273
sh7,13.0496561488292,80.2120514600243,274
sh7,13.0494251401997,80.212062494105,275
sh7,13.0485445112485,80.2121319896336,276
sh7,13.0474664810052,80.212233307487,277
sh7,13.0460936587611,80.2123063590275,278
sh7,13.045075169228,80.212314833784,279
sh7,13.0434946854988,80.2123349519734,280
sh7,13.0433419811103,80.2123445258615,281
sh7,13.0431700669655,80.2123498327074,282
sh7,13.0428852981478,80.2123535266791,283
sh7,13.0426176494561,80.2123428348577,284
sh7,13.0417169792988,80.2123321442251,285
sh7,13.0411109884174,80.2123366246977,286
sh7,13.0404167474986,80.2123373876465,287
sh7,13.039557825142,80.2123225563835,288
sh7,13.037619285196,80.2123359362651,289
sh7,13.0368932239615,80.2123508371154,290
sh7,13.0367574382585,80.2123393546909,291
sh7,13.0366027846406,80.212333169575,292
sh7,13.0364096110918,80.212306325293,293
sh7,13.036316336619,80.2122800605455,294
sh7,13.0362336243996,80.2122307998939,295
sh7,13.0361809305486,80.2121890122953,296
sh7,13.0361455238961,80.2121585580042,297
sh7,13.0361110980793,80.2121197999471,298
sh7,13.0360841075612,80.2120823347058,299
sh7,13.0359913625487,80.2119462836294,300
sh7,13.0358718735438,80.2117385160551,301
sh7,13.0351323392134,80.2102980106852,302
sh7,13.0350939379401,80.2102331577783,303
sh7,13.035017641451,80.2101176560612,304
sh7,13.0349547969532,80.2100520035864,305
sh7,13.0349246174885,80.2100219628906,306
sh7,13.0347763183639,80.2099145224557,307
sh7,13.0346416645682,80.2098492324908,308
sh7,13.0346055232923,80.2098394327401,309
sh7,13.0345622605276,80.2098245158842,310
sh7,13.0343622533346,80.2097944638083,311
sh7,13.0338793507888,80.2097940580277,312
sh7,13.0334371541541,80.2097738449664,313
sh7,13.032745359557,80.2096882699701,314
sh7,13.0323939957486,80.2096457438526,315
sh7,13.032170170931,80.2096029996085,316
sh7,13.0318878669958,80.2095419314268,317
sh7,13.0313102561864,80.2093878565962,318
sh7,13.0297846252484,80.208934230183,319
sh7,13.0290728326529,80.2087539324041,320
sh7,13.0290332329117,80.2087446370763,321
sh7,13.0289389328252,80.2087252800055,322
sh7,13.0288160212926,80.2086983379308,323
sh7,13.0286697150319,80.2086722828124,324
sh7,13.0284767572791,80.2086231211513,325
sh7,13.0282751085674,80.2085554824195,326
sh7,13.028168056977,80.2084943962102,327
sh7,13.028109183544,80.2084522988181,328
sh7,13.0280390285205,80.2083990545418,329
sh7,13.0279540731504,80.2083231678976,330
sh7,13.0279042942695,80.2082859090338,331
sh7,13.027675687106,80.2080788587964,332
sh7,13.027451227128,80.2078582344652,333
sh7,13.027306104274,80.2077346047163,334
sh7,13.0272573297845,80.2076998377016,335
sh7,13.0271393031085,80.2076237841342,336
sh7,13.0263586712331,80.2071618768012,337
sh7,13.0262753112161,80.2071220452406,338
sh7,13.0261392535204,80.207070422347,339
sh7,13.0259757713492,80.2070212848655,340
sh7,13.0258405242953,80.2069858750605,341
sh7,13.0256813441247,80.206958581953,342
sh7,13.024977042386,80.2069287258144,343
sh7,13.0249256794422,80.2069262118411,344
sh7,13.0248764174823,80.2069210031986,345
sh7,13.0247650015715,80.2069028116473,346
sh7,13.0239607109862,80.2067169593643,347
sh7,13.0227300213892,80.2064880120891,348
sh7,13.021963697965,80.2064064326146,349
sh7,13.0211175017074,80.2063650215906,350
sh7,13.0203978435872,80.2063440735763,351
sh7,13.0198427107642,80.206366878532,352
sh7,13.0197912649482,80.2063638793905,353
sh7,13.019637737739,80.2063362785244,354
sh7,13.0195680547043,80.2063204047671,355
sh7,13.0194451139166,80.2062854803071,356
sh7,13.019013734493,80.2061473051878,357
sh7,13.0182501348945,80.2058961482433,358
sh7,13.0176660386678,80.2056822063594,359
sh7,13.0157952603061,80.2050097725323,360
sh7,13.0153592441947,80.2048524036093,361
sh7,13.0152025592562,80.2047941731016,362
sh7,13.0150442785076,80.2047397350459,363
sh7,13.0121504302808,80.2037063486373,364
sh7,13.0113442867415,80.2033995967688,365
sh7,13.011284777338,80.2033800130921,366
sh7,13.011169201943,80.2033433083197,367
sh7,13.010891393408,80.2032691856045,368
sh7,13.0104418563447,80.2031794111823,369
sh7,13.010298772069,80.2031594562205,370
sh7,13.0090875268475,80.2031431488069,371
sh7,13.0083416215789,80.2031302845939,372
sh7,13.0082903838936,80.2031254566419,373
sh7,13.0081767754156,80.2031101962637,374
sh7,13.0073801059722,80.202936477912,375
sh7,13.0070857804165,80.2028530744782,376
sh7,13.0066637304847,80.2026893813385,377
sh7,13.0060083657784,80.2024080386949,378
sh7,13.0057526985224,80.2022979961705,379
sh7,13.0052524421579,80.2020546124733,380
sh7,13.0049269846916,80.2019134117249,381
sh7,13.0042359703321,80.2016020715567,382
sh7,13.0035417150079,80.2012792977169,383
sh7,13.0034646483543,80.2012430555646,384
sh7,13.0033563488452,80.2011891512392,385
sh7,13.0032900328938,80.2011511396599,386
sh7,13.0029221765191,80.2009196072267,387
sh7,13.0028521490578,80.200883896441,388
sh7,13.0027422830231,80.2008278822829,389
sh7,13.0026938046245,80.2008073727233,390
sh7,13.0020875013479,80.200618991929,391
sh7,13.0014191620643,80.2005158328979,392
sh7,13.0004099917352,80.2004962187693,393
sh7,12.9990663061109,80.2005000858396,394
sh7,12.9974691014187,80.2006154777887,395
sh7,12.997159112691,80.2006054156039,396
sh7,12.9967913776784,80.2005662028275,397
sh7,12.9964542643968,80.2005309586025,398
sh7,12.9961280940965,80.200485487997,399
sh7,12.9958818110895,80.2003880283331,400
sh7,12.9956953707728,80.2001780861758,401
sh7,12.9955188022029,80.1998553582424,402
sh7,12.9953248791002,80.1993375307196,403
sh7,12.9951808211333,80.1988922631936,404
sh7,12.995061718016,80.1984055409215,405
sh7,12.9949166959015,80.1979413774769,406
sh7,12.9946171052745,80.1969508349426,407
sh8,12.9946171052745,80.1969508349426,1
sh8,12.9949166959015,80.1979413774769,2
sh8,12.995061718016,80.1984055409215,3
sh8,12.9951808211333,80.1988922631936,4
sh8,12.9953248791002,80.1993375307196,5
sh8,12.9955188022029,80.1998553582424,6
sh8,12.9956953707728,80.2001780861758,7
sh8,12.9958818110895,80.2003880283331,8
sh8,12.9961280940965,80.200485487997,9
sh8,12.9964542643968,80.2005309586025,10
sh8,12.9967913776784,80.2005662028275,11
sh8,12.997159112691,80.2006054156039,12
sh8,12.9974691014187,80.2006154777887,13
sh8,12.9990663061109,80.2005000858396,14
sh8,13.0004099917352,80.2004962187693,15
sh8,13.0014191620643,80.2005158328979,16
sh8,13.0020875013479,80.200618991929,17
sh8,13.0026938046245,80.2008073727233,18
sh8,13.0027422830231,80.2008278822829,19
sh8,13.0028521490578,80.200883896441,20
sh8,13.0029221765191,80.2009196072267,21
sh8,13.0032900328938,80.2011511396599,22
sh8,13.0033563488452,80.2011891512392,23
sh8,13.0034646483543,80.2012430555646,24
sh8,13.0035417150079,80.2012792977169,25
sh8,13.0042359703321,80.2016020715567,26
sh8,13.0049269846916,80.2019134117249,27
sh8,13.0052524421579,80.2020546124733,28
sh8,13.0057526985224,80.2022979961705,29
sh8,13.0060083657784,80.2024080386949,30
sh8,13.0066637304847,80.2026893813385,31
sh8,13.0070857804165,80.2028530744782,32
sh8,13.0073801059722,80.202936477912,33
sh8,13.0081767754156,80.2031101962637,34
sh8,13.0082903838936,80.2031254566419,35
sh8,13.0083416215789,80.2031302845939,36
sh8,13.0090875268475,80.2031431488069,37
sh8,13.010298772069,80.2031594562205,38
sh8,13.0104418563447,80.2031794111823,39
sh8,13.010891393408,80.2032691856045,40
sh8,13.011169201943,80.2033433083197,41
sh8,13.011284777338,80.2033800130921,42
sh8,13.0113442867415,80.2033995967688,43
sh8,13.0121504302808,80.2037063486373,44
sh8,13.0150442785076,80.2047397350459,45
sh8,13.0152025592562,80.2047941731016,46
sh8,13.0153592441947,80.2048524036093,47
sh8,13.0157952603061,80.2050097725323,48
sh8,13.0176660386678,80.2056822063594,49
sh8,13.0182501348945,80.2058961482433,50
sh8,13.019013734493,80.2061473051878,51
sh8,13.0194451139166,80.2062854803071,52
sh8,13.0195680547043,80.2063204047671,53
sh8,13.019637737739,80.2063362785244,54
sh8,13.0197912649482,80.2063638793905,55
sh8,13.0198427107642,80.206366878532,56
sh8,13.0203978435872,80.2063440735763,57
sh8,13.0211175017074,80.2063650215906,58
sh8,13.021963697965,80.2064064326146,59
sh8,13.0227300213892,80.2064880120891,60
sh8,13.0239607109862,80.2067169593643,61
sh8,13.0247650015715,80.2069028116473,62
sh8,13.0248764174823,80.2069210031986,63
sh8,13.0249256794422,80.2069262118411,64
sh8,13.024977042386,80.2069287258144,65
sh8,13.0256813441247,80.206958581953,66
sh8,13.0258405242953,80.2069858750605,67
sh8,13.0259757713492,80.2070212848655,68
sh8,13.0261392535204,80.207070422347,69
sh8,13.0262753112161,80.2071220452406,70
sh8,13.0263586712331,80.2071618768012,71
sh8,13.0271393031085,80.2076237841342,72
sh8,13.0272573297845,80.2076998377016,73
sh8,13.027306104274,80.2077346047163,74
sh8,13.027451227128,80.2078582344652,75
sh8,13.027675687106,80.2080788587964,76
sh8,13.0279042942695,80.2082859090338,77
sh8,13.0279540731504,80.2083231678976,78
sh8,13.0280390285205,80.2083990545418,79
sh8,13.028109183544,80.2084522988181,80
sh8,13.028168056977,80.2084943962102,81
sh8,13.0282751085674,80.2085554824195,82
sh8,13.0284767572791,80.2086231211513,83
sh8,13.0286697150319,80.2086722828124,84
sh8,13.0288160212926,80.2086983379308,85
sh8,13.0289389328252,80.2087252800055,86
sh8,13.0290332329117,80.2087446370763,87
sh8,13.0290728326529,80.2087539324041,88
sh8,13.0297846252484,80.208934230183,89
sh8,13.0313102561864,80.2093878565962,90
sh8,13.0318878669958,80.2095419314268,91
sh8,13.032170170931,80.2096029996085,92
sh8,13.0323939957486,80.2096457438526,93
sh8,13.032745359557,80.2096882699701,94
sh8,13.0334371541541,80.2097738449664,95
sh8,13.0338793507888,80.2097940580277,96
sh8,13.0343622533346,80.2097944638083,97
sh8,13.0345622605276,80.2098245158842,98
sh8,13.0346055232923,80.2098394327401,99
sh8,13.0346416645682,80.2098492324908,100
sh8,13.0347763183639,80.2099145224557,101
sh8,13.0349246174885,80.2100219628906,102
sh8,13.0349547969532,80.2100520035864,103
sh8,13.035017641451,80.2101176560612,104
sh8,13.0350939379401,80.2102331577783,105
sh8,13.0351323392134,80.2102980106852,106
sh8,13.0358718735438,80.2117385160551,107
sh8,13.0359913625487,80.2119462836294,108
sh8,13.0360841075612,80.2120823347058,109
sh8,13.0361110980793,80.2121197999471,110
sh8,13.0361455238961,80.2121585580042,111
sh8,13.0361809305486,80.2121890122953,112
sh8,13.0362336243996,80.2122307998939,113
sh8,13.036316336619,80.2122800605455,114
sh8,13.0364096110918,80.212306325293,115
sh8,13.0366027846406,80.212333169575,116
sh8,13.0367574382585,80.2123393546909,117
sh8,13.0368932239615,80.2123508371154,118
sh8,13.037619285196,80.2123359362651,119
sh8,13.039557825142,80.2123225563835,120
sh8,13.0404167474986,80.2123373876465,121
sh8,13.0411109884174,80.2123366246977,122
sh8,13.0417169792988,80.2123321442251,123
sh8,13.0426176494561,80.2123428348577,124
sh8,13.0428852981478,80.2123535266791,125
sh8,13.0431700669655,80.2123498327074,126
sh8,13.0433419811103,80.2123445258615,127
sh8,13.0434946854988,80.2123349519734,128
sh8,13.045075169228,80.212314833784,129
sh8,13.0460936587611,80.2123063590275,130
sh8,13.0474664810052,80.212233307487,131
sh8,13.0485445112485,80.2121319896336,132
sh8,13.0494251401997,80.212062494105,133
sh8,13.0496561488292,80.2120514600243,134
sh8,13.0498780139975,80.2120587779419,135
sh8,13.0514414834966,80.2121228823017,136
sh8,13.0518681754558,80.2121310546429,137
sh8,13.0520738692228,80.212124890266,138
sh8,13.052201138339,80.2121074379856,139
sh8,13.0522601288723,80.212094075295,140
sh8,13.0536687316997,80.2117133622272,141
sh8,13.0542839204542,80.211546673919,142
sh8,13.0544879062096,80.2115050935635,143
sh8,13.05465809148,80.2114870693625,144
sh8,13.0547200964212,80.2114856167695,145
sh8,13.0583208747981,80.2115712921979,146
sh8,13.0595448117131,80.2116074850505,147
sh8,13.0613803206496,80.2116833085532,148
sh8,13.0627015225003,80.2117223643733,149
sh8,13.0636615047114,80.2117068125568,150
sh8,13.0637671095574,80.2116942134531,151
sh8,13.0638096026469,80.211684811603,152
sh8,13.0644279943723,80.2115308452127,153
sh8,13.0646402347597,80.2114513363426,154
sh8,13.0648142873955,80.2113649158349,155
sh8,13.0649198515783,80.2113052492588,156
sh8,13.0654033779922,80.2109741114608,157
sh8,13.0661094770802,80.2104421091395,158
sh8,13.0665913883909,80.210021085564,159
sh8,13.0668845081839,80.2096838999388,160
sh8,13.0671784939432,80.2092640849551,161
sh8,13.0673615023091,80.2090009024411,162
sh8,13.0676980502091,80.2084943747454,163
sh8,13.0679920976726,80.208077299532,164
sh8,13.0682057479913,80.2077733830174,165
sh8,13.0683082657115,80.2075837762775,166
sh8,13.0683438656806,80.2074970663848,167
sh8,13.0683928012908,80.2073693194313,168
sh8,13.068459577101,80.207081726572,169
sh8,13.0684898440688,80.2068811478692,170
sh8,13.0684963636735,80.2067202426005,171
sh8,13.0684658004453,80.2049152758516,172
sh8,13.0684745024183,80.2047625942416,173
sh8,13.068483244784,80.2046822298081,174
sh8,13.0688159764182,80.2021205739896,175
sh8,13.0688357797483,80.2019940883177,176
sh8,13.0688444794825,80.2019431486278,177
sh8,13.0689202729786,80.2016626197722,178
sh8,13.0689832797927,80.2014510976888,179
sh8,13.0690079552567,80.2013865455868,180
sh8,13.0690263777618,80.201346322723,181
sh8,13.0691603251292,80.2010218436971,182
sh8,13.0692981679571,80.2006240586348,183
sh8,13.0693300017921,80.2005192761708,184
sh8,13.0693581775644,80.2003903053959,185
sh8,13.0693717309469,80.2003141881387,186
sh8,13.0693881390436,80.2001707490471,187
sh8,13.069418909681,80.1998885705235,188
sh8,13.0694274530174,80.1997661061847,189
sh8,13.0694332421167,80.1996575922481,190
sh8,13.0694366675954,80.1993397878884,191
sh8,13.0693925526281,80.1970039828922,192
sh8,13.0693791430008,80.196230825709,193
sh8,13.0693801343766,80.1961418413667,194
sh8,13.069379586213,80.1960680298102,195
sh8,13.069400735895,80.1959114628915,196
sh8,13.0694184021828,80.1958246767839,197
sh8,13.0694459995825,80.1957227861489,198
sh8,13.0694733673661,80.195627989597,199
sh8,13.069506257754,80.195525329923,200
sh8,13.0695476054389,80.1954441114688,201
sh8,13.0695902391429,80.1953566022737,202
sh8,13.0696537574391,80.1952671462478,203
sh8,13.0697179731933,80.1951949316641,204
sh8,13.0699279040725,80.1950109439774,205
sh8,13.0700426039734,80.1949380732425,206
sh8,13.0700642589641,80.1949260685155,207
sh8,13.0700915506742,80.194913623505,208
sh8,13.0702303140165,80.1948750246437,209
sh8,13.070281722711,80.1948675297845,210
sh8,13.0745901250453,80.194851065477,211
sh8,13.0758490069468,80.1948393547781,212
sh8,13.0759819092226,80.1948394281819,213
sh8,13.0760387987513,80.1948386983471,214
sh8,13.0760842505795,80.1948411085699,215
sh8,13.0761383609361,80.1948488603168,216
sh8,13.076680388185,80.194929899997,217
sh8,13.0769013651459,80.1949652700218,218
sh8,13.0771622212994,80.1950273674558,219
sh8,13.0772428783088,80.1950620147639,220
sh8,13.0773477560846,80.1951181110019,221
sh8,13.0773872455411,80.1951457610192,222
sh8,13.0775415362412,80.1952579073614,223
sh8,13.0776013812233,80.1953155869965,224
sh8,13.077752411801,80.1955037999433,225
sh8,13.0777947146557,80.195583436232,226
sh8,13.077810866925,80.1956252936194,227
sh8,13.0778731152355,80.1958900357866,228
sh8,13.0779347285059,80.1964049522336,229
sh8,13.077990485973,80.1968168441069,230
sh8,13.0780152171818,80.1970868934675,231
sh8,13.0780329115208,80.1972842862643,232
sh8,13.0780558789858,80.1974771034666,233
sh8,13.0780963543569,80.1976826181872,234
sh8,13.0781572260531,80.1978381930349,235
sh8,13.0782179699427,80.1979308853809,236
sh8,13.0784388073324,80.198150160625,237
sh8,13.0786076799674,80.1982826160941,238
sh8,13.0786538943364,80.1983145192648,239
sh8,13.0787009178501,80.198342499503,240
sh8,13.0787351062295,80.1983645121682,241
sh8,13.0788336177209,80.1984060153841,242
sh8,13.0789914430804,80.1984596701586,243
sh8,13.0791019843294,80.1984907231802,244
sh8,13.0791594695523,80.1985038678595,245
sh8,13.0792205166562,80.1985085467371,246
sh8,13.0793361762999,80.1985180066767,247
sh8,13.0793873642194,80.1985163417169,248
sh8,13.0819056800472,80.1984024918475,249
sh8,13.0821207262485,80.1984010471913,250
sh8,13.0823681166392,80.1984017331731,251
sh8,13.0825959241258,80.1984144942993,252
sh8,13.0829471566961,80.1984328585279,253
sh8,13.0831300241321,80.1984477488754,254
sh8,13.0832595615091,80.1984601461763,255
sh8,13.0834845864454,80.1984896757545,256
sh8,13.0837250084622,80.1985232963565,257
sh8,13.083877514006,80.1985562779364,258
sh8,13.0839449644628,80.1985777784357,259
sh8,13.0840812981666,80.1986234409575,260
sh8,13.0842108435009,80.1986923056397,261
sh8,13.0844384198381,80.1988430627836,262
sh8,13.0846875290981,80.1990357855354,263
sh8,13.0848741047213,80.1992527310006,264
sh8,13.0850193423269,80.1994710274585,265
sh8,13.0851127753385,80.1996905046985,266
sh8,13.0851898116511,80.1998786705445,267
sh8,13.0852165542239,80.1999741007885,268
sh8,13.0852309406834,80.2000410508953,269
sh8,13.0852439277235,80.2001097360367,270
sh8,13.0852492386129,80.2001389066524,271
sh8,13.0852581348295,80.2001817257651,272
sh8,13.0852695106193,80.2002664192916,273
sh8,13.0852802345776,80.2003544607282,274
sh8,13.0852829144198,80.2004425218873,275
sh8,13.0852749744661,80.2009752424641,276
sh8,13.0850023762631,80.2082965313316,277
sh8,13.084717045005,80.2158028275415,278
sh8,13.0846527328955,80.2184794907368,279
sh8,13.0845602718067,80.2205908461328,280
sh8,13.0845551031718,80.2207551647807,281
sh8,13.0844898919369,80.2220503185132,282
sh8,13.0844457884903,80.2227385514569,283
sh8,13.0843704833088,80.2232490071694,284
sh8,13.0842789201367,80.2235395833024,285
sh8,13.0841399846328,80.2238491248393,286
sh8,13.0840089574367,80.2241092854707,287
sh8,13.0839178097782,80.2242936765456,288
sh8,13.0838502822102,80.2244177722571,289
sh8,13.0837929860116,80.2245068664053,290
sh8,13.0834927015061,80.2248666643921,291
sh8,13.0832043930036,80.2250979239493,292
sh8,13.082784519342,80.2253078185856,293
sh8,13.082516005755,80.2253756240994,294
sh8,13.0822138225303,80.2253997625393,295
sh8,13.0813792663251,80.2253737603326,296
sh8,13.0810144533349,80.2253442057731,297
sh8,13.0799062242026,80.2252373500393,298
sh8,13.0773640165334,80.2250380669282,299
sh8,13.0767451749145,80.2249748372224,300
sh8,13.076512728613,80.2249579261736,301
sh8,13.0763795200867,80.2249564828308,302
sh8,13.0763089048369,80.2249607869753,303
sh8,13.0762604372359,80.2249676048935,304
sh8,13.0761853807314,80.2249787730219,305
sh8,13.0761259319866,80.2249926997195,306
sh8,13.0760762549242,80.2250106663033,307
sh8,13.0759131463966,80.2250749756753,308
sh8,13.07574730354,80.22517136214,309
sh8,13.075519565647,80.2253413421374,310
sh8,13.0753795854198,80.2254484713077,311
sh8,13.0753053988434,80.2255140702137,312
sh8,13.0752104312926,80.225593753834,313
sh8,13.0750931831451,80.2257129988305,314
sh8,13.0750307007577,80.2257734613736,315
sh8,13.074943254276,80.2258898999184,316
sh8,13.0748434583555,80.2260577684949,317
sh8,13.0747356949253,80.2263164873497,318
sh8,13.0746757470411,80.2265259677091,319
sh8,13.074633904686,80.2267645320709,320
sh8,13.0746135231109,80.2269600903897,321
sh8,13.0746241529918,80.2273921018046,322
sh8,13.0746404818291,80.2277258575053,323
sh8,13.0747797292218,80.2293247809092,324
sh8,13.0748413637399,80.2304686800412,325
sh8,13.0748641419344,80.230672823351,326
sh8,13.0748863390539,80.2308837211778,327
sh8,13.074917828473,80.2310782980884,328
sh8,13.0749635456958,80.2313791500817,329
sh8,13.0749946719663,80.2315212357204,330
sh8,13.0750558863933,80.2317693815043,331
sh8,13.0751539093567,80.232147334215,332
sh8,13.0754287516421,80.2333956268594,333
sh8,13.0757852332816,80.2345166579605,334
sh8,13.0758674276509,80.2347198124703,335
sh8,13.0758962011386,80.2347797395654,336
sh8,13.0759308012522,80.2348400386652,337
sh8,13.075991737984,80.2349478671967,338
sh8,13.0760269217408,80.2350422487679,339
sh8,13.0760882288699,80.2352719988311,340
sh8,13.0761293614148,80.2354491432563,341
sh8,13.0765324602388,80.2376480500788,342
sh8,13.0769958184992,80.2396547533954,343
sh8,13.0774284071177,80.2414270455418,344
sh8,13.0774752241081,80.2416611356069,345
sh8,13.0776080232838,80.2426269833761,346
sh8,13.0778218967013,80.2440628179757,347
sh8,13.0778308015825,80.2441616630537,348
sh8,13.0778369565919,80.2442664203689,349
sh8,13.0779136138791,80.245267679442,350
sh8,13.0780070445245,80.246261142349,351
sh8,13.0780292482511,80.2464422706638,352
sh8,13.0780731267629,80.2466636813498,353
sh8,13.0782480838489,80.2474561765245,354
sh8,13.0784795080874,80.2486705177219,355
sh8,13.078643326122,80.2501146573165,356
sh8,13.0787565224071,80.2517715975624,357
sh8,13.0787670304383,80.2520589407219,358
sh8,13.0787592716133,80.2529554601017,359
sh8,13.0787637179668,80.2530618495271,360
sh8,13.07880285112,80.253583010019,361
sh8,13.0788918533007,80.2543176336029,362
sh8,13.0789984625174,80.2552715071531,363
sh8,13.0790071634319,80.2554142137408,364
sh8,13.0790058030392,80.2560555589383,365
sh8,13.079002188152,80.2561775034463,366
sh8,13.0789949827009,80.256229236698,367
sh8,13.0789823635094,80.256402010563,368
sh8,13.0788172363996,80.2578752837711,369
sh8,13.0787900604581,80.2580710513518,370
sh8,13.0787145123322,80.2587322068949,371
sh8,13.0786706207361,80.2592656601084,372
sh8,13.0786653524595,80.2595384860529,373
sh8,13.0786776401611,80.259677338704,374
sh8,13.0786880961004,80.259742665463,375
sh8,13.0787521042703,80.2600056534188,376
sh8,13.0792432195666,80.2619346885079,377
sh8,13.0792638600977,80.2620878877602,378
sh8,13.079269486247,80.2621941057913,379
sh8,13.0792632757366,80.2622985276935,380
sh8,13.0792581536405,80.2623405907694,381
sh8,13.0792387068591,80.2624406813281,382
sh8,13.0792121212754,80.2625559648611,383
sh8,13.0791678519293,80.2627317441821,384
sh8,13.0791292364786,80.2628724665668,385
sh8,13.0790067735908,80.2634233358294,386
sh8,13.0789142734766,80.2638974859737,387
sh8,13.0787559671527,80.2647166400459,388
sh8,13.0786734453813,80.2652524218579,389
sh8,13.0786596848403,80.2654878995147,390
sh8,13.0786826542859,80.2656972772,391
sh8,13.078719473696,80.265888358006,392
sh8,13.0787963511512,80.2661649271054,393
sh8,13.078871863775,80.2664643330414,394
sh8,13.0789313289281,80.2666534989339,395
sh8,13.0790017053361,80.2668708095062,396
sh8,13.0791037160657,80.267138644019,397
sh8,13.0796576785252,80.268264414896,398
sh8,13.0799261608745,80.2687545755538,399
sh8,13.0809802434201,80.2708248071993,400
sh8,13.0810238090726,80.2709443332532,401
sh8,13.0810509938048,80.2710349830843,402
sh8,13.0810910558667,80.2711853622021,403
sh8,13.0812191616375,80.271745606467,404
sh8,13.0813330337563,80.2723545975004,405
sh8,13.0817040878949,80.2742679060366,406
sh8,13.0818077443607,80.2747915135679,407
sh9,13.04639110942,80.2483873126184,1
sh9,13.0449313986116,80.2480761126076,2
sh9,13.0398290456842,80.2470664511139,3
sh9,13.0363141660644,80.2462787913376,4
sh9,13.0355671684992,80.2461065058529,5
sh9,13.0352895487815,80.2460314164744,6
sh9,13.0351600287227,80.2459828319422,7
sh9,13.0350617247491,80.2459292481035,8
sh9,13.0349602272471,80.2458485194356,9
sh9,13.034914588,80.2458111959502,10
sh9,13.0348618259015,80.2457609592713,11
sh9,13.0347231469918,80.2455944836055,12
sh9,13.0342514695016,80.2449172295329,13
sh9,13.0338454879438,80.2443809413829,14
sh9,13.03260905776,80.242782537727,15
sh9,13.0324308381087,80.2425008268699,16
sh9,13.0322309953953,80.2421661431022,17
sh9,13.0311857595735,80.2400741529641,18
sh9,13.0310239733356,80.2397322983023,19
sh9,13.0305283865628,80.2388354786159,20
sh9,13.0299599835446,80.2378258971014,21
sh9,13.0296811110034,80.2374046938545,22
sh9,13.0291337633697,80.2367480145534,23
sh9,13.0283118386643,80.235868381634,24
sh9,13.0279498497928,80.2354214003558,25
sh9,13.0275836484298,80.2348307892765,26
sh9,13.0269960755112,80.2337993464652,27
sh9,13.0265560035087,80.23301783675,28
sh9,13.026518218382,80.2329563240426,29
sh9,13.0264678997569,80.2328784946418,30
sh9,13.0263556442027,80.2327220038208,31
sh9,13.0254791269047,80.2314259994085,32
sh9,13.0249266033198,80.2305024118581,33
sh9,13.0243455737608,80.2295737791408,34
sh9,13.0238789623903,80.228744902362,35
sh9,13.0236331285364,80.2283490482348,36
sh9,13.0234944036996,80.2281124836753,37
sh9,13.0227370525512,80.2272239925662,38
sh9,13.0221559414993,80.2266421142025,39
sh9,13.0214301656776,80.2260264527071,40
sh9,13.0213580424595,80.2259643995396,41
sh9,13.0207718332667,80.2255527873114,42
sh9,13.0202259684177,80.2252353138575,43
sh9,13.0199279457699,80.2250890494133,44
sh9,13.0197861833694,80.2250483013326,45
sh9,13.0193690564111,80.2249746639459,46
sh9,13.0191641947224,80.2249642580353,47
sh9,13.0188415564938,80.2249907432301,48
sh9,13.0184453796901,80.2250847720577,49
sh9,13.0164310733778,80.2255024067367,50
sh9,13.0163241524615,80.2255139079071,51
sh9,13.01621428612,80.2255096975197,52
sh9,13.0160619765499,80.2254790272076,53
sh9,13.0158830497688,80.2254274864628,54
sh9,13.0157652227816,80.2253843525974,55
sh9,13.0156880183334,80.2253427477367,56
sh9,13.0156227390931,80.2253018254016,57
sh9,13.0155233954639,80.2252013573669,58
sh9,13.015265854844,80.2249270368015,59
sh9,13.014400245385,80.2238199773884,60
sh9,13.0131700253864,80.2223438765403,61
sh9,13.0125319860951,80.2215211818992,62
sh9,13.012318985701,80.2211683621242,63
sh9,13.0120864712201,80.2205677008767,64
sh9,13.0118563206222,80.2198789968676,65
sh9,13.0113038135985,80.2183004292822,66
sh9,13.0112915182225,80.2182664127831,67
sh9,13.011273415477,80.218217685782,68
sh9,13.0110242735751,80.2176290222726,69
sh9,13.0106773059805,80.216931943315,70
sh9,13.0106349485723,80.2168593634707,71
sh9,13.0102017038016,80.2162438723543,72
sh9,13.010014225097,80.2159498204905,73
sh9,13.009751870969,80.2153851326781,74
sh9,13.0095537819546,80.2147522515781,75
sh9,13.009402261137,80.2138422291931,76
sh9,13.0089993769386,80.2122136226209,77
sh9,13.0088319182699,80.2114757386399,78
sh9,13.0086711407808,80.2109324437898,79
sh9,13.0084566906262,80.2102847923249,80
sh9,13.0083279232532,80.2098906432689,81
sh9,13.0081712077485,80.2094317309596,82
sh9,13.0081507230195,80.209358166983,83
sh9,13.0080478521389,80.2087907254815,84
sh9,13.0080414192805,80.2087456846813,85
sh9,13.0079592229718,80.2081534634926,86
sh9,13.0077537764611,80.2068678294433,87
sh9,13.0077493676218,80.2068428448456,88
sh9,13.0077433837959,80.2068133751318,89
sh9,13.0074284811455,80.2056024942706,90
sh9,13.0074181518524,80.2055723004866,91
sh9,13.0073322336715,80.2053044610088,92
sh9,13.0071512347273,80.2048166725463,93
sh9,13.0069968188769,80.204490390199,94
sh9,13.0069276301207,80.2043532099732,95
sh9,13.0065162572785,80.2036151478132,96
sh9,13.0064880478072,80.2035662796954,97
sh9,13.0061712905589,80.2031061081511,98
sh9,13.0061061982585,80.2030023268309,99
sh9,13.0059394229526,80.202714253404,100
sh9,13.0058042135887,80.2025218005351,101
sh9,13.0057076644447,80.2024020521372,102
sh9,13.0056303281094,80.2023165468419,103
sh9,13.0055924204758,80.2022824517429,104
sh9,13.005554307667,80.2022572418627,105
sh9,13.0054095908278,80.2021710679329,106
sh9,13.0052950709402,80.2021060891665,107
sh9,13.0050308336943,80.201961512507,108
sh9,13.0048437074905,80.2018829782223,109
sh9,13.0035492870336,80.2012828186929,110
sh9,13.0029335644084,80.200896376574,111
sh9,13.0025109273023,80.2006368208407,112
sh9,13.0023289965218,80.2005095275154,113
sh9,13.0021364221589,80.2003554236355,114
sh9,13.0020144781175,80.2002218703948,115
sh9,13.0019318149273,80.2001140253564,116
sh9,13.0018772478988,80.2000198777676,117
sh9,13.0018560542085,80.199972837786,118
sh9,13.0018160559032,80.1998452041308,119
sh9,13.0017708579881,80.1996522101164,120
sh9,13.0017484750181,80.1994853113986,121
sh9,13.0017397521106,80.1993311943639,122
sh9,13.0017505489578,80.1992339931378,123
sh9,13.0017579368799,80.1991458230297,124
sh9,13.0017649393792,80.1991149910383,125
sh9,13.001789212278,80.1989980541798,126
sh9,13.001831920847,80.1988305414744,127
sh9,13.0019602128195,80.1981700053073,128
sh9,13.0020184019742,80.1978082051399,129
sh9,13.0020639931893,80.1974807966148,130
sh9,13.0020741034896,80.1973141938392,131
sh9,13.0020729716488,80.1971677743425,132
sh9,13.0020571642157,80.1970606370065,133
sh9,13.0020352658741,80.1969667232895,134
sh9,13.0020017450413,80.1968706393989,135
sh9,13.0019394730078,80.1967179509599,136
sh9,13.0018776590204,80.1966023371942,137
sh9,13.0016819769605,80.1962996737567,138
sh9,13.0012913970575,80.1958218671766,139
sh9,13.00094736845,80.1953843580764,140
sh9,13.0004354970039,80.1947198034806,141
sh9,12.9990895784154,80.1930298394236,142
sh9,12.9981629989087,80.1918713309258,143
sh9,12.9976233828517,80.1911722432229,144
sh9,12.997543964251,80.1910508149241,145
sh9,12.9974822834768,80.1909387404098,146
sh9,12.9974034395778,80.1907911006626,147
sh9,12.9973767087108,80.1907429680932,148
sh9,12.9973215752799,80.1906511321866,149
sh9,12.9972685703664,80.1905720824733,150
sh9,12.9970735776899,80.1902974450478,151
sh9,12.9964203264028,80.1895017865321,152
sh9,12.9961493836192,80.1891743280604,153
sh9,12.9958371578831,80.1887523384838,154
sh9,12.9958216355429,80.1887282633869,155
sh9,12.9957985049145,80.188694936839,156
sh9,12.99576684307,80.1886386084507,157
sh9,12.995697740854,80.1884922597085,158
sh9,12.9955503563685,80.1882192089048,159
sh9,12.9951486545649,80.1874323335033,160
sh9,12.9949710503134,80.1870468857558,161
sh9,12.994300294072,80.1857106607074,162
sh9,12.9935306010651,80.1843071740902,163
sh9,12.9933141198173,80.1839151791429,164
sh9,12.9929322155899,80.1832542450204,165
sh9,12.9924237309159,80.1824427138478,166
sh9,12.9919652496068,80.1817668429503,167
sh9,12.9912855414387,80.1809100545514,168
sh9,12.9906485003957,80.1800589271476,169
sh9,12.9902298406982,80.1795315634668,170
sh9,12.9901440981355,80.1794289355179,171
sh9,12.9900553965407,80.1793243054485,172
sh9,12.9899537052371,80.1792229468983,173
sh9,12.9892933733527,80.1785818166507,174
sh9,12.9889958101496,80.1782737912566,175
sh9,12.988870956504,80.1781201915951,176
sh9,12.9887945429542,80.1780088020888,177
sh9,12.9885146143975,80.1776051483962,178
sh9,12.9875824323738,80.1763092157972,179
sh9,12.9870201661999,80.1755064699491,180
sh9,12.9863932080512,80.1746336368583,181
sh9,12.9852068649201,80.1728984160718,182
sh9,12.9842070735446,80.1711489508102,183
sh9,12.9834496434134,80.1695840116432,184
sh9,12.9821813769606,80.1671914054718,185
sh9,12.9819284718664,80.1666491349796,186
sh9,12.9809741797154,80.1641763799997,187
sh9,12.980769733417,80.1636667008123,188
sh11,13.1086577606799,80.2812068978694,1
sh11,13.1056043199152,80.2802678024078,2
sh11,13.1053504878313,80.2801907127932,3
sh11,13.1049382582047,80.280106351402,4
sh11,13.1046286542614,80.2800907985169,5
sh11,13.1041543848732,80.2801364566056,6
sh11,13.1036387847315,80.2802579332043,7
sh11,13.1032097929912,80.2804992675903,8
sh11,13.1027881459025,80.2807994874813,9
sh11,13.1015738359148,80.2822002565247,10
sh11,13.1004824733972,80.2834433646864,11
sh11,13.099751009456,80.284321055961,12
sh11,13.0992792140988,80.2848737365071,13
sh11,13.0988551910701,80.2853657927925,14
sh11,13.098552384082,80.2857376978693,15
sh11,13.0982347533429,80.2859938342274,16
sh11,13.0978319755705,80.2861743067081,17
sh11,13.0974006322351,80.2862329702128,18
sh11,13.0970392298039,80.2862653417177,19
sh11,13.0962849908603,80.2862234375494,20
sh11,13.095826430242,80.2861710898973,21
sh11,13.0941445859987,80.2859230323667,22
sh11,13.0929173666699,80.2857674816544,23
sh11,13.089965998198,80.2855402204285,24
sh11,13.0887258311499,80.2854174829614,25
sh11,13.0883773173252,80.2853525717639,26
sh11,13.0878609554477,80.2852183606196,27
sh11,13.0860116737914,80.284738849557,28
sh11,13.084793441934,80.2843310691563,29
sh11,13.084426290618,80.2841685661229,30
sh11,13.0840518905017,80.2839753835422,31
sh11,13.0837595445602,80.283761485427,32
sh11,13.0833389269002,80.2833926934585,33
sh11,13.0829287278698,80.2829943980771,34
sh11,13.0827069685998,80.2826928831228,35
sh11,13.0825833874735,80.2824381519977,36
sh11,13.0823646180212,80.2815494465724,37
sh11,13.0822653915182,80.280748491019,38
sh11,13.0822177010676,80.2796563827178,39
sh11,13.0821899464125,80.2783079044893,40
sh11,13.0820649061413,80.2767929358129,41
sh11,13.0819395728155,80.2757236088584,42
sh11,13.0818263006952,80.2749155075716,43
sh11,13.0818187499441,80.2748545454165,44
sh11,13.0818064152192,80.27478744863,45
sh11,13.0816512937743,80.2739651941103,46
sh11,13.0814107142313,80.2727672974881,47
sh11,13.0813370837992,80.272359491205,48
sh11,13.0812224101263,80.2717627968695,49
sh11,13.081105947525,80.2712584398901,50
sh11,13.0810458372926,80.2710138439269,51
sh11,13.0810227923648,80.2709600731542,52
sh11,13.0809946334286,80.2708987836122,53
sh11,13.0809634283215,80.2708439943152,54
sh11,13.0808661567929,80.2706863668397,55
sh11,13.0807500806694,80.2705238521204,56
sh11,13.0805907394778,80.2703169944424,57
sh11,13.0804576009776,80.2701588514949,58
sh11,13.0802965222866,80.2699727115781,59
sh11,13.080060433061,80.2697210802201,60
sh11,13.0799542393345,80.269608007353,61
sh11,13.0799132170127,80.2695686139792,62
sh11,13.0797108217444,80.2693838066646,63
sh11,13.0791471072142,80.2689881878743,64
sh11,13.078624637462,80.2687338560008,65
sh11,13.0782574376899,80.2686427528598,66
sh11,13.0778615134839,80.2686419067538,67
sh11,13.0774821857457,80.2687572214993,68
sh11,13.0771179134805,80.2689979786281,69
sh11,13.0762032817968,80.2700341763807,70
sh11,13.0758258032468,80.2705020198372,71
sh11,13.0744141756429,80.2720123342093,72
sh11,13.0735047466779,80.2729076891204,73
sh11,13.073273683604,80.2731163828819,74
sh11,13.0726921363202,80.273491262168,75
sh11,13.0720687279601,80.2737444712316,76
sh11,13.0718728393845,80.2738027531384,77
sh11,13.0715909953131,80.2738429209548,78
sh11,13.0713152012794,80.2738468112005,79
sh11,13.0711524220111,80.2738392485763,80
sh11,13.0709810040326,80.2738165037184,81
sh11,13.0707683798647,80.2737514278729,82
sh11,13.070495597715,80.2736274513877,83
sh11,13.0702466635846,80.2734604342429,84
sh11,13.0698664130346,80.2731516498423,85
sh11,13.0694704634513,80.2728011593469,86
sh11,13.0688082455791,80.2721359024395,87
sh11,13.0682815489825,80.2715646448854,88
sh11,13.0678628458526,80.2710989975532,89
sh11,13.0673469181431,80.270540823682,90
sh11,13.0671414212996,80.2703161217195,91
sh11,13.0668154174706,80.2699568212078,92
sh11,13.0666477144475,80.2697364205422,93
sh11,13.0665468674123,80.2695583202571,94
sh11,13.0664216377456,80.2690469963497,95
sh11,13.0663719040823,80.2686683528745,96
sh11,13.0663623991353,80.2686072143308,97
sh11,13.066359730357,80.2685607727726,98
sh11,13.0663510124362,80.2685054928047,99
sh11,13.0663338378295,80.2684350925413,100
sh11,13.0663159864469,80.2683854546522,101
sh11,13.0663003615272,80.2683380190993,102
sh11,13.0662724425907,80.2682750250756,103
sh11,13.0661984256899,80.2681553986816,104
sh11,13.0661831859635,80.2681336829802,105
sh11,13.0661765815393,80.2681254965156,106
sh11,13.0661555045447,80.2680982006971,107
sh11,13.0661376924891,80.2680746951876,108
sh11,13.0654186849444,80.2671327612141,109
sh11,13.0653454999724,80.2670393874441,110
sh11,13.0651897148973,80.2668490108881,111
sh11,13.0638234932835,80.2651595854638,112
sh11,13.0631895647505,80.2643776002804,113
sh11,13.0613415189262,80.2621184056381,114
sh11,13.0593610201973,80.259699586638,115
sh11,13.0591908099639,80.2594960704857,116
sh11,13.0577266565143,80.2577207390957,117
sh11,13.0575601661461,80.2575489861021,118
sh11,13.0573836693618,80.2573862861237,119
sh11,13.0572996188204,80.257306937365,120
sh11,13.0565139211033,80.2565735035158,121
sh11,13.0561502821233,80.256190473341,122
sh11,13.055811948276,80.2557902564679,123
sh11,13.0544961305003,80.2539953589391,124
sh11,13.0531690717706,80.2521887795751,125
sh11,13.0524643403755,80.2513484895363,126
sh11,13.0523439305814,80.2512313735708,127
sh11,13.0522903888918,80.2511821669044,128
sh11,13.0522008074954,80.2511162561651,129
sh11,13.0519369280098,80.250927950579,130
sh11,13.051356929818,80.2506046340234,131
sh11,13.0512943362992,80.2505718301735,132
sh11,13.0512299972496,80.2505411433215,133
sh11,13.0500577113524,80.2500426658319,134
sh11,13.0498676439901,80.2499458712935,135
sh11,13.0497595144084,80.2498982913228,136
sh11,13.0495597755133,80.2497893843662,137
sh11,13.047519890276,80.2487358344907,138
sh11,13.0468927559252,80.2485076661192,139
sh11,13.0468170562909,80.2484876758232,140
sh11,13.0465751500098,80.2484191965624,141
sh11,13.04639110942,80.2483873126184,142
sh11,13.0449313986116,80.2480761126076,143
sh11,13.0398290456842,80.2470664511139,144
sh11,13.0363141660644,80.2462787913376,145
sh11,13.0355671684992,80.2461065058529,146
sh11,13.0352895487815,80.2460314164744,147
sh11,13.0351600287227,80.2459828319422,148
sh11,13.0350617247491,80.2459292481035,149
sh11,13.0349602272471,80.2458485194356,150
sh11,13.034914588,80.2458111959502,151
sh11,13.0348618259015,80.2457609592713,152
sh11,13.0347231469918,80.2455944836055,153
sh11,13.0342514695016,80.2449172295329,154
sh11,13.0338454879438,80.2443809413829,155
sh11,13.03260905776,80.242782537727,156
sh11,13.0324308381087,80.2425008268699,157
sh11,13.0322309953953,80.2421661431022,158
sh11,13.0311857595735,80.2400741529641,159
sh11,13.0310239733356,80.2397322983023,160
sh11,13.0305283865628,80.2388354786159,161
sh11,13.0299599835446,80.2378258971014,162
sh11,13.0296811110034,80.2374046938545,163
sh11,13.0291337633697,80.2367480145534,164
sh11,13.0283118386643,80.235868381634,165
sh11,13.0279498497928,80.2354214003558,166
sh11,13.0275836484298,80.2348307892765,167
sh11,13.0269960755112,80.2337993464652,168
sh11,13.0265560035087,80.23301783675,169
sh11,13.026518218382,80.2329563240426,170
sh11,13.0264678997569,80.2328784946418,171
sh11,13.0263556442027,80.2327220038208,172
sh11,13.0254791269047,80.2314259994085,173
sh11,13.0249266033198,80.2305024118581,174
sh11,13.0243455737608,80.2295737791408,175
sh11,13.0238789623903,80.228744902362,176
sh11,13.0236331285364,80.2283490482348,177
sh11,13.0234944036996,80.2281124836753,178
sh11,13.0227370525512,80.2272239925662,179
sh11,13.0221559414993,80.2266421142025,180
sh11,13.0214301656776,80.2260264527071,181
sh11,13.0213580424595,80.2259643995396,182
sh11,13.0207718332667,80.2255527873114,183
sh11,13.0202259684177,80.2252353138575,184
sh11,13.0199279457699,80.2250890494133,185
sh11,13.0197861833694,80.2250483013326,186
sh11,13.0193690564111,80.2249746639459,187
sh11,13.0191641947224,80.2249642580353,188
sh11,13.0188415564938,80.2249907432301,189
sh11,13.0184453796901,80.2250847720577,190
sh11,13.0164310733778,80.2255024067367,191
sh11,13.0163241524615,80.2255139079071,192
sh11,13.01621428612,80.2255096975197,193
sh11,13.0160619765499,80.2254790272076,194
sh11,13.0158830497688,80.2254274864628,195
sh11,13.0157652227816,80.2253843525974,196
sh11,13.0156880183334,80.2253427477367,197
sh11,13.0156227390931,80.2253018254016,198
sh11,13.0155233954639,80.2252013573669,199
sh11,13.015265854844,80.2249270368015,200
sh11,13.014400245385,80.2238199773884,201
sh11,13.0131700253864,80.2223438765403,202
sh11,13.0125319860951,80.2215211818992,203
sh11,13.012318985701,80.2211683621242,204
sh11,13.0120864712201,80.2205677008767,205
sh11,13.0118563206222,80.2198789968676,206
sh11,13.0113038135985,80.2183004292822,207
sh11,13.0112915182225,80.2182664127831,208
sh11,13.011273415477,80.218217685782,209
sh11,13.0110242735751,80.2176290222726,210
sh11,13.0106773059805,80.216931943315,211
sh11,13.0106349485723,80.2168593634707,212
sh11,13.0102017038016,80.2162438723543,213
sh11,13.010014225097,80.2159498204905,214
sh11,13.009751870969,80.2153851326781,215
sh11,13.0095537819546,80.2147522515781,216
sh11,13.009402261137,80.2138422291931,217
sh11,13.0089993769386,80.2122136226209,218
sh11,13.0088319182699,80.2114757386399,219
sh11,13.0086711407808,80.2109324437898,220
sh11,13.0084566906262,80.2102847923249,221
sh11,13.0083279232532,80.2098906432689,222
sh11,13.0081712077485,80.2094317309596,223
sh11,13.0081507230195,80.209358166983,224
sh11,13.0080478521389,80.2087907254815,225
sh11,13.0080414192805,80.2087456846813,226
sh11,13.0079592229718,80.2081534634926,227
sh11,13.0077537764611,80.2068678294433,228
sh11,13.0077493676218,80.2068428448456,229
sh11,13.0077433837959,80.2068133751318,230
sh11,13.0074284811455,80.2056024942706,231
sh11,13.0074181518524,80.2055723004866,232
sh11,13.0073322336715,80.2053044610088,233
sh11,13.0071512347273,80.2048166725463,234
sh11,13.0069968188769,80.204490390199,235
sh11,13.0069276301207,80.2043532099732,236
sh11,13.0065162572785,80.2036151478132,237
sh11,13.0064880478072,80.2035662796954,238
sh11,13.0061712905589,80.2031061081511,239
sh11,13.0061061982585,80.2030023268309,240
sh11,13.0059394229526,80.202714253404,241
sh11,13.0058042135887,80.2025218005351,242
sh11,13.0057076644447,80.2024020521372,243
sh11,13.0056303281094,80.2023165468419,244
sh11,13.0055924204758,80.2022824517429,245
sh11,13.005554307667,80.2022572418627,246
sh11,13.0054095908278,80.2021710679329,247
sh11,13.0052950709402,80.2021060891665,248
sh11,13.0050308336943,80.201961512507,249
sh11,13.0048437074905,80.2018829782223,250
sh11,13.0035492870336,80.2012828186929,251
sh11,13.0029335644084,80.200896376574,252
sh11,13.0025109273023,80.2006368208407,253
sh11,13.0023289965218,80.2005095275154,254
sh11,13.0021364221589,80.2003554236355,255
sh11,13.0020144781175,80.2002218703948,256
sh11,13.0019318149273,80.2001140253564,257
sh11,13.0018772478988,80.2000198777676,258
sh11,13.0018560542085,80.199972837786,259
sh11,13.0018160559032,80.1998452041308,260
sh11,13.0017708579881,80.1996522101164,261
sh11,13.0017484750181,80.1994853113986,262
sh11,13.0017397521106,80.1993311943639,263
sh11,13.0017505489578,80.1992339931378,264
sh11,13.0017579368799,80.1991458230297,265
sh11,13.0017649393792,80.1991149910383,266
sh11,13.001789212278,80.1989980541798,267
sh11,13.001831920847,80.1988305414744,268
sh11,13.0019602128195,80.1981700053073,269
sh11,13.0020184019742,80.1978082051399,270
sh11,13.0020639931893,80.1974807966148,271
sh11,13.0020741034896,80.1973141938392,272
sh11,13.0020729716488,80.1971677743425,273
sh11,13.0020571642157,80.1970606370065,274
sh11,13.0020352658741,80.1969667232895,275
sh11,13.0020017450413,80.1968706393989,276
sh11,13.0019394730078,80.1967179509599,277
sh11,13.0018776590204,80.1966023371942,278
sh11,13.0016819769605,80.1962996737567,279
sh11,13.0012913970575,80.1958218671766,280
sh11,13.00094736845,80.1953843580764,281
sh11,13.0004354970039,80.1947198034806,282
sh11,12.9990895784154,80.1930298394236,283
sh11,12.9981629989087,80.1918713309258,284
sh11,12.9976233828517,80.1911722432229,285
sh11,12.997543964251,80.1910508149241,286
sh11,12.9974822834768,80.1909387404098,287
sh11,12.9974034395778,80.1907911006626,288
sh11,12.9973767087108,80.1907429680932,289
sh11,12.9973215752799,80.1906511321866,290
sh11,12.9972685703664,80.1905720824733,291
sh11,12.9970735776899,80.1902974450478,292
sh11,12.9964203264028,80.1895017865321,293
sh11,12.9961493836192,80.1891743280604,294
sh11,12.9958371578831,80.1887523384838,295
sh11,12.9958216355429,80.1887282633869,296
sh11,12.9957985049145,80.188694936839,297
sh11,12.99576684307,80.1886386084507,298
sh11,12.995697740854,80.1884922597085,299
sh11,12.9955503563685,80.1882192089048,300
sh11,12.9951486545649,80.1874323335033,301
sh11,12.9949710503134,80.1870468857558,302
sh11,12.994300294072,80.1857106607074,303
sh11,12.9935306010651,80.1843071740902,304
sh11,12.9933141198173,80.1839151791429,305
sh11,12.9929322155899,80.1832542450204,306
sh11,12.9924237309159,80.1824427138478,307
sh11,12.9919652496068,80.1817668429503,308
sh11,12.9912855414387,80.1809100545514,309
sh11,12.9906485003957,80.1800589271476,310
sh11,12.9902298406982,80.1795315634668,311
sh11,12.9901440981355,80.1794289355179,312
sh11,12.9900553965407,80.1793243054485,313
sh11,12.9899537052371,80.1792229468983,314
sh11,12.9892933733527,80.1785818166507,315
sh11,12.9889958101496,80.1782737912566,316
sh11,12.988870956504,80.1781201915951,317
sh11,12.9887945429542,80.1780088020888,318
sh11,12.9885146143975,80.1776051483962,319
sh11,12.9875824323738,80.1763092157972,320
sh11,12.9870201661999,80.1755064699491,321
sh11,12.9863932080512,80.1746336368583,322
sh11,12.9852068649201,80.1728984160718,323
sh11,12.9842070735446,80.1711489508102,324
sh11,12.9834496434134,80.1695840116432,325
sh11,12.9821813769606,80.1671914054718,326
sh11,12.9819284718664,80.1666491349796,327
sh11,12.9809741797154,80.1641763799997,328
sh11,12.980769733417,80.1636667008123,329
sh12,12.980769733417,80.1636667008123,1
sh12,12.9809741797154,80.1641763799997,2
sh12,12.9819284718664,80.1666491349796,3
sh12,12.9821813769606,80.1671914054718,4
sh12,12.9834496434134,80.1695840116432,5
sh12,12.9842070735446,80.1711489508102,6
sh12,12.9852068649201,80.1728984160718,7
sh12,12.9863932080512,80.1746336368583,8
sh12,12.9870201661999,80.1755064699491,9
sh12,12.9875824323738,80.1763092157972,10
sh12,12.9885146143975,80.1776051483962,11
sh12,12.9887945429542,80.1780088020888,12
sh12,12.988870956504,80.1781201915951,13
sh12,12.9889958101496,80.1782737912566,14
sh12,12.9892933733527,80.1785818166507,15
sh12,12.9899537052371,80.1792229468983,16
sh12,12.9900553965407,80.1793243054485,17
sh12,12.9901440981355,80.1794289355179,18
sh12,12.9902298406982,80.1795315634668,19
sh12,12.9906485003957,80.1800589271476,20
sh12,12.9912855414387,80.1809100545514,21
sh12,12.9919652496068,80.1817668429503,22
sh12,12.9924237309159,80.1824427138478,23
sh12,12.9929322155899,80.1832542450204,24
sh12,12.9933141198173,80.1839151791429,25
sh12,12.9935306010651,80.1843071740902,26
sh12,12.994300294072,80.1857106607074,27
sh12,12.9949710503134,80.1870468857558,28
sh12,12.9951486545649,80.1874323335033,29
sh12,12.9955503563685,80.1882192089048,30
sh12,12.995697740854,80.1884922597085,31
sh12,12.99576684307,80.1886386084507,32
sh12,12.9957985049145,80.188694936839,33
sh12,12.9958216355429,80.1887282633869,34
sh12,12.9958371578831,80.1887523384838,35
sh12,12.9961493836192,80.1891743280604,36
sh12,12.9964203264028,80.1895017865321,37
sh12,12.9970735776899,80.1902974450478,38
sh12,12.9972685703664,80.1905720824733,39
sh12,12.9973215752799,80.1906511321866,40
sh12,12.9973767087108,80.1907429680932,41
sh12,12.9974034395778,80.1907911006626,42
sh12,12.9974822834768,80.1909387404098,43
sh12,12.997543964251,80.1910508149241,44
sh12,12.9976233828517,80.1911722432229,45
sh12,12.9981629989087,80.1918713309258,46
sh12,12.9990895784154,80.1930298394236,47
sh12,13.0004354970039,80.1947198034806,48
sh12,13.00094736845,80.1953843580764,49
sh12,13.0012913970575,80.1958218671766,50
sh12,13.0016819769605,80.1962996737567,51
sh12,13.0018776590204,80.1966023371942,52
sh12,13.0019394730078,80.1967179509599,53
sh12,13.0020017450413,80.1968706393989,54
sh12,13.0020352658741,80.1969667232895,55
sh12,13.0020571642157,80.1970606370065,56
sh12,13.0020729716488,80.1971677743425,57
sh12,13.0020741034896,80.1973141938392,58
sh12,13.0020639931893,80.1974807966148,59
sh12,13.0020184019742,80.1978082051399,60
sh12,13.0019602128195,80.1981700053073,61
sh12,13.001831920847,80.1988305414744,62
sh12,13.001789212278,80.1989980541798,63
sh12,13.0017649393792,80.1991149910383,64
sh12,13.0017579368799,80.1991458230297,65
sh12,13.0017505489578,80.1992339931378,66
sh12,13.0017397521106,80.1993311943639,67
sh12,13.0017484750181,80.1994853113986,68
sh12,13.0017708579881,80.1996522101164,69
sh12,13.0018160559032,80.1998452041308,70
sh12,13.0018560542085,80.199972837786,71
sh12,13.0018772478988,80.2000198777676,72
sh12,13.0019318149273,80.2001140253564,73
sh12,13.0020144781175,80.2002218703948,74
sh12,13.0021364221589,80.2003554236355,75
sh12,13.0023289965218,80.2005095275154,76
sh12,13.0025109273023,80.2006368208407,77
sh12,13.0029335644084,80.200896376574,78
sh12,13.0035492870336,80.2012828186929,79
sh12,13.0048437074905,80.2018829782223,80
sh12,13.0050308336943,80.201961512507,81
sh12,13.0052950709402,80.2021060891665,82
sh12,13.0054095908278,80.2021710679329,83
sh12,13.005554307667,80.2022572418627,84
sh12,13.0055924204758,80.2022824517429,85
sh12,13.0056303281094,80.2023165468419,86
sh12,13.0057076644447,80.2024020521372,87
sh12,13.0058042135887,80.2025218005351,88
sh12,13.0059394229526,80.202714253404,89
sh12,13.0061061982585,80.2030023268309,90
sh12,13.0061712905589,80.2031061081511,91
sh12,13.0064880478072,80.2035662796954,92
sh12,13.0065162572785,80.2036151478132,93
sh12,13.0069276301207,80.2043532099732,94
sh12,13.0069968188769,80.204490390199,95
sh12,13.0071512347273,80.2048166725463,96
sh12,13.0073322336715,80.2053044610088,97
sh12,13.0074181518524,80.2055723004866,98
sh12,13.0074284811455,80.2056024942706,99
sh12,13.0077433837959,80.2068133751318,100
sh12,13.0077493676218,80.2068428448456,101
sh12,13.0077537764611,80.2068678294433,102
sh12,13.0079592229718,80.2081534634926,103
sh12,13.0080414192805,80.2087456846813,104
sh12,13.0080478521389,80.2087907254815,105
sh12,13.0081507230195,80.209358166983,106
sh12,13.0081712077485,80.2094317309596,107
sh12,13.0083279232532,80.2098906432689,108
sh12,13.0084566906262,80.2102847923249,109
sh12,13.0086711407808,80.2109324437898,110
sh12,13.0088319182699,80.2114757386399,111
sh12,13.0089993769386,80.2122136226209,112
sh12,13.009402261137,80.2138422291931,113
sh12,13.0095537819546,80.2147522515781,114
sh12,13.009751870969,80.2153851326781,115
sh12,13.010014225097,80.2159498204905,116
sh12,13.0102017038016,80.2162438723543,117
sh12,13.0106349485723,80.2168593634707,118
sh12,13.0106773059805,80.216931943315,119
sh12,13.0110242735751,80.2176290222726,120
sh12,13.011273415477,80.218217685782,121
sh12,13.0112915182225,80.2182664127831,122
sh12,13.0113038135985,80.2183004292822,123
sh12,13.0118563206222,80.2198789968676,124
sh12,13.0120864712201,80.2205677008767,125
sh12,13.012318985701,80.2211683621242,126
sh12,13.0125319860951,80.2215211818992,127
sh12,13.0131700253864,80.2223438765403,128
sh12,13.014400245385,80.2238199773884,129
sh12,13.015265854844,80.2249270368015,130
sh12,13.0155233954639,80.2252013573669,131
sh12,13.0156227390931,80.2253018254016,132
sh12,13.0156880183334,80.2253427477367,133
sh12,13.0157652227816,80.2253843525974,134
sh12,13.0158830497688,80.2254274864628,135
sh12,13.0160619765499,80.2254790272076,136
sh12,13.01621428612,80.2255096975197,137
sh12,13.0163241524615,80.2255139079071,138
sh12,13.0164310733778,80.2255024067367,139
sh12,13.0184453796901,80.2250847720577,140
sh12,13.0188415564938,80.2249907432301,141
sh12,13.0191641947224,80.2249642580353,142
sh12,13.0193690564111,80.2249746639459,143
sh12,13.0197861833694,80.2250483013326,144
sh12,13.0199279457699,80.2250890494133,145
sh12,13.0202259684177,80.2252353138575,146
sh12,13.0207718332667,80.2255527873114,147
sh12,13.0213580424595,80.2259643995396,148
sh12,13.0214301656776,80.2260264527071,149
sh12,13.0221559414993,80.2266421142025,150
sh12,13.0227370525512,80.2272239925662,151
sh12,13.0234944036996,80.2281124836753,152
sh12,13.0236331285364,80.2283490482348,153
sh12,13.0238789623903,80.228744902362,154
sh12,13.0243455737608,80.2295737791408,155
sh12,13.0249266033198,80.2305024118581,156
sh12,13.0254791269047,80.2314259994085,157
sh12,13.0263556442027,80.2327220038208,158
sh12,13.0264678997569,80.2328784946418,159
sh12,13.026518218382,80.2329563240426,160
sh12,13.0265560035087,80.23301783675,161
sh12,13.0269960755112,80.2337993464652,162
sh12,13.0275836484298,80.2348307892765,163
sh12,13.0279498497928,80.2354214003558,164
sh12,13.0283118386643,80.235868381634,165
sh12,13.0291337633697,80.2367480145534,166
sh12,13.0296811110034,80.2374046938545,167
sh12,13.0299599835446,80.2378258971014,168
sh12,13.0305283865628,80.2388354786159,169
sh12,13.0310239733356,80.2397322983023,170
sh12,13.0311857595735,80.2400741529641,171
sh12,13.0322309953953,80.2421661431022,172
sh12,13.0324308381087,80.2425008268699,173
sh12,13.03260905776,80.242782537727,174
sh12,13.0338454879438,80.2443809413829,175
sh12,13.0342514695016,80.2449172295329,176
sh12,13.0347231469918,80.2455944836055,177
sh12,13.0348618259015,80.2457609592713,178
sh12,13.034914588,80.2458111959502,179
sh12,13.0349602272471,80.2458485194356,180
sh12,13.0350617247491,80.2459292481035,181
sh12,13.0351600287227,80.2459828319422,182
sh12,13.0352895487815,80.2460314164744,183
sh12,13.0355671684992,80.2461065058529,184
sh12,13.0363141660644,80.2462787913376,185
sh12,13.0398290456842,80.2470664511139,186
sh12,13.0449313986116,80.2480761126076,187
sh12,13.04639110942,80.2483873126184,188
sh12,13.0465751500098,80.2484191965624,189
sh12,13.0468170562909,80.2484876758232,190
sh12,13.0468927559252,80.2485076661192,191
sh12,13.047519890276,80.2487358344907,192
sh12,13.0495597755133,80.2497893843662,193
sh12,13.0497595144084,80.2498982913228,194
sh12,13.0498676439901,80.2499458712935,195
sh12,13.0500577113524,80.2500426658319,196
sh12,13.0512299972496,80.2505411433215,197
sh12,13.0512943362992,80.2505718301735,198
sh12,13.051356929818,80.2506046340234,199
sh12,13.0519369280098,80.250927950579,200
sh12,13.0522008074954,80.2511162561651,201
sh12,13.0522903888918,80.2511821669044,202
sh12,13.0523439305814,80.2512313735708,203
sh12,13.0524643403755,80.2513484895363,204
sh12,13.0531690717706,80.2521887795751,205
sh12,13.0544961305003,80.2539953589391,206
sh12,13.055811948276,80.2557902564679,207
sh12,13.0561502821233,80.256190473341,208
sh12,13.0565139211033,80.2565735035158,209
sh12,13.0572996188204,80.257306937365,210
sh12,13.0573836693618,80.2573862861237,211
sh12,13.0575601661461,80.2575489861021,212
sh12,13.0577266565143,80.2577207390957,213
sh12,13.0591908099639,80.2594960704857,214
sh12,13.0593610201973,80.259699586638,215
sh12,13.0613415189262,80.2621184056381,216
sh12,13.0631895647505,80.2643776002804,217
sh12,13.0638234932835,80.2651595854638,218
sh12,13.0651897148973,80.2668490108881,219
sh12,13.0653454999724,80.2670393874441,220
sh12,13.0654186849444,80.2671327612141,221
sh12,13.0661376924891,80.2680746951876,222
sh12,13.0661555045447,80.2680982006971,223
sh12,13.0661765815393,80.2681254965156,224
sh12,13.0661831859635,80.2681336829802,225
sh12,13.0661984256899,80.2681553986816,226
sh12,13.0662724425907,80.2682750250756,227
sh12,13.0663003615272,80.2683380190993,228
sh12,13.0663159864469,80.2683854546522,229
sh12,13.0663338378295,80.2684350925413,230
sh12,13.0663510124362,80.2685054928047,231
sh12,13.066359730357,80.2685607727726,232
sh12,13.0663623991353,80.2686072143308,233
sh12,13.0663719040823,80.2686683528745,234
sh12,13.0664216377456,80.2690469963497,235
sh12,13.0665468674123,80.2695583202571,236
sh12,13.0666477144475,80.2697364205422,237
sh12,13.0668154174706,80.2699568212078,238
sh12,13.0671414212996,80.2703161217195,239
sh12,13.0673469181431,80.270540823682,240
sh12,13.0678628458526,80.2710989975532,241
sh12,13.0682815489825,80.2715646448854,242
sh12,13.0688082455791,80.2721359024395,243
sh12,13.0694704634513,80.2728011593469,244
sh12,13.0698664130346,80.2731516498423,245
sh12,13.0702466635846,80.2734604342429,246
sh12,13.070495597715,80.2736274513877,247
sh12,13.0707683798647,80.2737514278729,248
sh12,13.0709810040326,80.2738165037184,249
sh12,13.0711524220111,80.2738392485763,250
sh12,13.0713152012794,80.2738468112005,251
sh12,13.0715909953131,80.2738429209548,252
sh12,13.0718728393845,80.2738027531384,253
sh12,13.0720687279601,80.2737444712316,254
sh12,13.0726921363202,80.273491262168,255
sh12,13.073273683604,80.2731163828819,256
sh12,13.0735047466779,80.2729076891204,257
sh12,13.0744141756429,80.2720123342093,258
sh12,13.0758258032468,80.2705020198372,259
sh12,13.0762032817968,80.2700341763807,260
sh12,13.0771179134805,80.2689979786281,261
sh12,13.0774821857457,80.2687572214993,262
sh12,13.0778615134839,80.2686419067538,263
sh12,13.0782574376899,80.2686427528598,264
sh12,13.078624637462,80.2687338560008,265
sh12,13.0791471072142,80.2689881878743,266
sh12,13.0797108217444,80.2693838066646,267
sh12,13.0799132170127,80.2695686139792,268
sh12,13.0799542393345,80.269608007353,269
sh12,13.080060433061,80.2697210802201,270
sh12,13.0802965222866,80.2699727115781,271
sh12,13.0804576009776,80.2701588514949,272
sh12,13.0805907394778,80.2703169944424,273
sh12,13.0807500806694,80.2705238521204,274
sh12,13.0808661567929,80.2706863668397,275
sh12,13.0809634283215,80.2708439943152,276
sh12,13.0809946334286,80.2708987836122,277
sh12,13.0810227923648,80.2709600731542,278
sh12,13.0810458372926,80.2710138439269,279
sh12,13.081105947525,80.2712584398901,280
sh12,13.0812224101263,80.2717627968695,281
sh12,13.0813370837992,80.272359491205,282
sh12,13.0814107142313,80.2727672974881,283
sh12,13.0816512937743,80.2739651941103,284
sh12,13.0818064152192,80.27478744863,285
sh12,13.0818187499441,80.2748545454165,286
sh12,13.0818263006952,80.2749155075716,287
sh12,13.0819395728155,80.2757236088584,288
sh12,13.0820649061413,80.2767929358129,289
sh12,13.0821899464125,80.2783079044893,290
sh12,13.0822177010676,80.2796563827178,291
sh12,13.0822653915182,80.280748491019,292
sh12,13.0823646180212,80.2815494465724,293
sh12,13.0825833874735,80.2824381519977,294
sh12,13.0827069685998,80.2826928831228,295
sh12,13.0829287278698,80.2829943980771,296
sh12,13.0833389269002,80.2833926934585,297
sh12,13.0837595445602,80.283761485427,298
sh12,13.0840518905017,80.2839753835422,299
sh12,13.084426290618,80.2841685661229,300
sh12,13.084793441934,80.2843310691563,301
sh12,13.0860116737914,80.284738849557,302
sh12,13.0878609554477,80.2852183606196,303
sh12,13.0883773173252,80.2853525717639,304
sh12,13.0887258311499,80.2854174829614,305
sh12,13.089965998198,80.2855402204285,306
sh12,13.0929173666699,80.2857674816544,307
sh12,13.0941445859987,80.2859230323667,308
sh12,13.095826430242,80.2861710898973,309
sh12,13.0962849908603,80.2862234375494,310
sh12,13.0970392298039,80.2862653417177,311
sh12,13.0974006322351,80.2862329702128,312
sh12,13.0978319755705,80.2861743067081,313
sh12,13.0982347533429,80.2859938342274,314
sh12,13.098552384082,80.2857376978693,315
sh12,13.0988551910701,80.2853657927925,316
sh12,13.0992792140988,80.2848737365071,317
sh12,13.099751009456,80.284321055961,318
sh12,13.1004824733972,80.2834433646864,319
sh12,13.1015738359148,80.2822002565247,320
sh12,13.1027881459025,80.2807994874813,321
sh12,13.1032097929912,80.2804992675903,322
sh12,13.1036387847315,80.2802579332043,323
sh12,13.1041543848732,80.2801364566056,324
sh12,13.1046286542614,80.2800907985169,325
sh12,13.1049382582047,80.280106351402,326
sh12,13.1053504878313,80.2801907127932,327
sh12,13.1056043199152,80.2802678024078,328
sh12,13.1086577606799,80.2812068978694,329
sh13,13.0818077443607,80.2747915135679,1
sh13,13.0817040878949,80.2742679060366,2
sh13,13.0813330337563,80.2723545975004,3
sh13,13.0812191616375,80.271745606467,4
sh13,13.0810910558667,80.2711853622021,5
sh13,13.0810509938048,80.2710349830843,6
sh13,13.0810238090726,80.2709443332532,7
sh13,13.0809802434201,80.2708248071993,8
sh13,13.0799261608745,80.2687545755538,9
sh13,13.0796576785252,80.268264414896,10
sh13,13.0791037160657,80.267138644019,11
sh13,13.0790017053361,80.2668708095062,12
sh13,13.0789313289281,80.2666534989339,13
sh13,13.078871863775,80.2664643330414,14
sh13,13.0787963511512,80.2661649271054,15
sh13,13.078719473696,80.265888358006,16
sh13,13.0786826542859,80.2656972772,17
sh13,13.0786596848403,80.2654878995147,18
sh13,13.0786734453813,80.2652524218579,19
sh13,13.0787559671527,80.2647166400459,20
sh13,13.0789142734766,80.2638974859737,21
sh13,13.0790067735908,80.2634233358294,22
sh13,13.0791292364786,80.2628724665668,23
sh13,13.0791678519293,80.2627317441821,24
sh13,13.0792121212754,80.2625559648611,25
sh13,13.0792387068591,80.2624406813281,26
sh13,13.0792581536405,80.2623405907694,27
sh13,13.0792632757366,80.2622985276935,28
sh13,13.079269486247,80.2621941057913,29
sh13,13.0792638600977,80.2620878877602,30
sh13,13.0792432195666,80.2619346885079,31
sh13,13.0787521042703,80.2600056534188,32
sh13,13.0786880961004,80.259742665463,33
sh13,13.0786776401611,80.259677338704,34
sh13,13.0786653524595,80.2595384860529,35
sh13,13.0786706207361,80.2592656601084,36
sh13,13.0787145123322,80.2587322068949,37
sh13,13.0787900604581,80.2580710513518,38
sh13,13.0788172363996,80.2578752837711,39
sh13,13.0789823635094,80.256402010563,40
sh13,13.0789949827009,80.256229236698,41
sh13,13.079002188152,80.2561775034463,42
sh13,13.0790058030392,80.2560555589383,43
sh13,13.0790071634319,80.2554142137408,44
sh13,13.0789984625174,80.2552715071531,45
sh13,13.0788918533007,80.2543176336029,46
sh13,13.07880285112,80.253583010019,47
sh13,13.0787637179668,80.2530618495271,48
sh13,13.0787592716133,80.2529554601017,49
sh13,13.0787670304383,80.2520589407219,50
sh13,13.0787565224071,80.2517715975624,51
sh13,13.078643326122,80.2501146573165,52
sh13,13.0784795080874,80.2486705177219,53
sh13,13.0782480838489,80.2474561765245,54
sh13,13.0780731267629,80.2466636813498,55
sh13,13.0780292482511,80.2464422706638,56
sh13,13.0780070445245,80.246261142349,57
sh13,13.0779136138791,80.245267679442,58
sh13,13.0778369565919,80.2442664203689,59
sh13,13.0778308015825,80.2441616630537,60
sh13,13.0778218967013,80.2440628179757,61
sh13,13.0776080232838,80.2426269833761,62
sh13,13.0774752241081,80.2416611356069,63
sh13,13.0774284071177,80.2414270455418,64
sh13,13.0769958184992,80.2396547533954,65
sh13,13.0765324602388,80.2376480500788,66
sh13,13.0761293614148,80.2354491432563,67
sh13,13.0760882288699,80.2352719988311,68
sh13,13.0760269217408,80.2350422487679,69
sh13,13.075991737984,80.2349478671967,70
sh13,13.0759308012522,80.2348400386652,71
sh13,13.0758962011386,80.2347797395654,72
sh13,13.0758674276509,80.2347198124703,73
sh13,13.0757852332816,80.2345166579605,74
sh13,13.0754287516421,80.2333956268594,75
sh13,13.0751539093567,80.232147334215,76
sh13,13.0750558863933,80.2317693815043,77
sh13,13.0749946719663,80.2315212357204,78
sh13,13.0749635456958,80.2313791500817,79
sh13,13.074917828473,80.2310782980884,80
sh13,13.0748863390539,80.2308837211778,81
sh13,13.0748641419344,80.230672823351,82
sh13,13.0748413637399,80.2304686800412,83
sh13,13.0747797292218,80.2293247809092,84
sh13,13.0746404818291,80.2277258575053,85
sh13,13.0746241529918,80.2273921018046,86
sh13,13.0746135231109,80.2269600903897,87
sh13,13.074633904686,80.2267645320709,88
sh13,13.0746757470411,80.2265259677091,89
sh13,13.0747356949253,80.2263164873497,90
sh13,13.0748434583555,80.2260577684949,91
sh13,13.074943254276,80.2258898999184,92
sh13,13.0750307007577,80.2257734613736,93
sh13,13.0750931831451,80.2257129988305,94
sh13,13.0752104312926,80.225593753834,95
sh13,13.0753053988434,80.2255140702137,96
sh13,13.0753795854198,80.2254484713077,97
sh13,13.075519565647,80.2253413421374,98
sh13,13.07574730354,80.22517136214,99
sh13,13.0759131463966,80.2250749756753,100
sh13,13.0760762549242,80.2250106663033,101
sh13,13.0761259319866,80.2249926997195,102
sh13,13.0761853807314,80.2249787730219,103
sh13,13.0762604372359,80.2249676048935,104
sh13,13.0763089048369,80.2249607869753,105
sh13,13.0763795200867,80.2249564828308,106
sh13,13.076512728613,80.2249579261736,107
sh13,13.0767451749145,80.2249748372224,108
sh13,13.0773640165334,80.2250380669282,109
sh13,13.0799062242026,80.2252373500393,110
sh13,13.0810144533349,80.2253442057731,111
sh13,13.0813792663251,80.2253737603326,112
sh13,13.0822138225303,80.2253997625393,113
sh13,13.082516005755,80.2253756240994,114
sh13,13.082784519342,80.2253078185856,115
sh13,13.0832043930036,80.2250979239493,116
sh13,13.0834927015061,80.2248666643921,117
sh13,13.0837929860116,80.2245068664053,118
sh13,13.0838502822102,80.2244177722571,119
sh13,13.0839178097782,80.2242936765456,120
sh13,13.0840089574367,80.2241092854707,121
sh13,13.0841399846328,80.2238491248393,122
sh13,13.0842789201367,80.2235395833024,123
sh13,13.0843704833088,80.2232490071694,124
sh13,13.0844457884903,80.2227385514569,125
sh13,13.0844898919369,80.2220503185132,126
sh13,13.0845551031718,80.2207551647807,127
sh13,13.0845602718067,80.2205908461328,128
sh13,13.0846527328955,80.2184794907368,129
sh13,13.084717045005,80.2158028275415,130
sh13,13.0850023762631,80.2082965313316,131
sh13,13.0852749744661,80.2009752424641,132
sh13,13.0852829144198,80.2004425218873,133
sh13,13.0852802345776,80.2003544607282,134
sh13,13.0852695106193,80.2002664192916,135
sh13,13.0852581348295,80.2001817257651,136
sh13,13.0852492386129,80.2001389066524,137
sh13,13.0852439277235,80.2001097360367,138
sh13,13.0852309406834,80.2000410508953,139
sh13,13.0852165542239,80.1999741007885,140
sh13,13.0851898116511,80.1998786705445,141
sh13,13.0851127753385,80.1996905046985,142
sh13,13.0850193423269,80.1994710274585,143
sh13,13.0848741047213,80.1992527310006,144
sh13,13.0846875290981,80.1990357855354,145
sh13,13.0844384198381,80.1988430627836,146
sh13,13.0842108435009,80.1986923056397,147
sh13,13.0840812981666,80.1986234409575,148
sh13,13.0839449644628,80.1985777784357,149
sh13,13.083877514006,80.1985562779364,150
sh13,13.0837250084622,80.1985232963565,151
sh13,13.0834845864454,80.1984896757545,152
sh13,13.0832595615091,80.1984601461763,153
sh13,13.0831300241321,80.1984477488754,154
sh13,13.0829471566961,80.1984328585279,155
sh13,13.0825959241258,80.1984144942993,156
sh13,13.0823681166392,80.1984017331731,157
sh13,13.0821207262485,80.1984010471913,158
sh13,13.0819056800472,80.1984024918475,159
sh13,13.0793873642194,80.1985163417169,160
sh13,13.0793361762999,80.1985180066767,161
sh13,13.0792205166562,80.1985085467371,162
sh13,13.0791594695523,80.1985038678595,163
sh13,13.0791019843294,80.1984907231802,164
sh13,13.0789914430804,80.1984596701586,165
sh13,13.0788336177209,80.1984060153841,166
sh13,13.0787351062295,80.1983645121682,167
sh13,13.0787009178501,80.198342499503,168
sh13,13.0786538943364,80.1983145192648,169
sh13,13.0786076799674,80.1982826160941,170
sh13,13.0784388073324,80.198150160625,171
sh13,13.0782179699427,80.1979308853809,172
sh13,13.0781572260531,80.1978381930349,173
sh13,13.0780963543569,80.1976826181872,174
sh13,13.0780558789858,80.1974771034666,175
sh13,13.0780329115208,80.1972842862643,176
sh13,13.0780152171818,80.1970868934675,177
sh13,13.077990485973,80.1968168441069,178
sh13,13.0779347285059,80.1964049522336,179
sh13,13.0778731152355,80.1958900357866,180
sh13,13.077810866925,80.1956252936194,181
sh13,13.0777947146557,80.195583436232,182
sh13,13.077752411801,80.1955037999433,183
sh13,13.0776013812233,80.1953155869965,184
sh13,13.0775415362412,80.1952579073614,185
sh13,13.0773872455411,80.1951457610192,186
sh13,13.0773477560846,80.1951181110019,187
sh13,13.0772428783088,80.1950620147639,188
sh13,13.0771622212994,80.1950273674558,189
sh13,13.0769013651459,80.1949652700218,190
sh13,13.076680388185,80.194929899997,191
sh13,13.0761383609361,80.1948488603168,192
sh13,13.0760842505795,80.1948411085699,193
sh13,13.0760387987513,80.1948386983471,194
sh13,13.0759819092226,80.1948394281819,195
sh13,13.0758490069468,80.1948393547781,196
sh13,13.0745901250453,80.194851065477,197
sh13,13.070281722711,80.1948675297845,198
sh13,13.0702303140165,80.1948750246437,199
sh13,13.0700915506742,80.194913623505,200
sh13,13.0700642589641,80.1949260685155,201
sh13,13.0700426039734,80.1949380732425,202
sh13,13.0699279040725,80.1950109439774,203
sh13,13.0697179731933,80.1951949316641,204
sh13,13.0696537574391,80.1952671462478,205
sh13,13.0695902391429,80.1953566022737,206
sh13,13.0695476054389,80.1954441114688,207
sh13,13.069506257754,80.195525329923,208
sh13,13.0694733673661,80.195627989597,209
sh13,13.0694459995825,80.1957227861489,210
sh13,13.0694184021828,80.1958246767839,211
sh13,13.069400735895,80.1959114628915,212
sh13,13.069379586213,80.1960680298102,213
sh13,13.0693801343766,80.1961418413667,214
sh13,13.0693791430008,80.196230825709,215
sh13,13.0693925526281,80.1970039828922,216
sh13,13.0694366675954,80.1993397878884,217
sh13,13.0694332421167,80.1996575922481,218
sh13,13.0694274530174,80.1997661061847,219
sh13,13.069418909681,80.1998885705235,220
sh13,13.0693881390436,80.2001707490471,221
sh13,13.0693717309469,80.2003141881387,222
sh13,13.0693581775644,80.2003903053959,223
sh13,13.0693300017921,80.2005192761708,224
sh13,13.0692981679571,80.2006240586348,225
sh13,13.0691603251292,80.2010218436971,226
sh13,13.0690263777618,80.201346322723,227
sh13,13.0690079552567,80.2013865455868,228
sh13,13.0689832797927,80.2014510976888,229
sh13,13.0689202729786,80.2016626197722,230
sh13,13.0688444794825,80.2019431486278,231
sh13,13.0688357797483,80.2019940883177,232
sh13,13.0688159764182,80.2021205739896,233
sh13,13.068483244784,80.2046822298081,234
sh13,13.0684745024183,80.2047625942416,235
sh13,13.0684658004453,80.2049152758516,236
sh13,13.0684963636735,80.2067202426005,237
sh13,13.0684898440688,80.2068811478692,238
sh13,13.068459577101,80.207081726572,239
sh13,13.0683928012908,80.2073693194313,240
sh13,13.0683438656806,80.2074970663848,241
sh13,13.0683082657115,80.2075837762775,242
sh13,13.0682057479913,80.2077733830174,243
sh13,13.0679920976726,80.208077299532,244
sh13,13.0676980502091,80.2084943747454,245
sh13,13.0673615023091,80.2090009024411,246
sh13,13.0671784939432,80.2092640849551,247
sh13,13.0668845081839,80.2096838999388,248
sh13,13.0665913883909,80.210021085564,249
sh13,13.0661094770802,80.2104421091395,250
sh13,13.0654033779922,80.2109741114608,251
sh13,13.0649198515783,80.2113052492588,252
sh13,13.0648142873955,80.2113649158349,253
sh13,13.0646402347597,80.2114513363426,254
sh13,13.0644279943723,80.2115308452127,255
sh13,13.0638096026469,80.211684811603,256
sh13,13.0637671095574,80.2116942134531,257
sh13,13.0636615047114,80.2117068125568,258
sh13,13.0627015225003,80.2117223643733,259
sh13,13.0613803206496,80.2116833085532,260
sh13,13.0595448117131,80.2116074850505,261
sh13,13.0583208747981,80.2115712921979,262
sh13,13.0547200964212,80.2114856167695,263
sh13,13.05465809148,80.2114870693625,264
sh13,13.0544879062096,80.2115050935635,265
sh13,13.0542839204542,80.211546673919,266
sh13,13.0536687316997,80.2117133622272,267
sh13,13.0522601288723,80.212094075295,268
sh13,13.052201138339,80.2121074379856,269
sh13,13.0520738692228,80.212124890266,270
sh13,13.0518681754558,80.2121310546429,271
sh13,13.0514414834966,80.2121228823017,272
sh13,13.0498780139975,80.2120587779419,273
sh13,13.0496561488292,80.2120514600243,274
sh13,13.0494251401997,80.212062494105,275
sh13,13.0485445112485,80.2121319896336,276
sh13,13.0474664810052,80.212233307487,277
sh13,13.0460936587611,80.2123063590275,278
sh13,13.045075169228,80.212314833784,279
sh13,13.0434946854988,80.2123349519734,280
sh13,13.0433419811103,80.2123445258615,281
sh13,13.0431700669655,80.2123498327074,282
sh13,13.0428852981478,80.2123535266791,283
sh13,13.0426176494561,80.2123428348577,284
sh13,13.0417169792988,80.2123321442251,285
sh13,13.0411109884174,80.2123366246977,286
sh13,13.0404167474986,80.2123373876465,287
sh13,13.039557825142,80.2123225563835,288
sh13,13.037619285196,80.2123359362651,289
sh13,13.0368932239615,80.2123508371154,290
sh13,13.0367574382585,80.2123393546909,291
sh13,13.0366027846406,80.212333169575,292
sh13,13.0364096110918,80.212306325293,293
sh13,13.036316336619,80.2122800605455,294
sh13,13.0362336243996,80.2122307998939,295
sh13,13.0361809305486,80.2121890122953,296
sh13,13.0361455238961,80.2121585580042,297
sh13,13.0361110980793,80.2121197999471,298
sh13,13.0360841075612,80.2120823347058,299
sh13,13.0359913625487,80.2119462836294,300
sh13,13.0358718735438,80.2117385160551,301
sh13,13.0351323392134,80.2102980106852,302
sh13,13.0350939379401,80.2102331577783,303
sh13,13.035017641451,80.2101176560612,304
sh13,13.0349547969532,80.2100520035864,305
sh13,13.0349246174885,80.2100219628906,306
sh13,13.0347763183639,80.2099145224557,307
sh13,13.0346416645682,80.2098492324908,308
sh13,13.0346055232923,80.2098394327401,309
sh13,13.0345622605276,80.2098245158842,310
sh13,13.0343622533346,80.2097944638083,311
sh13,13.0338793507888,80.2097940580277,312
sh13,13.0334371541541,80.2097738449664,313
sh13,13.032745359557,80.2096882699701,314
sh13,13.0323939957486,80.2096457438526,315
sh13,13.032170170931,80.2096029996085,316
sh13,13.0318878669958,80.2095419314268,317
sh13,13.0313102561864,80.2093878565962,318
sh13,13.0297846252484,80.208934230183,319
sh13,13.0290728326529,80.2087539324041,320
sh13,13.0290332329117,80.2087446370763,321
sh13,13.0289389328252,80.2087252800055,322
sh13,13.0288160212926,80.2086983379308,323
sh13,13.0286697150319,80.2086722828124,324
sh13,13.0284767572791,80.2086231211513,325
sh13,13.0282751085674,80.2085554824195,326
sh13,13.028168056977,80.2084943962102,327
sh13,13.028109183544,80.2084522988181,328
sh13,13.0280390285205,80.2083990545418,329
sh13,13.0279540731504,80.2083231678976,330
sh13,13.0279042942695,80.2082859090338,331
sh13,13.027675687106,80.2080788587964,332
sh13,13.027451227128,80.2078582344652,333
sh13,13.027306104274,80.2077346047163,334
sh13,13.0272573297845,80.2076998377016,335
sh13,13.0271393031085,80.2076237841342,336
sh13,13.0263586712331,80.2071618768012,337
sh13,13.0262753112161,80.2071220452406,338
sh13,13.0261392535204,80.207070422347,339
sh13,13.0259757713492,80.2070212848655,340
sh13,13.0258405242953,80.2069858750605,341
sh13,13.0256813441247,80.206958581953,342
sh13,13.024977042386,80.2069287258144,343
sh13,13.0249256794422,80.2069262118411,344
sh13,13.0248764174823,80.2069210031986,345
sh13,13.0247650015715,80.2069028116473,346
sh13,13.0239607109862,80.2067169593643,347
sh13,13.0227300213892,80.2064880120891,348
sh13,13.021963697965,80.2064064326146,349
sh13,13.0211175017074,80.2063650215906,350
sh13,13.0203978435872,80.2063440735763,351
sh13,13.0198427107642,80.206366878532,352
sh13,13.0197912649482,80.2063638793905,353
sh13,13.019637737739,80.2063362785244,354
sh13,13.0195680547043,80.2063204047671,355
sh13,13.0194451139166,80.2062854803071,356
sh13,13.019013734493,80.2061473051878,357
sh13,13.0182501348945,80.2058961482433,358
sh13,13.0176660386678,80.2056822063594,359
sh13,13.0157952603061,80.2050097725323,360
sh13,13.0153592441947,80.2048524036093,361
sh13,13.0152025592562,80.2047941731016,362
sh13,13.0150442785076,80.2047397350459,363
sh13,13.0121504302808,80.2037063486373,364
sh13,13.0113442867415,80.2033995967688,365
sh13,13.011284777338,80.2033800130921,366
sh13,13.011169201943,80.2033433083197,367
sh13,13.010891393408,80.2032691856045,368
sh13,13.0104418563447,80.2031794111823,369
sh13,13.010298772069,80.2031594562205,370
sh13,13.0090875268475,80.2031431488069,371
sh13,13.0083416215789,80.2031302845939,372
sh13,13.0082903838936,80.2031254566419,373
sh13,13.0081767754156,80.2031101962637,374
sh13,13.0073801059722,80.202936477912,375
sh13,13.0070857804165,80.2028530744782,376
sh13,13.0066637304847,80.2026893813385,377
sh13,13.0060083657784,80.2024080386949,378
sh13,13.0057526985224,80.2022979961705,379
sh13,13.0052524421579,80.2020546124733,380
sh13,13.0049269846916,80.2019134117249,381
sh13,13.0042359703321,80.2016020715567,382
sh13,13.0035417150079,80.2012792977169,383
sh13,13.0029335644084,80.200896376574,384
sh13,13.0025109273023,80.2006368208407,385
sh13,13.0023289965218,80.2005095275154,386
sh13,13.0021364221589,80.2003554236355,387
sh13,13.0020144781175,80.2002218703948,388
sh13,13.0019318149273,80.2001140253564,389
sh13,13.0018772478988,80.2000198777676,390
sh13,13.0018560542085,80.199972837786,391
sh13,13.0018160559032,80.1998452041308,392
sh13,13.0017708579881,80.1996522101164,393
sh13,13.0017484750181,80.1994853113986,394
sh13,13.0017397521106,80.1993311943639,395
sh13,13.0017505489578,80.1992339931378,396
sh13,13.0017579368799,80.1991458230297,397
sh13,13.0017649393792,80.1991149910383,398
sh13,13.001789212278,80.1989980541798,399
sh13,13.001831920847,80.1988305414744,400
sh13,13.0019602128195,80.1981700053073,401
sh13,13.0020184019742,80.1978082051399,402
sh13,13.0020639931893,80.1974807966148,403
sh13,13.0020741034896,80.1973141938392,404
sh13,13.0020729716488,80.1971677743425,405
sh13,13.0020571642157,80.1970606370065,406
sh13,13.0020352658741,80.1969667232895,407
sh13,13.0020017450413,80.1968706393989,408
sh13,13.0019394730078,80.1967179509599,409
sh13,13.0018776590204,80.1966023371942,410
sh13,13.0016819769605,80.1962996737567,411
sh13,13.0012913970575,80.1958218671766,412
sh13,13.00094736845,80.1953843580764,413
sh13,13.0004354970039,80.1947198034806,414
sh13,12.9990895784154,80.1930298394236,415
sh13,12.9981629989087,80.1918713309258,416
sh13,12.9976233828517,80.1911722432229,417
sh13,12.997543964251,80.1910508149241,418
sh13,12.9974822834768,80.1909387404098,419
sh13,12.9974034395778,80.1907911006626,420
sh13,12.9973767087108,80.1907429680932,421
sh13,12.9973215752799,80.1906511321866,422
sh13,12.9972685703664,80.1905720824733,423
sh13,12.9970735776899,80.1902974450478,424
sh13,12.9964203264028,80.1895017865321,425
sh13,12.9961493836192,80.1891743280604,426
sh13,12.9958371578831,80.1887523384838,427
sh13,12.9958216355429,80.1887282633869,428
sh13,12.9957985049145,80.188694936839,429
sh13,12.99576684307,80.1886386084507,430
sh13,12.995697740854,80.1884922597085,431
sh13,12.9955503563685,80.1882192089048,432
sh13,12.9951486545649,80.1874323335033,433
sh13,12.9949710503134,80.1870468857558,434
sh13,12.994300294072,80.1857106607074,435
sh13,12.9935306010651,80.1843071740902,436
sh13,12.9933141198173,80.1839151791429,437
sh13,12.9929322155899,80.1832542450204,438
sh13,12.9924237309159,80.1824427138478,439
sh13,12.9919652496068,80.1817668429503,440
sh13,12.9912855414387,80.1809100545514,441
sh13,12.9906485003957,80.1800589271476,442
sh13,12.9902298406982,80.1795315634668,443
sh13,12.9901440981355,80.1794289355179,444
sh13,12.9900553965407,80.1793243054485,445
sh13,12.9899537052371,80.1792229468983,446
sh13,12.9892933733527,80.1785818166507,447
sh13,12.9889958101496,80.1782737912566,448
sh13,12.988870956504,80.1781201915951,449
sh13,12.9887945429542,80.1780088020888,450
sh13,12.9885146143975,80.1776051483962,451
sh13,12.9875824323738,80.1763092157972,452
sh13,12.9870201661999,80.1755064699491,453
sh13,12.9863932080512,80.1746336368583,454
sh13,12.9852068649201,80.1728984160718,455
sh13,12.9842070735446,80.1711489508102,456
sh13,12.9834496434134,80.1695840116432,457
sh13,12.9821813769606,80.1671914054718,458
sh13,12.9819284718664,80.1666491349796,459
sh13,12.9809741797154,80.1641763799997,460
sh13,12.980769733417,80.1636667008123,461
sh14,12.980769733417,80.1636667008123,1
sh14,12.9809741797154,80.1641763799997,2
sh14,12.9819284718664,80.1666491349796,3
sh14,12.9821813769606,80.1671914054718,4
sh14,12.9834496434134,80.1695840116432,5
sh14,12.9842070735446,80.1711489508102,6
sh14,12.9852068649201,80.1728984160718,7
sh14,12.9863932080512,80.1746336368583,8
sh14,12.9870201661999,80.1755064699491,9
sh14,12.9875824323738,80.1763092157972,10
sh14,12.9885146143975,80.1776051483962,11
sh14,12.9887945429542,80.1780088020888,12
sh14,12.988870956504,80.1781201915951,13
sh14,12.9889958101496,80.1782737912566,14
sh14,12.9892933733527,80.1785818166507,15
sh14,12.9899537052371,80.1792229468983,16
sh14,12.9900553965407,80.1793243054485,17
sh14,12.9901440981355,80.1794289355179,18
sh14,12.9902298406982,80.1795315634668,19
sh14,12.9906485003957,80.1800589271476,20
sh14,12.9912855414387,80.1809100545514,21
sh14,12.9919652496068,80.1817668429503,22
sh14,12.9924237309159,80.1824427138478,23
sh14,12.9929322155899,80.1832542450204,24
sh14,12.9933141198173,80.1839151791429,25
sh14,12.9935306010651,80.1843071740902,26
sh14,12.994300294072,80.1857106607074,27
sh14,12.9949710503134,80.1870468857558,28
sh14,12.9951486545649,80.1874323335033,29
sh14,12.9955503563685,80.1882192089048,30
sh14,12.995697740854,80.1884922597085,31
sh14,12.99576684307,80.1886386084507,32
sh14,12.9957985049145,80.188694936839,33
sh14,12.9958216355429,80.1887282633869,34
sh14,12.9958371578831,80.1887523384838,35
sh14,12.9961493836192,80.1891743280604,36
sh14,12.9964203264028,80.1895017865321,37
sh14,12.9970735776899,80.1902974450478,38
sh14,12.9972685703664,80.1905720824733,39
sh14,12.9973215752799,80.1906511321866,40
sh14,12.9973767087108,80.1907429680932,41
sh14,12.9974034395778,80.1907911006626,42
sh14,12.9974822834768,80.1909387404098,43
sh14,12.997543964251,80.1910508149241,44
sh14,12.9976233828517,80.1911722432229,45
sh14,12.9981629989087,80.1918713309258,46
sh14,12.9990895784154,80.1930298394236,47
sh14,13.0004354970039,80.1947198034806,48
sh14,13.00094736845,80.1953843580764,49
sh14,13.0012913970575,80.1958218671766,50
sh14,13.0016819769605,80.1962996737567,51
sh14,13.0018776590204,80.1966023371942,52
sh14,13.0019394730078,80.1967179509599,53
sh14,13.0020017450413,80.1968706393989,54
sh14,13.0020352658741,80.1969667232895,55
sh14,13.0020571642157,80.1970606370065,56
sh14,13.0020729716488,80.1971677743425,57
sh14,13.0020741034896,80.1973141938392,58
sh14,13.0020639931893,80.1974807966148,59
sh14,13.0020184019742,80.1978082051399,60
sh14,13.0019602128195,80.1981700053073,61
sh14,13.001831920847,80.1988305414744,62
sh14,13.001789212278,80.1989980541798,63
sh14,13.0017649393792,80.1991149910383,64
sh14,13.0017579368799,80.1991458230297,65
sh14,13.0017505489578,80.1992339931378,66
sh14,13.0017397521106,80.1993311943639,67
sh14,13.0017484750181,80.1994853113986,68
sh14,13.0017708579881,80.1996522101164,69
sh14,13.0018160559032,80.1998452041308,70
sh14,13.0018560542085,80.199972837786,71
sh14,13.0018772478988,80.2000198777676,72
sh14,13.0019318149273,80.2001140253564,73
sh14,13.0020144781175,80.2002218703948,74
sh14,13.0021364221589,80.2003554236355,75
sh14,13.0023289965218,80.2005095275154,76
sh14,13.0025109273023,80.2006368208407,77
sh14,13.0029335644084,80.200896376574,78
sh14,13.0035417150079,80.2012792977169,79
sh14,13.0042359703321,80.2016020715567,80
sh14,13.0049269846916,80.2019134117249,81
sh14,13.0052524421579,80.2020546124733,82
sh14,13.0057526985224,80.2022979961705,83
sh14,13.0060083657784,80.2024080386949,84
sh14,13.0066637304847,80.2026893813385,85
sh14,13.0070857804165,80.2028530744782,86
sh14,13.0073801059722,80.202936477912,87
sh14,13.0081767754156,80.2031101962637,88
sh14,13.0082903838936,80.2031254566419,89
sh14,13.0083416215789,80.2031302845939,90
sh14,13.0090875268475,80.2031431488069,91
sh14,13.010298772069,80.2031594562205,92
sh14,13.0104418563447,80.2031794111823,93
sh14,13.010891393408,80.2032691856045,94
sh14,13.011169201943,80.2033433083197,95
sh14,13.011284777338,80.2033800130921,96
sh14,13.0113442867415,80.2033995967688,97
sh14,13.0121504302808,80.2037063486373,98
sh14,13.0150442785076,80.2047397350459,99
sh14,13.0152025592562,80.2047941731016,100
sh14,13.0153592441947,80.2048524036093,101
sh14,13.0157952603061,80.2050097725323,102
sh14,13.0176660386678,80.2056822063594,103
sh14,13.0182501348945,80.2058961482433,104
sh14,13.019013734493,80.2061473051878,105
sh14,13.0194451139166,80.2062854803071,106
sh14,13.0195680547043,80.2063204047671,107
sh14,13.019637737739,80.2063362785244,108
sh14,13.0197912649482,80.2063638793905,109
sh14,13.0198427107642,80.206366878532,110
sh14,13.0203978435872,80.2063440735763,111
sh14,13.0211175017074,80.2063650215906,112
sh14,13.021963697965,80.2064064326146,113
sh14,13.0227300213892,80.2064880120891,114
sh14,13.0239607109862,80.2067169593643,115
sh14,13.0247650015715,80.2069028116473,116
sh14,13.0248764174823,80.2069210031986,117
sh14,13.0249256794422,80.2069262118411,118
sh14,13.024977042386,80.2069287258144,119
sh14,13.0256813441247,80.206958581953,120
sh14,13.0258405242953,80.2069858750605,121
sh14,13.0259757713492,80.2070212848655,122
sh14,13.0261392535204,80.207070422347,123
sh14,13.0262753112161,80.2071220452406,124
sh14,13.0263586712331,80.2071618768012,125
sh14,13.0271393031085,80.2076237841342,126
sh14,13.0272573297845,80.2076998377016,127
sh14,13.027306104274,80.2077346047163,128
sh14,13.027451227128,80.2078582344652,129
sh14,13.027675687106,80.2080788587964,130
sh14,13.0279042942695,80.2082859090338,131
sh14,13.0279540731504,80.2083231678976,132
sh14,13.0280390285205,80.2083990545418,133
sh14,13.028109183544,80.2084522988181,134
sh14,13.028168056977,80.2084943962102,135
sh14,13.0282751085674,80.2085554824195,136
sh14,13.0284767572791,80.2086231211513,137
sh14,13.0286697150319,80.2086722828124,138
sh14,13.0288160212926,80.2086983379308,139
sh14,13.0289389328252,80.2087252800055,140
sh14,13.0290332329117,80.2087446370763,141
sh14,13.0290728326529,80.2087539324041,142
sh14,13.0297846252484,80.208934230183,143
sh14,13.0313102561864,80.2093878565962,144
sh14,13.0318878669958,80.2095419314268,145
sh14,13.032170170931,80.2096029996085,146
sh14,13.0323939957486,80.2096457438526,147
sh14,13.032745359557,80.2096882699701,148
sh14,13.0334371541541,80.2097738449664,149
sh14,13.0338793507888,80.2097940580277,150
sh14,13.0343622533346,80.2097944638083,151
sh14,13.0345622605276,80.2098245158842,152
sh14,13.0346055232923,80.2098394327401,153
sh14,13.0346416645682,80.2098492324908,154
sh14,13.0347763183639,80.2099145224557,155
sh14,13.0349246174885,80.2100219628906,156
sh14,13.0349547969532,80.2100520035864,157
sh14,13.035017641451,80.2101176560612,158
sh14,13.0350939379401,80.2102331577783,159
sh14,13.0351323392134,80.2102980106852,160
sh14,13.0358718735438,80.2117385160551,161
sh14,13.0359913625487,80.2119462836294,162
sh14,13.0360841075612,80.2120823347058,163
sh14,13.0361110980793,80.2121197999471,164
sh14,13.0361455238961,80.2121585580042,165
sh14,13.0361809305486,80.2121890122953,166
sh14,13.0362336243996,80.2122307998939,167
sh14,13.036316336619,80.2122800605455,168
sh14,13.0364096110918,80.212306325293,169
sh14,13.0366027846406,80.212333169575,170
sh14,13.0367574382585,80.2123393546909,171
sh14,13.0368932239615,80.2123508371154,172
sh14,13.037619285196,80.2123359362651,173
sh14,13.039557825142,80.2123225563835,174
sh14,13.0404167474986,80.2123373876465,175
sh14,13.0411109884174,80.2123366246977,176
sh14,13.0417169792988,80.2123321442251,177
sh14,13.0426176494561,80.2123428348577,178
sh14,13.0428852981478,80.2123535266791,179
sh14,13.0431700669655,80.2123498327074,180
sh14,13.0433419811103,80.2123445258615,181
sh14,13.0434946854988,80.2123349519734,182
sh14,13.045075169228,80.212314833784,183
sh14,13.0460936587611,80.2123063590275,184
sh14,13.0474664810052,80.212233307487,185
sh14,13.0485445112485,80.2121319896336,186
sh14,13.0494251401997,80.212062494105,187
sh14,13.0496561488292,80.2120514600243,188
sh14,13.0498780139975,80.2120587779419,189
sh14,13.0514414834966,80.2121228823017,190
sh14,13.0518681754558,80.2121310546429,191
sh14,13.0520738692228,80.212124890266,192
sh14,13.052201138339,80.2121074379856,193
sh14,13.0522601288723,80.212094075295,194
sh14,13.0536687316997,80.2117133622272,195
sh14,13.0542839204542,80.211546673919,196
sh14,13.0544879062096,80.2115050935635,197
sh14,13.05465809148,80.2114870693625,198
sh14,13.0547200964212,80.2114856167695,199
sh14,13.0583208747981,80.2115712921979,200
sh14,13.0595448117131,80.2116074850505,201
sh14,13.0613803206496,80.2116833085532,202
sh14,13.0627015225003,80.2117223643733,203
sh14,13.0636615047114,80.2117068125568,204
sh14,13.0637671095574,80.2116942134531,205
sh14,13.0638096026469,80.211684811603,206
sh14,13.0644279943723,80.2115308452127,207
sh14,13.0646402347597,80.2114513363426,208
sh14,13.0648142873955,80.2113649158349,209
sh14,13.0649198515783,80.2113052492588,210
sh14,13.0654033779922,80.2109741114608,211
sh14,13.0661094770802,80.2104421091395,212
sh14,13.0665913883909,80.210021085564,213
sh14,13.0668845081839,80.2096838999388,214
sh14,13.0671784939432,80.2092640849551,215
sh14,13.0673615023091,80.2090009024411,216
sh14,13.0676980502091,80.2084943747454,217
sh14,13.0679920976726,80.208077299532,218
sh14,13.0682057479913,80.2077733830174,219
sh14,13.0683082657115,80.2075837762775,220
sh14,13.0683438656806,80.2074970663848,221
sh14,13.0683928012908,80.2073693194313,222
sh14,13.068459577101,80.207081726572,223
sh14,13.0684898440688,80.2068811478692,224
sh14,13.0684963636735,80.2067202426005,225
sh14,13.0684658004453,80.2049152758516,226
sh14,13.0684745024183,80.2047625942416,227
sh14,13.068483244784,80.2046822298081,228
sh14,13.0688159764182,80.2021205739896,229
sh14,13.0688357797483,80.2019940883177,230
sh14,13.0688444794825,80.2019431486278,231
sh14,13.0689202729786,80.2016626197722,232
sh14,13.0689832797927,80.2014510976888,233
sh14,13.0690079552567,80.2013865455868,234
sh14,13.0690263777618,80.201346322723,235
sh14,13.0691603251292,80.2010218436971,236
sh14,13.0692981679571,80.2006240586348,237
sh14,13.0693300017921,80.2005192761708,238
sh14,13.0693581775644,80.2003903053959,239
sh14,13.0693717309469,80.2003141881387,240
sh14,13.0693881390436,80.2001707490471,241
sh14,13.069418909681,80.1998885705235,242
sh14,13.0694274530174,80.1997661061847,243
sh14,13.0694332421167,80.1996575922481,244
sh14,13.0694366675954,80.1993397878884,245
sh14,13.0693925526281,80.1970039828922,246
sh14,13.0693791430008,80.196230825709,247
sh14,13.0693801343766,80.1961418413667,248
sh14,13.069379586213,80.1960680298102,249
sh14,13.069400735895,80.1959114628915,250
sh14,13.0694184021828,80.1958246767839,251
sh14,13.0694459995825,80.1957227861489,252
sh14,13.0694733673661,80.195627989597,253
sh14,13.069506257754,80.195525329923,254
sh14,13.0695476054389,80.1954441114688,255
sh14,13.0695902391429,80.1953566022737,256
sh14,13.0696537574391,80.1952671462478,257
sh14,13.0697179731933,80.1951949316641,258
sh14,13.0699279040725,80.1950109439774,259
sh14,13.0700426039734,80.1949380732425,260
sh14,13.0700642589641,80.1949260685155,261
sh14,13.0700915506742,80.194913623505,262
sh14,13.0702303140165,80.1948750246437,263
sh14,13.070281722711,80.1948675297845,264
sh14,13.0745901250453,80.194851065477,265
sh14,13.0758490069468,80.1948393547781,266
sh14,13.0759819092226,80.1948394281819,267
sh14,13.0760387987513,80.1948386983471,268
sh14,13.0760842505795,80.1948411085699,269
sh14,13.0761383609361,80.1948488603168,270
sh14,13.076680388185,80.194929899997,271
sh14,13.0769013651459,80.1949652700218,272
sh14,13.0771622212994,80.1950273674558,273
sh14,13.0772428783088,80.1950620147639,274
sh14,13.0773477560846,80.1951181110019,275
sh14,13.0773872455411,80.1951457610192,276
sh14,13.0775415362412,80.1952579073614,277
sh14,13.0776013812233,80.1953155869965,278
sh14,13.077752411801,80.1955037999433,279
sh14,13.0777947146557,80.195583436232,280
sh14,13.077810866925,80.1956252936194,281
sh14,13.0778731152355,80.1958900357866,282
sh14,13.0779347285059,80.1964049522336,283
sh14,13.077990485973,80.1968168441069,284
sh14,13.0780152171818,80.1970868934675,285
sh14,13.0780329115208,80.1972842862643,286
sh14,13.0780558789858,80.1974771034666,287
sh14,13.0780963543569,80.1976826181872,288
sh14,13.0781572260531,80.1978381930349,289
sh14,13.0782179699427,80.1979308853809,290
sh14,13.0784388073324,80.198150160625,291
sh14,13.0786076799674,80.1982826160941,292
sh14,13.0786538943364,80.1983145192648,293
sh14,13.0787009178501,80.198342499503,294
sh14,13.0787351062295,80.1983645121682,295
sh14,13.0788336177209,80.1984060153841,296
sh14,13.0789914430804,80.1984596701586,297
sh14,13.0791019843294,80.1984907231802,298
sh14,13.0791594695523,80.1985038678595,299
sh14,13.0792205166562,80.1985085467371,300
sh14,13.0793361762999,80.1985180066767,301
sh14,13.0793873642194,80.1985163417169,302
sh14,13.0819056800472,80.1984024918475,303
sh14,13.0821207262485,80.1984010471913,304
sh14,13.0823681166392,80.1984017331731,305
sh14,13.0825959241258,80.1984144942993,306
sh14,13.0829471566961,80.1984328585279,307
sh14,13.0831300241321,80.1984477488754,308
sh14,13.0832595615091,80.1984601461763,309
sh14,13.0834845864454,80.1984896757545,310
sh14,13.0837250084622,80.1985232963565,311
sh14,13.083877514006,80.1985562779364,312
sh14,13.0839449644628,80.1985777784357,313
sh14,13.0840812981666,80.1986234409575,314
sh14,13.0842108435009,80.1986923056397,315
sh14,13.0844384198381,80.1988430627836,316
sh14,13.0846875290981,80.1990357855354,317
sh14,13.0848741047213,80.1992527310006,318
sh14,13.0850193423269,80.1994710274585,319
sh14,13.0851127753385,80.1996905046985,320
sh14,13.0851898116511,80.1998786705445,321
sh14,13.0852165542239,80.1999741007885,322
sh14,13.0852309406834,80.2000410508953,323
sh14,13.0852439277235,80.2001097360367,324
sh14,13.0852492386129,80.2001389066524,325
sh14,13.0852581348295,80.2001817257651,326
sh14,13.0852695106193,80.2002664192916,327
sh14,13.0852802345776,80.2003544607282,328
sh14,13.0852829144198,80.2004425218873,329
sh14,13.0852749744661,80.2009752424641,330
sh14,13.0850023762631,80.2082965313316,331
sh14,13.084717045005,80.2158028275415,332
sh14,13.0846527328955,80.2184794907368,333
sh14,13.0845602718067,80.2205908461328,334
sh14,13.0845551031718,80.2207551647807,335
sh14,13.0844898919369,80.2220503185132,336
sh14,13.0844457884903,80.2227385514569,337
sh14,13.0843704833088,80.2232490071694,338
sh14,13.0842789201367,80.2235395833024,339
sh14,13.0841399846328,80.2238491248393,340
sh14,13.0840089574367,80.2241092854707,341
sh14,13.0839178097782,80.2242936765456,342
sh14,13.0838502822102,80.2244177722571,343
sh14,13.0837929860116,80.2245068664053,344
sh14,13.0834927015061,80.2248666643921,345
sh14,13.0832043930036,80.2250979239493,346
sh14,13.082784519342,80.2253078185856,347
sh14,13.082516005755,80.2253756240994,348
sh14,13.0822138225303,80.2253997625393,349
sh14,13.0813792663251,80.2253737603326,350
sh14,13.0810144533349,80.2253442057731,351
sh14,13.0799062242026,80.2252373500393,352
sh14,13.0773640165334,80.2250380669282,353
sh14,13.0767451749145,80.2249748372224,354
sh14,13.076512728613,80.2249579261736,355
sh14,13.0763795200867,80.2249564828308,356
sh14,13.0763089048369,80.2249607869753,357
sh14,13.0762604372359,80.2249676048935,358
sh14,13.0761853807314,80.2249787730219,359
sh14,13.0761259319866,80.2249926997195,360
sh14,13.0760762549242,80.2250106663033,361
sh14,13.0759131463966,80.2250749756753,362
sh14,13.07574730354,80.22517136214,363
sh14,13.075519565647,80.2253413421374,364
sh14,13.0753795854198,80.2254484713077,365
sh14,13.0753053988434,80.2255140702137,366
sh14,13.0752104312926,80.225593753834,367
sh14,13.0750931831451,80.2257129988305,368
sh14,13.0750307007577,80.2257734613736,369
sh14,13.074943254276,80.2258898999184,370
sh14,13.0748434583555,80.2260577684949,371
sh14,13.0747356949253,80.2263164873497,372
sh14,13.0746757470411,80.2265259677091,373
sh14,13.074633904686,80.2267645320709,374
sh14,13.0746135231109,80.2269600903897,375
sh14,13.0746241529918,80.2273921018046,376
sh14,13.0746404818291,80.2277258575053,377
sh14,13.0747797292218,80.2293247809092,378
sh14,13.0748413637399,80.2304686800412,379
sh14,13.0748641419344,80.230672823351,380
sh14,13.0748863390539,80.2308837211778,381
sh14,13.074917828473,80.2310782980884,382
sh14,13.0749635456958,80.2313791500817,383
sh14,13.0749946719663,80.2315212357204,384
sh14,13.0750558863933,80.2317693815043,385
sh14,13.0751539093567,80.232147334215,386
sh14,13.0754287516421,80.2333956268594,387
sh14,13.0757852332816,80.2345166579605,388
sh14,13.0758674276509,80.2347198124703,389
sh14,13.0758962011386,80.2347797395654,390
sh14,13.0759308012522,80.2348400386652,391
sh14,13.075991737984,80.2349478671967,392
sh14,13.0760269217408,80.2350422487679,393
sh14,13.0760882288699,80.2352719988311,394
sh14,13.0761293614148,80.2354491432563,395
sh14,13.0765324602388,80.2376480500788,396
sh14,13.0769958184992,80.2396547533954,397
sh14,13.0774284071177,80.2414270455418,398
sh14,13.0774752241081,80.2416611356069,399
sh14,13.0776080232838,80.2426269833761,400
sh14,13.0778218967013,80.2440628179757,401
sh14,13.0778308015825,80.2441616630537,402
sh14,13.0778369565919,80.2442664203689,403
sh14,13.0779136138791,80.245267679442,404
sh14,13.0780070445245,80.246261142349,405
sh14,13.0780292482511,80.2464422706638,406
sh14,13.0780731267629,80.2466636813498,407
sh14,13.0782480838489,80.2474561765245,408
sh14,13.0784795080874,80.2486705177219,409
sh14,13.078643326122,80.2501146573165,410
sh14,13.0787565224071,80.2517715975624,411
sh14,13.0787670304383,80.2520589407219,412
sh14,13.0787592716133,80.2529554601017,413
sh14,13.0787637179668,80.2530618495271,414
sh14,13.07880285112,80.253583010019,415
sh14,13.0788918533007,80.2543176336029,416
sh14,13.0789984625174,80.2552715071531,417
sh14,13.0790071634319,80.2554142137408,418
sh14,13.0790058030392,80.2560555589383,419
sh14,13.079002188152,80.2561775034463,420
sh14,13.0789949827009,80.256229236698,421
sh14,13.0789823635094,80.256402010563,422
sh14,13.0788172363996,80.2578752837711,423
sh14,13.0787900604581,80.2580710513518,424
sh14,13.0787145123322,80.2587322068949,425
sh14,13.0786706207361,80.2592656601084,426
sh14,13.0786653524595,80.2595384860529,427
sh14,13.0786776401611,80.259677338704,428
sh14,13.0786880961004,80.259742665463,429
sh14,13.0787521042703,80.2600056534188,430
sh14,13.0792432195666,80.2619346885079,431
sh14,13.0792638600977,80.2620878877602,432
sh14,13.079269486247,80.2621941057913,433
sh14,13.0792632757366,80.2622985276935,434
sh14,13.0792581536405,80.2623405907694,435
sh14,13.0792387068591,80.2624406813281,436
sh14,13.0792121212754,80.2625559648611,437
sh14,13.0791678519293,80.2627317441821,438
sh14,13.0791292364786,80.2628724665668,439
sh14,13.0790067735908,80.2634233358294,440
sh14,13.0789142734766,80.2638974859737,441
sh14,13.0787559671527,80.2647166400459,442
sh14,13.0786734453813,80.2652524218579,443
sh14,13.0786596848403,80.2654878995147,444
sh14,13.0786826542859,80.2656972772,445
sh14,13.078719473696,80.265888358006,446
sh14,13.0787963511512,80.2661649271054,447
sh14,13.078871863775,80.2664643330414,448
sh14,13.0789313289281,80.2666534989339,449
sh14,13.0790017053361,80.2668708095062,450
sh14,13.0791037160657,80.267138644019,451
sh14,13.0796576785252,80.268264414896,452
sh14,13.0799261608745,80.2687545755538,453
sh14,13.0809802434201,80.2708248071993,454
sh14,13.0810238090726,80.2709443332532,455
sh14,13.0810509938048,80.2710349830843,456
sh14,13.0810910558667,80.2711853622021,457
sh14,13.0812191616375,80.271745606467,458
sh14,13.0813330337563,80.2723545975004,459
sh14,13.0817040878949,80.2742679060366,460
sh14,13.0818077443607,80.2747915135679,461
sh15,13.0733611111111,80.194875,1
sh15,13.070281722711,80.1948675297845,2
sh15,13.0702303140165,80.1948750246437,3
sh15,13.0700915506742,80.194913623505,4
sh15,13.0700642589641,80.1949260685155,5
sh15,13.0700426039734,80.1949380732425,6
sh15,13.0699279040725,80.1950109439774,7
sh15,13.0697179731933,80.1951949316641,8
sh15,13.0696537574391,80.1952671462478,9
sh15,13.0695902391429,80.1953566022737,10
sh15,13.0695476054389,80.1954441114688,11
sh15,13.069506257754,80.195525329923,12
sh15,13.0694733673661,80.195627989597,13
sh15,13.0694459995825,80.1957227861489,14
sh15,13.0694184021828,80.1958246767839,15
sh15,13.069400735895,80.1959114628915,16
sh15,13.069379586213,80.1960680298102,17
sh15,13.0693801343766,80.1961418413667,18
sh15,13.0693791430008,80.196230825709,19
sh15,13.0693925526281,80.1970039828922,20
sh15,13.0694366675954,80.1993397878884,21
sh15,13.0694332421167,80.1996575922481,22
sh15,13.0694274530174,80.1997661061847,23
sh15,13.069418909681,80.1998885705235,24
sh15,13.0693881390436,80.2001707490471,25
sh15,13.0693717309469,80.2003141881387,26
sh15,13.0693581775644,80.2003903053959,27
sh15,13.0693300017921,80.2005192761708,28
sh15,13.0692981679571,80.2006240586348,29
sh15,13.0691603251292,80.2010218436971,30
sh15,13.0690263777618,80.201346322723,31
sh15,13.0690079552567,80.2013865455868,32
sh15,13.0689832797927,80.2014510976888,33
sh15,13.0689202729786,80.2016626197722,34
sh15,13.0688444794825,80.2019431486278,35
sh15,13.0688357797483,80.2019940883177,36
sh15,13.0688159764182,80.2021205739896,37
sh15,13.068483244784,80.2046822298081,38
sh15,13.0684745024183,80.2047625942416,39
sh15,13.0684658004453,80.2049152758516,40
sh15,13.0684963636735,80.2067202426005,41
sh15,13.0684898440688,80.2068811478692,42
sh15,13.068459577101,80.207081726572,43
sh15,13.0683928012908,80.2073693194313,44
sh15,13.0683438656806,80.2074970663848,45
sh15,13.0683082657115,80.2075837762775,46
sh15,13.0682057479913,80.2077733830174,47
sh15,13.0679920976726,80.208077299532,48
sh15,13.0676980502091,80.2084943747454,49
sh15,13.0673615023091,80.2090009024411,50
sh15,13.0671784939432,80.2092640849551,51
sh15,13.0668845081839,80.2096838999388,52
sh15,13.0665913883909,80.210021085564,53
sh15,13.0661094770802,80.2104421091395,54
sh15,13.0654033779922,80.2109741114608,55
sh15,13.0649198515783,80.2113052492588,56
sh15,13.0648142873955,80.2113649158349,57
sh15,13.0646402347597,80.2114513363426,58
sh15,13.0644279943723,80.2115308452127,59
sh15,13.0638096026469,80.211684811603,60
sh15,13.0637671095574,80.2116942134531,61
sh15,13.0636615047114,80.2117068125568,62
sh15,13.0627015225003,80.2117223643733,63
sh15,13.0613803206496,80.2116833085532,64
sh15,13.0595448117131,80.2116074850505,65
sh15,13.0583208747981,80.2115712921979,66
sh15,13.0547200964212,80.2114856167695,67
sh15,13.05465809148,80.2114870693625,68
sh15,13.0544879062096,80.2115050935635,69
sh15,13.0542839204542,80.211546673919,70
sh15,13.0536687316997,80.2117133622272,71
sh15,13.0522601288723,80.212094075295,72
sh15,13.052201138339,80.2121074379856,73
sh15,13.0520738692228,80.212124890266,74
sh15,13.0518681754558,80.2121310546429,75
sh15,13.0514414834966,80.2121228823017,76
sh15,13.0498780139975,80.2120587779419,77
sh15,13.0496561488292,80.2120514600243,78
sh15,13.0494251401997,80.212062494105,79
sh15,13.0485445112485,80.2121319896336,80
sh15,13.0474664810052,80.212233307487,81
sh15,13.0460936587611,80.2123063590275,82
sh15,13.045075169228,80.212314833784,83
sh15,13.0434946854988,80.2123349519734,84
sh15,13.0433419811103,80.2123445258615,85
sh15,13.0431700669655,80.2123498327074,86
sh15,13.0428852981478,80.2123535266791,87
sh15,13.0426176494561,80.2123428348577,88
sh15,13.0417169792988,80.2123321442251,89
sh15,13.0411109884174,80.2123366246977,90
sh15,13.0404167474986,80.2123373876465,91
sh15,13.039557825142,80.2123225563835,92
sh15,13.037619285196,80.2123359362651,93
sh15,13.0368932239615,80.2123508371154,94
sh15,13.0367574382585,80.2123393546909,95
sh15,13.0366027846406,80.212333169575,96
sh15,13.0364096110918,80.212306325293,97
sh15,13.036316336619,80.2122800605455,98
sh15,13.0362336243996,80.2122307998939,99
sh15,13.0361809305486,80.2121890122953,100
sh15,13.0361455238961,80.2121585580042,101
sh15,13.0361110980793,80.2121197999471,102
sh15,13.0360841075612,80.2120823347058,103
sh15,13.0359913625487,80.2119462836294,104
sh15,13.0358718735438,80.2117385160551,105
sh15,13.0351323392134,80.2102980106852,106
sh15,13.0350939379401,80.2102331577783,107
sh15,13.035017641451,80.2101176560612,108
sh15,13.0349547969532,80.2100520035864,109
sh15,13.0349246174885,80.2100219628906,110
sh15,13.0347763183639,80.2099145224557,111
sh15,13.0346416645682,80.2098492324908,112
sh15,13.0346055232923,80.2098394327401,113
sh15,13.0345622605276,80.2098245158842,114
sh15,13.0343622533346,80.2097944638083,115
sh15,13.0338793507888,80.2097940580277,116
sh15,13.0334371541541,80.2097738449664,117
sh15,13.032745359557,80.2096882699701,118
sh15,13.0323939957486,80.2096457438526,119
sh15,13.032170170931,80.2096029996085,120
sh15,13.0318878669958,80.2095419314268,121
sh15,13.0313102561864,80.2093878565962,122
sh15,13.0297846252484,80.208934230183,123
sh15,13.0290728326529,80.2087539324041,124
sh15,13.0290332329117,80.2087446370763,125
sh15,13.0289389328252,80.2087252800055,126
sh15,13.0288160212926,80.2086983379308,127
sh15,13.0286697150319,80.2086722828124,128
sh15,13.0284767572791,80.2086231211513,129
sh15,13.0282751085674,80.2085554824195,130
sh15,13.028168056977,80.2084943962102,131
sh15,13.028109183544,80.2084522988181,132
sh15,13.0280390285205,80.2083990545418,133
sh15,13.0279540731504,80.2083231678976,134
sh15,13.0279042942695,80.2082859090338,135
sh15,13.027675687106,80.2080788587964,136
sh15,13.027451227128,80.2078582344652,137
sh15,13.027306104274,80.2077346047163,138
sh15,13.0272573297845,80.2076998377016,139
sh15,13.0271393031085,80.2076237841342,140
sh15,13.0263586712331,80.2071618768012,141
sh15,13.0262753112161,80.2071220452406,142
sh15,13.0261392535204,80.207070422347,143
sh15,13.0259757713492,80.2070212848655,144
sh15,13.0258405242953,80.2069858750605,145
sh15,13.0256813441247,80.206958581953,146
sh15,13.024977042386,80.2069287258144,147
sh15,13.0249256794422,80.2069262118411,148
sh15,13.0248764174823,80.2069210031986,149
sh15,13.0247650015715,80.2069028116473,150
sh15,13.0239607109862,80.2067169593643,151
sh15,13.0227300213892,80.2064880120891,152
sh15,13.021963697965,80.2064064326146,153
sh15,13.0211175017074,80.2063650215906,154
sh15,13.0203978435872,80.2063440735763,155
sh15,13.0198427107642,80.206366878532,156
sh15,13.0197912649482,80.2063638793905,157
sh15,13.019637737739,80.2063362785244,158
sh15,13.0195680547043,80.2063204047671,159
sh15,13.0194451139166,80.2062854803071,160
sh15,13.019013734493,80.2061473051878,161
sh15,13.0182501348945,80.2058961482433,162
sh15,13.0176660386678,80.2056822063594,163
sh15,13.0157952603061,80.2050097725323,164
sh15,13.0153592441947,80.2048524036093,165
sh15,13.0152025592562,80.2047941731016,166
sh15,13.0150442785076,80.2047397350459,167
sh15,13.0121504302808,80.2037063486373,168
sh15,13.0113442867415,80.2033995967688,169
sh15,13.011284777338,80.2033800130921,170
sh15,13.011169201943,80.2033433083197,171
sh15,13.010891393408,80.2032691856045,172
sh15,13.0104418563447,80.2031794111823,173
sh15,13.010298772069,80.2031594562205,174
sh15,13.0090875268475,80.2031431488069,175
sh15,13.0083416215789,80.2031302845939,176
sh15,13.0082903838936,80.2031254566419,177
sh15,13.0081767754156,80.2031101962637,178
sh15,13.0073801059722,80.202936477912,179
sh15,13.0070857804165,80.2028530744782,180
sh15,13.0066637304847,80.2026893813385,181
sh15,13.0060083657784,80.2024080386949,182
sh15,13.0057526985224,80.2022979961705,183
sh15,13.0052524421579,80.2020546124733,184
sh15,13.0049269846916,80.2019134117249,185
sh15,13.0042359703321,80.2016020715567,186
sh15,13.0035417150079,80.2012792977169,187
sh15,13.0034646483543,80.2012430555646,188
sh15,13.0033563488452,80.2011891512392,189
sh15,13.0032900328938,80.2011511396599,190
sh15,13.0029221765191,80.2009196072267,191
sh15,13.0028521490578,80.200883896441,192
sh15,13.0027422830231,80.2008278822829,193
sh15,13.0026938046245,80.2008073727233,194
sh15,13.0020875013479,80.200618991929,195
sh15,13.0014191620643,80.2005158328979,196
sh15,13.0004099917352,80.2004962187693,197
sh15,12.9990663061109,80.2005000858396,198
sh15,12.9974691014187,80.2006154777887,199
sh15,12.997159112691,80.2006054156039,200
sh15,12.9967913776784,80.2005662028275,201
sh15,12.9964542643968,80.2005309586025,202
sh15,12.9961280940965,80.200485487997,203
sh15,12.9958818110895,80.2003880283331,204
sh15,12.9956953707728,80.2001780861758,205
sh15,12.9955188022029,80.1998553582424,206
sh15,12.9953248791002,80.1993375307196,207
sh15,12.9951808211333,80.1988922631936,208
sh15,12.995061718016,80.1984055409215,209
sh15,12.9949166959015,80.1979413774769,210
sh15,12.9946171052745,80.1969508349426,211
sh16,13.0684826617331,80.2039458648564,1
sh16,13.068483244784,80.2046822298081,2
sh16,13.0684745024183,80.2047625942416,3
sh16,13.0684658004453,80.2049152758516,4
sh16,13.0684963636735,80.2067202426005,5
sh16,13.0684898440688,80.2068811478692,6
sh16,13.068459577101,80.207081726572,7
sh16,13.0683928012908,80.2073693194313,8
sh16,13.0683438656806,80.2074970663848,9
sh16,13.0683082657115,80.2075837762775,10
sh16,13.0682057479913,80.2077733830174,11
sh16,13.0679920976726,80.208077299532,12
sh16,13.0676980502091,80.2084943747454,13
sh16,13.0673615023091,80.2090009024411,14
sh16,13.0671784939432,80.2092640849551,15
sh16,13.0668845081839,80.2096838999388,16
sh16,13.0665913883909,80.210021085564,17
sh16,13.0661094770802,80.2104421091395,18
sh16,13.0654033779922,80.2109741114608,19
sh16,13.0649198515783,80.2113052492588,20
sh16,13.0648142873955,80.2113649158349,21
sh16,13.0646402347597,80.2114513363426,22
sh16,13.0644279943723,80.2115308452127,23
sh16,13.0638096026469,80.211684811603,24
sh16,13.0637671095574,80.2116942134531,25
sh16,13.0636615047114,80.2117068125568,26
sh16,13.0627015225003,80.2117223643733,27
sh16,13.0613803206496,80.2116833085532,28
sh16,13.0595448117131,80.2116074850505,29
sh16,13.0583208747981,80.2115712921979,30
sh16,13.0547200964212,80.2114856167695,31
sh16,13.05465809148,80.2114870693625,32
sh16,13.0544879062096,80.2115050935635,33
sh16,13.0542839204542,80.211546673919,34
sh16,13.0536687316997,80.2117133622272,35
sh16,13.0522601288723,80.212094075295,36
sh16,13.052201138339,80.2121074379856,37
sh16,13.0520738692228,80.212124890266,38
sh16,13.0518681754558,80.2121310546429,39
sh16,13.0514414834966,80.2121228823017,40
sh16,13.0498780139975,80.2120587779419,41
sh16,13.0496561488292,80.2120514600243,42
sh16,13.0494251401997,80.212062494105,43
sh16,13.0485445112485,80.2121319896336,44
sh16,13.0474664810052,80.212233307487,45
sh16,13.0460936587611,80.2123063590275,46
sh16,13.045075169228,80.212314833784,47
sh16,13.0434946854988,80.2123349519734,48
sh16,13.0433419811103,80.2123445258615,49
sh16,13.0431700669655,80.2123498327074,50
sh16,13.0428852981478,80.2123535266791,51
sh16,13.0426176494561,80.2123428348577,52
sh16,13.0417169792988,80.2123321442251,53
sh16,13.0411109884174,80.2123366246977,54
sh16,13.0404167474986,80.2123373876465,55
sh16,13.039557825142,80.2123225563835,56
sh16,13.037619285196,80.2123359362651,57
sh16,13.0368932239615,80.2123508371154,58
sh16,13.0367574382585,80.2123393546909,59
sh16,13.0366027846406,80.212333169575,60
sh16,13.0364096110918,80.212306325293,61
sh16,13.036316336619,80.2122800605455,62
sh16,13.0362336243996,80.2122307998939,63
sh16,13.0361809305486,80.2121890122953,64
sh16,13.0361455238961,80.2121585580042,65
sh16,13.0361110980793,80.2121197999471,66
sh16,13.0360841075612,80.2120823347058,67
sh16,13.0359913625487,80.2119462836294,68
sh16,13.0358718735438,80.2117385160551,69
sh16,13.0351323392134,80.2102980106852,70
sh16,13.0350939379401,80.2102331577783,71
sh16,13.035017641451,80.2101176560612,72
sh16,13.0349547969532,80.2100520035864,73
sh16,13.0349246174885,80.2100219628906,74
sh16,13.0347763183639,80.2099145224557,75
sh16,13.0346416645682,80.2098492324908,76
sh16,13.0346055232923,80.2098394327401,77
sh16,13.0345622605276,80.2098245158842,78
sh16,13.0343622533346,80.2097944638083,79
sh16,13.0338793507888,80.2097940580277,80
sh16,13.0334371541541,80.2097738449664,81
sh16,13.032745359557,80.2096882699701,82
sh16,13.0323939957486,80.2096457438526,83
sh16,13.032170170931,80.2096029996085,84
sh16,13.0318878669958,80.2095419314268,85
sh16,13.0313102561864,80.2093878565962,86
sh16,13.0297846252484,80.208934230183,87
sh16,13.0290728326529,80.2087539324041,88
sh16,13.0290332329117,80.2087446370763,89
sh16,13.0289389328252,80.2087252800055,90
sh16,13.0288160212926,80.2086983379308,91
sh16,13.0286697150319,80.2086722828124,92
sh16,13.0284767572791,80.2086231211513,93
sh16,13.0282751085674,80.2085554824195,94
sh16,13.028168056977,80.2084943962102,95
sh16,13.028109183544,80.2084522988181,96
sh16,13.0280390285205,80.2083990545418,97
sh16,13.0279540731504,80.2083231678976,98
sh16,13.0279042942695,80.2082859090338,99
sh16,13.027675687106,80.2080788587964,100
sh16,13.027451227128,80.2078582344652,101
sh16,13.027306104274,80.2077346047163,102
sh16,13.0272573297845,80.2076998377016,103
sh16,13.0271393031085,80.2076237841342,104
sh16,13.0263586712331,80.2071618768012,105
sh16,13.0262753112161,80.2071220452406,106
sh16,13.0261392535204,80.207070422347,107
sh16,13.0259757713492,80.2070212848655,108
sh16,13.0258405242953,80.2069858750605,109
sh16,13.0256813441247,80.206958581953,110
sh16,13.024977042386,80.2069287258144,111
sh16,13.0249256794422,80.2069262118411,112
sh16,13.0248764174823,80.2069210031986,113
sh16,13.0247650015715,80.2069028116473,114
sh16,13.0239607109862,80.2067169593643,115
sh16,13.0227300213892,80.2064880120891,116
sh16,13.021963697965,80.2064064326146,117
sh16,13.0211175017074,80.2063650215906,118
sh16,13.0203978435872,80.2063440735763,119
sh16,13.0198427107642,80.206366878532,120
sh16,13.0197912649482,80.2063638793905,121
sh16,13.019637737739,80.2063362785244,122
sh16,13.0195680547043,80.2063204047671,123
sh16,13.0194451139166,80.2062854803071,124
sh16,13.019013734493,80.2061473051878,125
sh16,13.0182501348945,80.2058961482433,126
sh16,13.0176660386678,80.2056822063594,127
sh16,13.0157952603061,80.2050097725323,128
sh16,13.0153592441947,80.2048524036093,129
sh16,13.0152025592562,80.2047941731016,130
sh16,13.0150442785076,80.2047397350459,131
sh16,13.0121504302808,80.2037063486373,132
sh16,13.0113442867415,80.2033995967688,133
sh16,13.011284777338,80.2033800130921,134
sh16,13.011169201943,80.2033433083197,135
sh16,13.010891393408,80.2032691856045,136
sh16,13.0104418563447,80.2031794111823,137
sh16,13.010298772069,80.2031594562205,138
sh16,13.0090875268475,80.2031431488069,139
sh16,13.0083416215789,80.2031302845939,140
sh16,13.0082903838936,80.2031254566419,141
sh16,13.0081767754156,80.2031101962637,142
sh16,13.0073801059722,80.202936477912,143
sh16,13.0070857804165,80.2028530744782,144
sh16,13.0066637304847,80.2026893813385,145
sh16,13.0060083657784,80.2024080386949,146
sh16,13.0057526985224,80.2022979961705,147
sh16,13.0052524421579,80.2020546124733,148
sh16,13.0049269846916,80.2019134117249,149
sh16,13.0042359703321,80.2016020715567,150
sh16,13.0035417150079,80.2012792977169,151
sh16,13.0029335644084,80.200896376574,152
sh16,13.0025109273023,80.2006368208407,153
sh16,13.0023289965218,80.2005095275154,154
sh16,13.0021364221589,80.2003554236355,155
sh16,13.0020144781175,80.2002218703948,156
sh16,13.0019318149273,80.2001140253564,157
sh16,13.0018772478988,80.2000198777676,158
sh16,13.0018560542085,80.199972837786,159
sh16,13.0018160559032,80.1998452041308,160
sh16,13.0017708579881,80.1996522101164,161
sh16,13.0017484750181,80.1994853113986,162
sh16,13.0017397521106,80.1993311943639,163
sh16,13.0017505489578,80.1992339931378,164
sh16,13.0017579368799,80.1991458230297,165
sh16,13.0017649393792,80.1991149910383,166
sh16,13.001789212278,80.1989980541798,167
sh16,13.001831920847,80.1988305414744,168
sh16,13.0019602128195,80.1981700053073,169
sh16,13.0020184019742,80.1978082051399,170
sh16,13.0020639931893,80.1974807966148,171
sh16,13.0020741034896,80.1973141938392,172
sh16,13.0020729716488,80.1971677743425,173
sh16,13.0020571642157,80.1970606370065,174
sh16,13.0020352658741,80.1969667232895,175
sh16,13.0020017450413,80.1968706393989,176
sh16,13.0019394730078,80.1967179509599,177
sh16,13.0018776590204,80.1966023371942,178
sh16,13.0016819769605,80.1962996737567,179
sh16,13.0012913970575,80.1958218671766,180
sh16,13.00094736845,80.1953843580764,181
sh16,13.0004354970039,80.1947198034806,182
sh16,12.9990895784154,80.1930298394236,183
sh16,12.9981629989087,80.1918713309258,184
sh16,12.9976233828517,80.1911722432229,185
sh16,12.997543964251,80.1910508149241,186
sh16,12.9974822834768,80.1909387404098,187
sh16,12.9974034395778,80.1907911006626,188
sh16,12.9973767087108,80.1907429680932,189
sh16,12.9973215752799,80.1906511321866,190
sh16,12.9972685703664,80.1905720824733,191
sh16,12.9970735776899,80.1902974450478,192
sh16,12.9964203264028,80.1895017865321,193
sh16,12.9961493836192,80.1891743280604,194
sh16,12.9958371578831,80.1887523384838,195
sh16,12.9958216355429,80.1887282633869,196
sh16,12.9957985049145,80.188694936839,197
sh16,12.99576684307,80.1886386084507,198
sh16,12.995697740854,80.1884922597085,199
sh16,12.9955503563685,80.1882192089048,200
sh16,12.9951486545649,80.1874323335033,201
sh16,12.9949710503134,80.1870468857558,202
sh16,12.994300294072,80.1857106607074,203
sh16,12.9935306010651,80.1843071740902,204
sh16,12.9933141198173,80.1839151791429,205
sh16,12.9929322155899,80.1832542450204,206
sh16,12.9924237309159,80.1824427138478,207
sh16,12.9919652496068,80.1817668429503,208
sh16,12.9912855414387,80.1809100545514,209
sh16,12.9906485003957,80.1800589271476,210
sh16,12.9902298406982,80.1795315634668,211
sh16,12.9901440981355,80.1794289355179,212
sh16,12.9900553965407,80.1793243054485,213
sh16,12.9899537052371,80.1792229468983,214
sh16,12.9892933733527,80.1785818166507,215
sh16,12.9889958101496,80.1782737912566,216
sh16,12.988870956504,80.1781201915951,217
sh16,12.9887945429542,80.1780088020888,218
sh16,12.9885146143975,80.1776051483962,219
sh16,12.9875824323738,80.1763092157972,220
sh16,12.9870201661999,80.1755064699491,221
sh16,12.9863932080512,80.1746336368583,222
sh16,12.9852068649201,80.1728984160718,223
sh16,12.9842070735446,80.1711489508102,224
sh16,12.9834496434134,80.1695840116432,225
sh16,12.9821813769606,80.1671914054718,226
sh16,12.9819284718664,80.1666491349796,227
sh16,12.9809741797154,80.1641763799997,228
sh16,12.980769733417,80.1636667008123,229
sh18,12.980769733417,80.1636667008123,1
sh18,12.9809741797154,80.1641763799997,2
sh18,12.9819284718664,80.1666491349796,3
sh18,12.9821813769606,80.1671914054718,4
sh18,12.9834496434134,80.1695840116432,5
sh18,12.9842070735446,80.1711489508102,6
sh18,12.9852068649201,80.1728984160718,7
sh18,12.9863932080512,80.1746336368583,8
sh18,12.9870201661999,80.1755064699491,9
sh18,12.9875824323738,80.1763092157972,10
sh18,12.9885146143975,80.1776051483962,11
sh18,12.9887945429542,80.1780088020888,12
sh18,12.988870956504,80.1781201915951,13
sh18,12.9889958101496,80.1782737912566,14
sh18,12.9892933733527,80.1785818166507,15
sh18,12.9899537052371,80.1792229468983,16
sh18,12.9900553965407,80.1793243054485,17
sh18,12.9901440981355,80.1794289355179,18
sh18,12.9902298406982,80.1795315634668,19
sh18,12.9906485003957,80.1800589271476,20
sh18,12.9912855414387,80.1809100545514,21
sh18,12.9919652496068,80.1817668429503,22
sh18,12.9924237309159,80.1824427138478,23
sh18,12.9929322155899,80.1832542450204,24
sh18,12.9933141198173,80.1839151791429,25
sh18,12.9935306010651,80.1843071740902,26
sh18,12.994300294072,80.1857106607074,27
sh18,12.9949710503134,80.1870468857558,28
sh18,12.9951486545649,80.1874323335033,29
sh18,12.9955503563685,80.1882192089048,30
sh18,12.995697740854,80.1884922597085,31
sh18,12.99576684307,80.1886386084507,32
sh18,12.9957985049145,80.188694936839,33
sh18,12.9958216355429,80.1887282633869,34
sh18,12.9958371578831,80.1887523384838,35
sh18,12.9961493836192,80.1891743280604,36
sh18,12.9964203264028,80.1895017865321,37
sh18,12.9970735776899,80.1902974450478,38
sh18,12.9972685703664,80.1905720824733,39
sh18,12.9973215752799,80.1906511321866,40
sh18,12.9973767087108,80.1907429680932,41
sh18,12.9974034395778,80.1907911006626,42
sh18,12.9974822834768,80.1909387404098,43
sh18,12.997543964251,80.1910508149241,44
sh18,12.9976233828517,80.1911722432229,45
sh18,12.9981629989087,80.1918713309258,46
sh18,12.9990895784154,80.1930298394236,47
sh18,13.0004354970039,80.1947198034806,48
sh18,13.00094736845,80.1953843580764,49
sh18,13.0012913970575,80.1958218671766,50
sh18,13.0016819769605,80.1962996737567,51
sh18,13.0018776590204,80.1966023371942,52
sh18,13.0019394730078,80.1967179509599,53
sh18,13.0020017450413,80.1968706393989,54
sh18,13.0020352658741,80.1969667232895,55
sh18,13.0020571642157,80.1970606370065,56
sh18,13.0020729716488,80.1971677743425,57
sh18,13.0020741034896,80.1973141938392,58
sh18,13.0020639931893,80.1974807966148,59
sh18,13.0020184019742,80.1978082051399,60
sh18,13.0019602128195,80.1981700053073,61
sh18,13.001831920847,80.1988305414744,62
sh18,13.001789212278,80.1989980541798,63
sh18,13.0017649393792,80.1991149910383,64
sh18,13.0017579368799,80.1991458230297,65
sh18,13.0017505489578,80.1992339931378,66
sh18,13.0017397521106,80.1993311943639,67
sh18,13.0017484750181,80.1994853113986,68
sh18,13.0017708579881,80.1996522101164,69
sh18,13.0018160559032,80.1998452041308,70
sh18,13.0018560542085,80.199972837786,71
sh18,13.0018772478988,80.2000198777676,72
sh18,13.0019318149273,80.2001140253564,73
sh18,13.0020144781175,80.2002218703948,74
sh18,13.0021364221589,80.2003554236355,75
sh18,13.0023289965218,80.2005095275154,76
sh18,13.0025109273023,80.2006368208407,77
sh18,13.0029335644084,80.200896376574,78
sh18,13.0035492870336,80.2012828186929,79
sh18,13.0048437074905,80.2018829782223,80
sh18,13.0050308336943,80.201961512507,81
sh18,13.0052950709402,80.2021060891665,82
sh18,13.0054095908278,80.2021710679329,83
sh18,13.005554307667,80.2022572418627,84
sh18,13.0055924204758,80.2022824517429,85
sh18,13.0056303281094,80.2023165468419,86
sh18,13.0057076644447,80.2024020521372,87
sh18,13.0058042135887,80.2025218005351,88
sh18,13.0059394229526,80.202714253404,89
sh18,13.0061061982585,80.2030023268309,90
sh18,13.0061712905589,80.2031061081511,91
sh18,13.0064880478072,80.2035662796954,92
sh18,13.0065162572785,80.2036151478132,93
sh18,13.0069276301207,80.2043532099732,94
sh18,13.0069968188769,80.204490390199,95
sh18,13.0071512347273,80.2048166725463,96
sh18,13.0073322336715,80.2053044610088,97
sh18,13.0074181518524,80.2055723004866,98
sh18,13.0074284811455,80.2056024942706,99
sh18,13.0077433837959,80.2068133751318,100
sh18,13.0077493676218,80.2068428448456,101
sh18,13.0077537764611,80.2068678294433,102
sh18,13.0079592229718,80.2081534634926,103
sh18,13.0080414192805,80.2087456846813,104
sh18,13.0080478521389,80.2087907254815,105
sh18,13.0081507230195,80.209358166983,106
sh18,13.0081712077485,80.2094317309596,107
sh18,13.0083279232532,80.2098906432689,108
sh18,13.0084566906262,80.2102847923249,109
sh18,13.0086711407808,80.2109324437898,110
sh18,13.0088319182699,80.2114757386399,111
sh18,13.0089993769386,80.2122136226209,112
sh18,13.009402261137,80.2138422291931,113
sh18,13.0095537819546,80.2147522515781,114
sh18,13.009751870969,80.2153851326781,115
sh18,13.010014225097,80.2159498204905,116
sh18,13.0102017038016,80.2162438723543,117
sh18,13.0106349485723,80.2168593634707,118
sh18,13.0106773059805,80.216931943315,119
sh18,13.0110242735751,80.2176290222726,120
sh18,13.011273415477,80.218217685782,121
sh18,13.0112915182225,80.2182664127831,122
sh18,13.0113038135985,80.2183004292822,123
sh18,13.0118563206222,80.2198789968676,124
sh18,13.0120864712201,80.2205677008767,125
sh18,13.012318985701,80.2211683621242,126
sh18,13.0125319860951,80.2215211818992,127
sh18,13.0131700253864,80.2223438765403,128
sh18,13.014400245385,80.2238199773884,129
sh18,13.015265854844,80.2249270368015,130
sh18,13.0155233954639,80.2252013573669,131
sh18,13.0156227390931,80.2253018254016,132
sh18,13.0156880183334,80.2253427477367,133
sh18,13.0157652227816,80.2253843525974,134
sh18,13.0158830497688,80.2254274864628,135
sh18,13.0160619765499,80.2254790272076,136
sh18,13.01621428612,80.2255096975197,137
sh18,13.0163241524615,80.2255139079071,138
sh18,13.0164310733778,80.2255024067367,139
sh18,13.0184453796901,80.2250847720577,140
sh18,13.0188415564938,80.2249907432301,141
sh18,13.0191641947224,80.2249642580353,142
sh18,13.0193690564111,80.2249746639459,143
sh18,13.0197861833694,80.2250483013326,144
sh18,13.0199279457699,80.2250890494133,145
sh18,13.0202259684177,80.2252353138575,146
sh18,13.0207718332667,80.2255527873114,147
sh18,13.0213580424595,80.2259643995396,148
sh18,13.0214301656776,80.2260264527071,149
sh18,13.0221559414993,80.2266421142025,150
sh18,13.0227370525512,80.2272239925662,151
sh18,13.0234944036996,80.2281124836753,152
sh18,13.0236331285364,80.2283490482348,153
sh18,13.0238789623903,80.228744902362,154
sh18,13.0243455737608,80.2295737791408,155
sh18,13.0249266033198,80.2305024118581,156
sh18,13.0254791269047,80.2314259994085,157
sh18,13.0263556442027,80.2327220038208,158
sh18,13.0264678997569,80.2328784946418,159
sh18,13.026518218382,80.2329563240426,160
sh18,13.0265560035087,80.23301783675,161
sh18,13.0269960755112,80.2337993464652,162
sh18,13.0275836484298,80.2348307892765,163
sh18,13.0279498497928,80.2354214003558,164
sh18,13.0283118386643,80.235868381634,165
sh18,13.0291337633697,80.2367480145534,166
sh18,13.0296811110034,80.2374046938545,167
sh18,13.0299599835446,80.2378258971014,168
sh18,13.0305283865628,80.2388354786159,169
sh18,13.0310239733356,80.2397322983023,170
sh18,13.0311857595735,80.2400741529641,171
sh18,13.0322309953953,80.2421661431022,172
sh18,13.0324308381087,80.2425008268699,173
sh18,13.03260905776,80.242782537727,174
sh18,13.0338454879438,80.2443809413829,175
sh18,13.0342514695016,80.2449172295329,176
sh18,13.0347231469918,80.2455944836055,177
sh18,13.0348618259015,80.2457609592713,178
sh18,13.034914588,80.2458111959502,179
sh18,13.0349602272471,80.2458485194356,180
sh18,13.0350617247491,80.2459292481035,181
sh18,13.0351600287227,80.2459828319422,182
sh18,13.0352895487815,80.2460314164744,183
sh18,13.0355671684992,80.2461065058529,184
sh18,13.0363141660644,80.2462787913376,185
sh18,13.0398290456842,80.2470664511139,186
sh18,13.0449313986116,80.2480761126076,187
sh18,13.04639110942,80.2483873126184,188
sh18,13.0465751500098,80.2484191965624,189
sh18,13.0468170562909,80.2484876758232,190
sh18,13.0468927559252,80.2485076661192,191
sh18,13.047519890276,80.2487358344907,192
sh18,13.0495597755133,80.2497893843662,193
sh18,13.0497595144084,80.2498982913228,194
sh18,13.0498676439901,80.2499458712935,195
sh18,13.0500577113524,80.2500426658319,196
sh18,13.0512299972496,80.2505411433215,197
sh18,13.0512943362992,80.2505718301735,198
sh18,13.051356929818,80.2506046340234,199
sh18,13.0519369280098,80.250927950579,200
sh18,13.0522008074954,80.2511162561651,201
sh18,13.0522903888918,80.2511821669044,202
sh18,13.0523439305814,80.2512313735708,203
sh18,13.0524643403755,80.2513484895363,204
sh18,13.0531690717706,80.2521887795751,205
sh18,13.0544961305003,80.2539953589391,206
sh18,13.055811948276,80.2557902564679,207
sh18,13.0561502821233,80.256190473341,208
sh18,13.0565139211033,80.2565735035158,209
sh18,13.0572996188204,80.257306937365,210
sh18,13.0573836693618,80.2573862861237,211
sh18,13.0575601661461,80.2575489861021,212
sh18,13.0577266565143,80.2577207390957,213
sh18,13.0591908099639,80.2594960704857,214
sh18,13.0593610201973,80.259699586638,215
sh18,13.0613415189262,80.2621184056381,216
sh18,13.0631895647505,80.2643776002804,217
sh18,13.0638234932835,80.2651595854638,218
sh18,13.0651897148973,80.2668490108881,219
sh18,13.0653454999724,80.2670393874441,220
sh18,13.0654186849444,80.2671327612141,221
sh18,13.0661376924891,80.2680746951876,222
sh18,13.0661555045447,80.2680982006971,223
sh18,13.0661765815393,80.2681254965156,224
sh18,13.0661831859635,80.2681336829802,225
sh18,13.0661984256899,80.2681553986816,226
sh18,13.0662724425907,80.2682750250756,227
sh18,13.0663003615272,80.2683380190993,228
sh18,13.0663159864469,80.2683854546522,229
sh18,13.0663338378295,80.2684350925413,230
sh18,13.0663510124362,80.2685054928047,231
sh18,13.066359730357,80.2685607727726,232
sh18,13.0663623991353,80.2686072143308,233
sh18,13.0663719040823,80.2686683528745,234
sh18,13.0664216377456,80.2690469963497,235
sh18,13.0665468674123,80.2695583202571,236
sh18,13.0666477144475,80.2697364205422,237
sh18,13.0668154174706,80.2699568212078,238
sh18,13.0671414212996,80.2703161217195,239
sh18,13.0673469181431,80.270540823682,240
sh18,13.0678628458526,80.2710989975532,241
sh18,13.0682815489825,80.2715646448854,242
sh18,13.0688082455791,80.2721359024395,243
sh18,13.0694704634513,80.2728011593469,244
sh18,13.0698664130346,80.2731516498423,245
sh18,13.0702466635846,80.2734604342429,246
sh18,13.070495597715,80.2736274513877,247
sh18,13.0707683798647,80.2737514278729,248
sh18,13.0709810040326,80.2738165037184,249
sh18,13.0711524220111,80.2738392485763,250
sh18,13.0713152012794,80.2738468112005,251
sh18,13.0715909953131,80.2738429209548,252
sh18,13.0718728393845,80.2738027531384,253
sh18,13.0720687279601,80.2737444712316,254
sh18,13.0726921363202,80.273491262168,255
sh18,13.073273683604,80.2731163828819,256
sh18,13.0735047466779,80.2729076891204,257
sh18,13.0744141756429,80.2720123342093,258
sh18,13.0758258032468,80.2705020198372,259
sh18,13.0762032817968,80.2700341763807,260
sh18,13.0771179134805,80.2689979786281,261
sh18,13.0774821857457,80.2687572214993,262
sh18,13.0778615134839,80.2686419067538,263
sh18,13.0782574376899,80.2686427528598,264
sh18,13.078624637462,80.2687338560008,265
sh18,13.0791471072142,80.2689881878743,266
sh18,13.0797108217444,80.2693838066646,267
sh18,13.0799132170127,80.2695686139792,268
sh18,13.0799542393345,80.269608007353,269
sh18,13.080060433061,80.2697210802201,270
sh18,13.0802965222866,80.2699727115781,271
sh18,13.0804576009776,80.2701588514949,272
sh18,13.0805907394778,80.2703169944424,273
sh18,13.0807500806694,80.2705238521204,274
sh18,13.0808661567929,80.2706863668397,275
sh18,13.0809634283215,80.2708439943152,276
sh18,13.0809946334286,80.2708987836122,277
sh18,13.0810227923648,80.2709600731542,278
sh18,13.0810458372926,80.2710138439269,279
sh18,13.081105947525,80.2712584398901,280
sh18,13.0812224101263,80.2717627968695,281
sh18,13.0813370837992,80.272359491205,282
sh18,13.0814107142313,80.2727672974881,283
sh18,13.0816512937743,80.2739651941103,284
sh18,13.0818064152192,80.27478744863,285
sh18,13.0818187499441,80.2748545454165,286
sh18,13.0818263006952,80.2749155075716,287
sh18,13.0819395728155,80.2757236088584,288
sh18,13.0820649061413,80.2767929358129,289
sh18,13.0821899464125,80.2783079044893,290
sh18,13.0822177010676,80.2796563827178,291
sh18,13.0822653915182,80.280748491019,292
sh18,13.0823646180212,80.2815494465724,293
sh18,13.0825833874735,80.2824381519977,294
sh18,13.0827069685998,80.2826928831228,295
sh18,13.0829287278698,80.2829943980771,296
sh18,13.0833389269002,80.2833926934585,297
sh18,13.0837595445602,80.283761485427,298
sh18,13.0840518905017,80.2839753835422,299
sh18,13.084426290618,80.2841685661229,300
sh18,13.084793441934,80.2843310691563,301
sh18,13.0860116737914,80.284738849557,302
sh18,13.0878609554477,80.2852183606196,303
sh18,13.0883773173252,80.2853525717639,304
sh18,13.0887258311499,80.2854174829614,305
sh18,13.089965998198,80.2855402204285,306
sh18,13.0929173666699,80.2857674816544,307
sh18,13.0941445859987,80.2859230323667,308
sh18,13.095826430242,80.2861710898973,309
sh18,13.0962849908603,80.2862234375494,310
sh18,13.0970392298039,80.2862653417177,311
sh18,13.0974006322351,80.2862329702128,312
sh18,13.0978319755705,80.2861743067081,313
sh18,13.0982347533429,80.2859938342274,314
sh18,13.098552384082,80.2857376978693,315
sh18,13.0988551910701,80.2853657927925,316
sh18,13.0992792140988,80.2848737365071,317
sh18,13.099751009456,80.284321055961,318
sh18,13.1004824733972,80.2834433646864,319
sh18,13.1015738359148,80.2822002565247,320
sh18,13.1027881459025,80.2807994874813,321
sh18,13.1032097929912,80.2804992675903,322
sh18,13.1036387847315,80.2802579332043,323
sh18,13.1041543848732,80.2801364566056,324
sh18,13.1046286542614,80.2800907985169,325
sh18,13.1049382582047,80.280106351402,326
sh18,13.1053504878313,80.2801907127932,327
sh18,13.1056043199152,80.2802678024078,328
sh18,13.1086577606799,80.2812068978694,329
sh18,13.1078641476997,80.2811140712315,330
sh18,13.1083431333713,80.2812567587402,331
sh18,13.1102828581174,80.2818534654115,332
sh18,13.1111875666097,80.2821400768935,333
sh18,13.1116630272418,80.2823616874563,334
sh18,13.1120183384297,80.2825526955661,335
sh18,13.1123866496675,80.2828222484313,336
sh18,13.1132424585566,80.2835495189044,337
sh18,13.1137087411449,80.2839506410288,338
sh18,13.1140742018341,80.2841964899826,339
sh18,13.1145294553372,80.2844203338209,340
sh18,13.1170112306674,80.2853501301771,341
sh18,13.1177802804067,80.28559954185,342
sh18,13.1181950948028,80.2858180636658,343
sh18,13.1195995361352,80.2868723764104,344
sh18,13.1200010594395,80.2871410871769,345
sh18,13.1204546681167,80.2873744361993,346
sh18,13.1209205581877,80.2875552197369,347
sh18,13.1216174744495,80.2877477003056,348
sh18,13.1225517554026,80.2879827175668,349
sh18,13.1230052237254,80.2881382147738,350
sh18,13.1242914552445,80.2887483044229,351
sh18,13.1269654892131,80.2899262684919,352
sh18,13.128577453941,80.290657934467,353
sh18,13.1289413120105,80.2908049041052,354
sh18,13.1288823327483,80.2907838021057,355
sh18,13.1292241403831,80.2909165178345,356
sh18,13.1298856294824,80.2912085630647,357
sh18,13.1304961091672,80.2914203291403,358
sh18,13.1311460866832,80.2916484554717,359
sh18,13.1331925676152,80.2923762740949,360
sh18,13.1348060279059,80.2929511356445,361
sh18,13.1391155620088,80.2946176425465,362
sh18,13.1412168748617,80.295398037347,363
sh18,13.1428710957123,80.2960778593492,364
sh18,13.1434064972458,80.2962723934366,365
sh18,13.1455923972821,80.2972031115202,366
sh18,13.1472728035125,80.2979053132395,367
sh18,13.149456672488,80.2987752498741,368
sh18,13.1509571827191,80.2993669726999,369
sh18,13.1526172113376,80.3000781528755,370
sh18,13.1528640881575,80.3001714919802,371
sh18,13.1531023384739,80.3002473158972,372
sh18,13.1534311521931,80.3003145710708,373
sh18,13.15390799973,80.3004074427205,374
sh18,13.1541223587639,80.3004493877493,375
sh18,13.154319803728,80.3004831813084,376
sh18,13.1547311482515,80.3006183575965,377
sh18,13.1557645771483,80.3010046209145,378
sh18,13.1561180287461,80.3011319361807,379
sh18,13.1563236672045,80.3011823530264,380
sh18,13.1569745413863,80.3013496673528,381
sh18,13.1574065016588,80.3014690676844,382
sh18,13.1577692677127,80.3015799750287,383
sh18,13.158097274338,80.3016885316698,384
sh18,13.1585005372774,80.3018580391328,385
sh18,13.1590925381266,80.3020516824076,386
sh18,13.1600208492065,80.3023229211367,387
sh18,13.1606536914326,80.3024747236558,388
sh18,13.1615583087157,80.3027470996201,389
sh18,13.162076264573,80.3029835110782,390
sh18,13.1627093206053,80.303219922939,391
sh18,13.1630299783511,80.3032874583564,392
sh18,13.1636281502957,80.3033511768616,393
sh18,13.1646889394874,80.3033758012247,394
sh18,13.1649604261297,80.3034264930598,395
sh18,13.1653799969991,80.3035109801839,396
sh18,13.167902851918,80.3041670777397,397
sh18,13.1696313960115,80.3046319284696,398
sh18,13.1702751225395,80.3047916961554,399
sh18,13.1708432460967,80.3049102995365,400
sh18,13.1724652794219,80.3053496297148,401
sh18,13.1735054605647,80.3056513752433,402
sh18,13.1755558616117,80.3062139469975,403
sh18,13.1786480898095,80.3070593072615,404
sh18,13.180920935158,80.3077284194552,405
sh18,13.1814457941939,80.307954860387,406
sh18,13.1826785112105,80.3085629837794,407
sh18,13.1843482193397,80.3091241634253,408
sh19,13.1843482193397,80.3091241634253,1
sh19,13.1826785112105,80.3085629837794,2
sh19,13.1814457941939,80.307954860387,3
sh19,13.180920935158,80.3077284194552,4
sh19,13.1786480898095,80.3070593072615,5
sh19,13.1755558616117,80.3062139469975,6
sh19,13.1735054605647,80.3056513752433,7
sh19,13.1724652794219,80.3053496297148,8
sh19,13.1708432460967,80.3049102995365,9
sh19,13.1702751225395,80.3047916961554,10
sh19,13.1696313960115,80.3046319284696,11
sh19,13.167902851918,80.3041670777397,12
sh19,13.1653799969991,80.3035109801839,13
sh19,13.1649604261297,80.3034264930598,14
sh19,13.1646889394874,80.3033758012247,15
sh19,13.1636281502957,80.3033511768616,16
sh19,13.1630299783511,80.3032874583564,17
sh19,13.1627093206053,80.303219922939,18
sh19,13.162076264573,80.3029835110782,19
sh19,13.1615583087157,80.3027470996201,20
sh19,13.1606536914326,80.3024747236558,21
sh19,13.1600208492065,80.3023229211367,22
sh19,13.1590925381266,80.3020516824076,23
sh19,13.1585005372774,80.3018580391328,24
sh19,13.158097274338,80.3016885316698,25
sh19,13.1577692677127,80.3015799750287,26
sh19,13.1574065016588,80.3014690676844,27
sh19,13.1569745413863,80.3013496673528,28
sh19,13.1563236672045,80.3011823530264,29
sh19,13.1561180287461,80.3011319361807,30
sh19,13.1557645771483,80.3010046209145,31
sh19,13.1547311482515,80.3006183575965,32
sh19,13.154319803728,80.3004831813084,33
sh19,13.1541223587639,80.3004493877493,34
sh19,13.15390799973,80.3004074427205,35
sh19,13.1534311521931,80.3003145710708,36
sh19,13.1531023384739,80.3002473158972,37
sh19,13.1528640881575,80.3001714919802,38
sh19,13.1526172113376,80.3000781528755,39
sh19,13.1509571827191,80.2993669726999,40
sh19,13.149456672488,80.2987752498741,41
sh19,13.1472728035125,80.2979053132395,42
sh19,13.1455923972821,80.2972031115202,43
sh19,13.1434064972458,80.2962723934366,44
sh19,13.1428710957123,80.2960778593492,45
sh19,13.1412168748617,80.295398037347,46
sh19,13.1391155620088,80.2946176425465,47
sh19,13.1348060279059,80.2929511356445,48
sh19,13.1331925676152,80.2923762740949,49
sh19,13.1311460866832,80.2916484554717,50
sh19,13.1304961091672,80.2914203291403,51
sh19,13.1298856294824,80.2912085630647,52
sh19,13.1292241403831,80.2909165178345,53
sh19,13.1288823327483,80.2907838021057,54
sh19,13.1289413120105,80.2908049041052,55
sh19,13.128577453941,80.290657934467,56
sh19,13.1269654892131,80.2899262684919,57
sh19,13.1242914552445,80.2887483044229,58
sh19,13.1230052237254,80.2881382147738,59
sh19,13.1225517554026,80.2879827175668,60
sh19,13.1216174744495,80.2877477003056,61
sh19,13.1209205581877,80.2875552197369,62
sh19,13.1204546681167,80.2873744361993,63
sh19,13.1200010594395,80.2871410871769,64
sh19,13.1195995361352,80.2868723764104,65
sh19,13.1181950948028,80.2858180636658,66
sh19,13.1177802804067,80.28559954185,67
sh19,13.1170112306674,80.2853501301771,68
sh19,13.1145294553372,80.2844203338209,69
sh19,13.1140742018341,80.2841964899826,70
sh19,13.1137087411449,80.2839506410288,71
sh19,13.1132424585566,80.2835495189044,72
sh19,13.1123866496675,80.2828222484313,73
sh19,13.1120183384297,80.2825526955661,74
sh19,13.1116630272418,80.2823616874563,75
sh19,13.1111875666097,80.2821400768935,76
sh19,13.1102828581174,80.2818534654115,77
sh19,13.1083431333713,80.2812567587402,78
sh19,13.1078641476997,80.2811140712315,79
sh19,13.1086577606799,80.2812068978694,80
sh19,13.1056043199152,80.2802678024078,81
sh19,13.1053504878313,80.2801907127932,82
sh19,13.1049382582047,80.280106351402,83
sh19,13.1046286542614,80.2800907985169,84
sh19,13.1041543848732,80.2801364566056,85
sh19,13.1036387847315,80.2802579332043,86
sh19,13.1032097929912,80.2804992675903,87
sh19,13.1027881459025,80.2807994874813,88
sh19,13.1015738359148,80.2822002565247,89
sh19,13.1004824733972,80.2834433646864,90
sh19,13.099751009456,80.284321055961,91
sh19,13.0992792140988,80.2848737365071,92
sh19,13.0988551910701,80.2853657927925,93
sh19,13.098552384082,80.2857376978693,94
sh19,13.0982347533429,80.2859938342274,95
sh19,13.0978319755705,80.2861743067081,96
sh19,13.0974006322351,80.2862329702128,97
sh19,13.0970392298039,80.2862653417177,98
sh19,13.0962849908603,80.2862234375494,99
sh19,13.095826430242,80.2861710898973,100
sh19,13.0941445859987,80.2859230323667,101
sh19,13.0929173666699,80.2857674816544,102
sh19,13.089965998198,80.2855402204285,103
sh19,13.0887258311499,80.2854174829614,104
sh19,13.0883773173252,80.2853525717639,105
sh19,13.0878609554477,80.2852183606196,106
sh19,13.0860116737914,80.284738849557,107
sh19,13.084793441934,80.2843310691563,108
sh19,13.084426290618,80.2841685661229,109
sh19,13.0840518905017,80.2839753835422,110
sh19,13.0837595445602,80.283761485427,111
sh19,13.0833389269002,80.2833926934585,112
sh19,13.0829287278698,80.2829943980771,113
sh19,13.0827069685998,80.2826928831228,114
sh19,13.0825833874735,80.2824381519977,115
sh19,13.0823646180212,80.2815494465724,116
sh19,13.0822653915182,80.280748491019,117
sh19,13.0822177010676,80.2796563827178,118
sh19,13.0821899464125,80.2783079044893,119
sh19,13.0820649061413,80.2767929358129,120
sh19,13.0819395728155,80.2757236088584,121
sh19,13.0818263006952,80.2749155075716,122
sh19,13.0818187499441,80.2748545454165,123
sh19,13.0818064152192,80.27478744863,124
sh19,13.0816512937743,80.2739651941103,125
sh19,13.0814107142313,80.2727672974881,126
sh19,13.0813370837992,80.272359491205,127
sh19,13.0812224101263,80.2717627968695,128
sh19,13.081105947525,80.2712584398901,129
sh19,13.0810458372926,80.2710138439269,130
sh19,13.0810227923648,80.2709600731542,131
sh19,13.0809946334286,80.2708987836122,132
sh19,13.0809634283215,80.2708439943152,133
sh19,13.0808661567929,80.2706863668397,134
sh19,13.0807500806694,80.2705238521204,135
sh19,13.0805907394778,80.2703169944424,136
sh19,13.0804576009776,80.2701588514949,137
sh19,13.0802965222866,80.2699727115781,138
sh19,13.080060433061,80.2697210802201,139
sh19,13.0799542393345,80.269608007353,140
sh19,13.0799132170127,80.2695686139792,141
sh19,13.0797108217444,80.2693838066646,142
sh19,13.0791471072142,80.2689881878743,143
sh19,13.078624637462,80.2687338560008,144
sh19,13.0782574376899,80.2686427528598,145
sh19,13.0778615134839,80.2686419067538,146
sh19,13.0774821857457,80.2687572214993,147
sh19,13.0771179134805,80.2689979786281,148
sh19,13.0762032817968,80.2700341763807,149
sh19,13.0758258032468,80.2705020198372,150
sh19,13.0744141756429,80.2720123342093,151
sh19,13.0735047466779,80.2729076891204,152
sh19,13.073273683604,80.2731163828819,153
sh19,13.0726921363202,80.273491262168,154
sh19,13.0720687279601,80.2737444712316,155
sh19,13.0718728393845,80.2738027531384,156
sh19,13.0715909953131,80.2738429209548,157
sh19,13.0713152012794,80.2738468112005,158
sh19,13.0711524220111,80.2738392485763,159
sh19,13.0709810040326,80.2738165037184,160
sh19,13.0707683798647,80.2737514278729,161
sh19,13.070495597715,80.2736274513877,162
sh19,13.0702466635846,80.2734604342429,163
sh19,13.0698664130346,80.2731516498423,164
sh19,13.0694704634513,80.2728011593469,165
sh19,13.0688082455791,80.2721359024395,166
sh19,13.0682815489825,80.2715646448854,167
sh19,13.0678628458526,80.2710989975532,168
sh19,13.0673469181431,80.270540823682,169
sh19,13.0671414212996,80.2703161217195,170
sh19,13.0668154174706,80.2699568212078,171
sh19,13.0666477144475,80.2697364205422,172
sh19,13.0665468674123,80.2695583202571,173
sh19,13.0664216377456,80.2690469963497,174
sh19,13.0663719040823,80.2686683528745,175
sh19,13.0663623991353,80.2686072143308,176
sh19,13.066359730357,80.2685607727726,177
sh19,13.0663510124362,80.2685054928047,178
sh19,13.0663338378295,80.2684350925413,179
sh19,13.0663159864469,80.2683854546522,180
sh19,13.0663003615272,80.2683380190993,181
sh19,13.0662724425907,80.2682750250756,182
sh19,13.0661984256899,80.2681553986816,183
sh19,13.0661831859635,80.2681336829802,184
sh19,13.0661765815393,80.2681254965156,185
sh19,13.0661555045447,80.2680982006971,186
sh19,13.0661376924891,80.2680746951876,187
sh19,13.0654186849444,80.2671327612141,188
sh19,13.0653454999724,80.2670393874441,189
sh19,13.0651897148973,80.2668490108881,190
sh19,13.0638234932835,80.2651595854638,191
sh19,13.0631895647505,80.2643776002804,192
sh19,13.0613415189262,80.2621184056381,193
sh19,13.0593610201973,80.259699586638,194
sh19,13.0591908099639,80.2594960704857,195
sh19,13.0577266565143,80.2577207390957,196
sh19,13.0575601661461,80.2575489861021,197
sh19,13.0573836693618,80.2573862861237,198
sh19,13.0572996188204,80.257306937365,199
sh19,13.0565139211033,80.2565735035158,200
sh19,13.0561502821233,80.256190473341,201
sh19,13.055811948276,80.2557902564679,202
sh19,13.0544961305003,80.2539953589391,203
sh19,13.0531690717706,80.2521887795751,204
sh19,13.0524643403755,80.2513484895363,205
sh19,13.0523439305814,80.2512313735708,206
sh19,13.0522903888918,80.2511821669044,207
sh19,13.0522008074954,80.2511162561651,208
sh19,13.0519369280098,80.250927950579,209
sh19,13.051356929818,80.2506046340234,210
sh19,13.0512943362992,80.2505718301735,211
sh19,13.0512299972496,80.2505411433215,212
sh19,13.0500577113524,80.2500426658319,213
sh19,13.0498676439901,80.2499458712935,214
sh19,13.0497595144084,80.2498982913228,215
sh19,13.0495597755133,80.2497893843662,216
sh19,13.047519890276,80.2487358344907,217
sh19,13.0468927559252,80.2485076661192,218
sh19,13.0468170562909,80.2484876758232,219
sh19,13.0465751500098,80.2484191965624,220
sh19,13.04639110942,80.2483873126184,221
sh19,13.0449313986116,80.2480761126076,222
sh19,13.0398290456842,80.2470664511139,223
sh19,13.0363141660644,80.2462787913376,224
sh19,13.0355671684992,80.2461065058529,225
sh19,13.0352895487815,80.2460314164744,226
sh19,13.0351600287227,80.2459828319422,227
sh19,13.0350617247491,80.2459292481035,228
sh19,13.0349602272471,80.2458485194356,229
sh19,13.034914588,80.2458111959502,230
sh19,13.0348618259015,80.2457609592713,231
sh19,13.0347231469918,80.2455944836055,232
sh19,13.0342514695016,80.2449172295329,233
sh19,13.0338454879438,80.2443809413829,234
sh19,13.03260905776,80.242782537727,235
sh19,13.0324308381087,80.2425008268699,236
sh19,13.0322309953953,80.2421661431022,237
sh19,13.0311857595735,80.2400741529641,238
sh19,13.0310239733356,80.2397322983023,239
sh19,13.0305283865628,80.2388354786159,240
sh19,13.0299599835446,80.2378258971014,241
sh19,13.0296811110034,80.2374046938545,242
sh19,13.0291337633697,80.2367480145534,243
sh19,13.0283118386643,80.235868381634,244
sh19,13.0279498497928,80.2354214003558,245
sh19,13.0275836484298,80.2348307892765,246
sh19,13.0269960755112,80.2337993464652,247
sh19,13.0265560035087,80.23301783675,248
sh19,13.026518218382,80.2329563240426,249
sh19,13.0264678997569,80.2328784946418,250
sh19,13.0263556442027,80.2327220038208,251
sh19,13.0254791269047,80.2314259994085,252
sh19,13.0249266033198,80.2305024118581,253
sh19,13.0243455737608,80.2295737791408,254
sh19,13.0238789623903,80.228744902362,255
sh19,13.0236331285364,80.2283490482348,256
sh19,13.0234944036996,80.2281124836753,257
sh19,13.0227370525512,80.2272239925662,258
sh19,13.0221559414993,80.2266421142025,259
sh19,13.0214301656776,80.2260264527071,260
sh19,13.0213580424595,80.2259643995396,261
sh19,13.0207718332667,80.2255527873114,262
sh19,13.0202259684177,80.2252353138575,263
sh19,13.0199279457699,80.2250890494133,264
sh19,13.0197861833694,80.2250483013326,265
sh19,13.0193690564111,80.2249746639459,266
sh19,13.0191641947224,80.2249642580353,267
sh19,13.0188415564938,80.2249907432301,268
sh19,13.0184453796901,80.2250847720577,269
sh19,13.0164310733778,80.2255024067367,270
sh19,13.0163241524615,80.2255139079071,271
sh19,13.01621428612,80.2255096975197,272
sh19,13.0160619765499,80.2254790272076,273
sh19,13.0158830497688,80.2254274864628,274
sh19,13.0157652227816,80.2253843525974,275
sh19,13.0156880183334,80.2253427477367,276
sh19,13.0156227390931,80.2253018254016,277
sh19,13.0155233954639,80.2252013573669,278
sh19,13.015265854844,80.2249270368015,279
sh19,13.014400245385,80.2238199773884,280
sh19,13.0131700253864,80.2223438765403,281
sh19,13.0125319860951,80.2215211818992,282
sh19,13.012318985701,80.2211683621242,283
sh19,13.0120864712201,80.2205677008767,284
sh19,13.0118563206222,80.2198789968676,285
sh19,13.0113038135985,80.2183004292822,286
sh19,13.0112915182225,80.2182664127831,287
sh19,13.011273415477,80.218217685782,288
sh19,13.0110242735751,80.2176290222726,289
sh19,13.0106773059805,80.216931943315,290
sh19,13.0106349485723,80.2168593634707,291
sh19,13.0102017038016,80.2162438723543,292
sh19,13.010014225097,80.2159498204905,293
sh19,13.009751870969,80.2153851326781,294
sh19,13.0095537819546,80.2147522515781,295
sh19,13.009402261137,80.2138422291931,296
sh19,13.0089993769386,80.2122136226209,297
sh19,13.0088319182699,80.2114757386399,298
sh19,13.0086711407808,80.2109324437898,299
sh19,13.0084566906262,80.2102847923249,300
sh19,13.0083279232532,80.2098906432689,301
sh19,13.0081712077485,80.2094317309596,302
sh19,13.0081507230195,80.209358166983,303
sh19,13.0080478521389,80.2087907254815,304
sh19,13.0080414192805,80.2087456846813,305
sh19,13.0079592229718,80.2081534634926,306
sh19,13.0077537764611,80.2068678294433,307
sh19,13.0077493676218,80.2068428448456,308
sh19,13.0077433837959,80.2068133751318,309
sh19,13.0074284811455,80.2056024942706,310
sh19,13.0074181518524,80.2055723004866,311
sh19,13.0073322336715,80.2053044610088,312
sh19,13.0071512347273,80.2048166725463,313
sh19,13.0069968188769,80.204490390199,314
sh19,13.0069276301207,80.2043532099732,315
sh19,13.0065162572785,80.2036151478132,316
sh19,13.0064880478072,80.2035662796954,317
sh19,13.0061712905589,80.2031061081511,318
sh19,13.0061061982585,80.2030023268309,319
sh19,13.0059394229526,80.202714253404,320
sh19,13.0058042135887,80.2025218005351,321
sh19,13.0057076644447,80.2024020521372,322
sh19,13.0056303281094,80.2023165468419,323
sh19,13.0055924204758,80.2022824517429,324
sh19,13.005554307667,80.2022572418627,325
sh19,13.0054095908278,80.2021710679329,326
sh19,13.0052950709402,80.2021060891665,327
sh19,13.0050308336943,80.201961512507,328
sh19,13.0048437074905,80.2018829782223,329
sh19,13.0035492870336,80.2012828186929,330
sh19,13.0029335644084,80.200896376574,331
sh19,13.0025109273023,80.2006368208407,332
sh19,13.0023289965218,80.2005095275154,333
sh19,13.0021364221589,80.2003554236355,334
sh19,13.0020144781175,80.2002218703948,335
sh19,13.0019318149273,80.2001140253564,336
sh19,13.0018772478988,80.2000198777676,337
sh19,13.0018560542085,80.199972837786,338
sh19,13.0018160559032,80.1998452041308,339
sh19,13.0017708579881,80.1996522101164,340
sh19,13.0017484750181,80.1994853113986,341
sh19,13.0017397521106,80.1993311943639,342
sh19,13.0017505489578,80.1992339931378,343
sh19,13.0017579368799,80.1991458230297,344
sh19,13.0017649393792,80.1991149910383,345
sh19,13.001789212278,80.1989980541798,346
sh19,13.001831920847,80.1988305414744,347
sh19,13.0019602128195,80.1981700053073,348
sh19,13.0020184019742,80.1978082051399,349
sh19,13.0020639931893,80.1974807966148,350
sh19,13.0020741034896,80.1973141938392,351
sh19,13.0020729716488,80.1971677743425,352
sh19,13.0020571642157,80.1970606370065,353
sh19,13.0020352658741,80.1969667232895,354
sh19,13.0020017450413,80.1968706393989,355
sh19,13.0019394730078,80.1967179509599,356
sh19,13.0018776590204,80.1966023371942,357
sh19,13.0016819769605,80.1962996737567,358
sh19,13.0012913970575,80.1958218671766,359
sh19,13.00094736845,80.1953843580764,360
sh19,13.0004354970039,80.1947198034806,361
sh19,12.9990895784154,80.1930298394236,362
sh19,12.9981629989087,80.1918713309258,363
sh19,12.9976233828517,80.1911722432229,364
sh19,12.997543964251,80.1910508149241,365
sh19,12.9974822834768,80.1909387404098,366
sh19,12.9974034395778,80.1907911006626,367
sh19,12.9973767087108,80.1907429680932,368
sh19,12.9973215752799,80.1906511321866,369
sh19,12.9972685703664,80.1905720824733,370
sh19,12.9970735776899,80.1902974450478,371
sh19,12.9964203264028,80.1895017865321,372
sh19,12.9961493836192,80.1891743280604,373
sh19,12.9958371578831,80.1887523384838,374
sh19,12.9958216355429,80.1887282633869,375
sh19,12.9957985049145,80.188694936839,376
sh19,12.99576684307,80.1886386084507,377
sh19,12.995697740854,80.1884922597085,378
sh19,12.9955503563685,80.1882192089048,379
sh19,12.9951486545649,80.1874323335033,380
sh19,12.9949710503134,80.1870468857558,381
sh19,12.994300294072,80.1857106607074,382
sh19,12.9935306010651,80.1843071740902,383
sh19,12.9933141198173,80.1839151791429,384
sh19,12.9929322155899,80.1832542450204,385
sh19,12.9924237309159,80.1824427138478,386
sh19,12.9919652496068,80.1817668429503,387
sh19,12.9912855414387,80.1809100545514,388
sh19,12.9906485003957,80.1800589271476,389
sh19,12.9902298406982,80.1795315634668,390
sh19,12.9901440981355,80.1794289355179,391
sh19,12.9900553965407,80.1793243054485,392
sh19,12.9899537052371,80.1792229468983,393
sh19,12.9892933733527,80.1785818166507,394
sh19,12.9889958101496,80.1782737912566,395
sh19,12.988870956504,80.1781201915951,396
sh19,12.9887945429542,80.1780088020888,397
sh19,12.9885146143975,80.1776051483962,398
sh19,12.9875824323738,80.1763092157972,399
sh19,12.9870201661999,80.1755064699491,400
sh19,12.9863932080512,80.1746336368583,401
sh19,12.9852068649201,80.1728984160718,402
sh19,12.9842070735446,80.1711489508102,403
sh19,12.9834496434134,80.1695840116432,404
sh19,12.9821813769606,80.1671914054718,405
sh19,12.9819284718664,80.1666491349796,406
sh19,12.9809741797154,80.1641763799997,407
sh19,12.980769733417,80.1636667008123,408
sh20,12.9946171052745,80.1969508349426,1
sh20,12.9949166959015,80.1979413774769,2
sh20,12.995061718016,80.1984055409215,3
sh20,12.9951808211333,80.1988922631936,4
sh20,12.9953248791002,80.1993375307196,5
sh20,12.9955188022029,80.1998553582424,6
sh20,12.9956953707728,80.2001780861758,7
sh20,12.9958818110895,80.2003880283331,8
sh20,12.9961280940965,80.200485487997,9
sh20,12.9964542643968,80.2005309586025,10
sh20,12.9967913776784,80.2005662028275,11
sh20,12.997159112691,80.2006054156039,12
sh20,12.9974691014187,80.2006154777887,13
sh20,12.9990663061109,80.2005000858396,14
sh20,13.0042359703321,80.2016020715567,15
sh20,13.0049269846916,80.2019134117249,16
sh20,13.0052524421579,80.2020546124733,17
sh20,13.0057526985224,80.2022979961705,18
sh20,13.0060083657784,80.2024080386949,19
sh20,13.0066637304847,80.2026893813385,20
sh20,13.0070857804165,80.2028530744782,21
sh20,13.0073801059722,80.202936477912,22
sh20,13.0081767754156,80.2031101962637,23
sh20,13.0082903838936,80.2031254566419,24
sh20,13.0083416215789,80.2031302845939,25
sh20,13.0090875268475,80.2031431488069,26
sh20,13.010298772069,80.2031594562205,27
sh20,13.0104418563447,80.2031794111823,28
sh20,13.010891393408,80.2032691856045,29
sh20,13.011169201943,80.2033433083197,30
sh20,13.011284777338,80.2033800130921,31
sh20,13.0113442867415,80.2033995967688,32
sh20,13.0121504302808,80.2037063486373,33
sh20,13.0150442785076,80.2047397350459,34
sh20,13.0152025592562,80.2047941731016,35
sh20,13.0153592441947,80.2048524036093,36
sh20,13.0157952603061,80.2050097725323,37
sh20,13.0176660386678,80.2056822063594,38
sh20,13.0182501348945,80.2058961482433,39
sh20,13.019013734493,80.2061473051878,40
sh20,13.0194451139166,80.2062854803071,41
sh20,13.0195680547043,80.2063204047671,42
sh20,13.019637737739,80.2063362785244,43
sh20,13.0197912649482,80.2063638793905,44
sh20,13.0198427107642,80.206366878532,45
sh20,13.0203978435872,80.2063440735763,46
sh20,13.0211175017074,80.2063650215906,47
sh20,13.021963697965,80.2064064326146,48
sh20,13.0227300213892,80.2064880120891,49
sh20,13.0239607109862,80.2067169593643,50
sh20,13.0247650015715,80.2069028116473,51
sh20,13.0248764174823,80.2069210031986,52
sh20,13.0249256794422,80.2069262118411,53
sh20,13.024977042386,80.2069287258144,54
sh20,13.0256813441247,80.206958581953,55
sh20,13.0258405242953,80.2069858750605,56
sh20,13.0259757713492,80.2070212848655,57
sh20,13.0261392535204,80.207070422347,58
sh20,13.0262753112161,80.2071220452406,59
sh20,13.0263586712331,80.2071618768012,60
sh20,13.0271393031085,80.2076237841342,61
sh20,13.0272573297845,80.2076998377016,62
sh20,13.027306104274,80.2077346047163,63
sh20,13.027451227128,80.2078582344652,64
sh20,13.027675687106,80.2080788587964,65
sh20,13.0279042942695,80.2082859090338,66
sh20,13.0279540731504,80.2083231678976,67
sh20,13.0280390285205,80.2083990545418,68
sh20,13.028109183544,80.2084522988181,69
sh20,13.028168056977,80.2084943962102,70
sh20,13.0282751085674,80.2085554824195,71
sh20,13.0284767572791,80.2086231211513,72
sh20,13.0286697150319,80.2086722828124,73
sh20,13.0288160212926,80.2086983379308,74
sh20,13.0289389328252,80.2087252800055,75
sh20,13.0290332329117,80.2087446370763,76
sh20,13.0290728326529,80.2087539324041,77
sh20,13.0297846252484,80.208934230183,78
sh20,13.0313102561864,80.2093878565962,79
sh20,13.0318878669958,80.2095419314268,80
sh20,13.032170170931,80.2096029996085,81
sh20,13.0323939957486,80.2096457438526,82
sh20,13.032745359557,80.2096882699701,83
sh20,13.0334371541541,80.2097738449664,84
sh20,13.0338793507888,80.2097940580277,85
sh20,13.0343622533346,80.2097944638083,86
sh20,13.0345622605276,80.2098245158842,87
sh20,13.0346055232923,80.2098394327401,88
sh20,13.0346416645682,80.2098492324908,89
sh20,13.0347763183639,80.2099145224557,90
sh20,13.0349246174885,80.2100219628906,91
sh20,13.0349547969532,80.2100520035864,92
sh20,13.035017641451,80.2101176560612,93
sh20,13.0350939379401,80.2102331577783,94
sh20,13.0351323392134,80.2102980106852,95
sh20,13.0358718735438,80.2117385160551,96
sh20,13.0359913625487,80.2119462836294,97
sh20,13.0360841075612,80.2120823347058,98
sh20,13.0361110980793,80.2121197999471,99
sh20,13.0361455238961,80.2121585580042,100
sh20,13.0361809305486,80.2121890122953,101
sh20,13.0362336243996,80.2122307998939,102
sh20,13.036316336619,80.2122800605455,103
sh20,13.0364096110918,80.212306325293,104
sh20,13.0366027846406,80.212333169575,105
sh20,13.0367574382585,80.2123393546909,106
sh20,13.0368932239615,80.2123508371154,107
sh20,13.037619285196,80.2123359362651,108
sh20,13.039557825142,80.2123225563835,109
sh20,13.0404167474986,80.2123373876465,110
sh20,13.0411109884174,80.2123366246977,111
sh20,13.0417169792988,80.2123321442251,112
sh20,13.0426176494561,80.2123428348577,113
sh20,13.0428852981478,80.2123535266791,114
sh20,13.0431700669655,80.2123498327074,115
sh20,13.0433419811103,80.2123445258615,116
sh20,13.0434946854988,80.2123349519734,117
sh20,13.045075169228,80.212314833784,118
sh20,13.0460936587611,80.2123063590275,119
sh20,13.0474664810052,80.212233307487,120
sh20,13.0485445112485,80.2121319896336,121
sh20,13.0494251401997,80.212062494105,122
sh20,13.0496561488292,80.2120514600243,123
sh20,13.0498780139975,80.2120587779419,124
sh20,13.0514414834966,80.2121228823017,125
sh20,13.0518681754558,80.2121310546429,126
sh20,13.0520738692228,80.212124890266,127
sh20,13.052201138339,80.2121074379856,128
sh20,13.0522601288723,80.212094075295,129
sh20,13.0536687316997,80.2117133622272,130
sh20,13.0542839204542,80.211546673919,131
sh20,13.0544879062096,80.2115050935635,132
sh20,13.05465809148,80.2114870693625,133
sh20,13.0547200964212,80.2114856167695,134
sh20,13.0583208747981,80.2115712921979,135
sh20,13.0595448117131,80.2116074850505,136
sh20,13.0613803206496,80.2116833085532,137
sh20,13.0627015225003,80.2117223643733,138
sh20,13.0636615047114,80.2117068125568,139
sh20,13.0637671095574,80.2116942134531,140
sh20,13.0638096026469,80.211684811603,141
sh20,13.0644279943723,80.2115308452127,142
sh20,13.0646402347597,80.2114513363426,143
sh20,13.0648142873955,80.2113649158349,144
sh20,13.0649198515783,80.2113052492588,145
sh20,13.0654033779922,80.2109741114608,146
sh20,13.0661094770802,80.2104421091395,147
sh20,13.0665913883909,80.210021085564,148
sh20,13.0668845081839,80.2096838999388,149
sh20,13.0671784939432,80.2092640849551,150
sh20,13.0673615023091,80.2090009024411,151
sh20,13.0676980502091,80.2084943747454,152
sh20,13.0679920976726,80.208077299532,153
sh20,13.0682057479913,80.2077733830174,154
sh20,13.0683082657115,80.2075837762775,155
sh20,13.0683438656806,80.2074970663848,156
sh20,13.0683928012908,80.2073693194313,157
sh20,13.068459577101,80.207081726572,158
sh20,13.0684898440688,80.2068811478692,159
sh20,13.0684963636735,80.2067202426005,160
sh20,13.0684658004453,80.2049152758516,161
sh20,13.0684745024183,80.2047625942416,162
sh20,13.068483244784,80.2046822298081,163
sh20,13.0684826617331,80.2039458648564,164
sh17,12.980769733417,80.1636667008123,1
sh17,12.9809741797154,80.1641763799997,2
sh17,12.9819284718664,80.1666491349796,3
sh17,12.9821813769606,80.1671914054718,4
sh17,12.9834496434134,80.1695840116432,5
sh17,12.9842070735446,80.1711489508102,6
sh17,12.9852068649201,80.1728984160718,7
sh17,12.9863932080512,80.1746336368583,8
sh17,12.9870201661999,80.1755064699491,9
sh17,12.9875824323738,80.1763092157972,10
sh17,12.9885146143975,80.1776051483962,11
sh17,12.9887945429542,80.1780088020888,12
sh17,12.988870956504,80.1781201915951,13
sh17,12.9889958101496,80.1782737912566,14
sh17,12.9892933733527,80.1785818166507,15
sh17,12.9899537052371,80.1792229468983,16
sh17,12.9900553965407,80.1793243054485,17
sh17,12.9901440981355,80.1794289355179,18
sh17,12.9902298406982,80.1795315634668,19
sh17,12.9906485003957,80.1800589271476,20
sh17,12.9912855414387,80.1809100545514,21
sh17,12.9919652496068,80.1817668429503,22
sh17,12.9924237309159,80.1824427138478,23
sh17,12.9929322155899,80.1832542450204,24
sh17,12.9933141198173,80.1839151791429,25
sh17,12.9935306010651,80.1843071740902,26
sh17,12.994300294072,80.1857106607074,27
sh17,12.9949710503134,80.1870468857558,28
sh17,12.9951486545649,80.1874323335033,29
sh17,12.9955503563685,80.1882192089048,30
sh17,12.995697740854,80.1884922597085,31
sh17,12.99576684307,80.1886386084507,32
sh17,12.9957985049145,80.188694936839,33
sh17,12.9958216355429,80.1887282633869,34
sh17,12.9958371578831,80.1887523384838,35
sh17,12.9961493836192,80.1891743280604,36
sh17,12.9964203264028,80.1895017865321,37
sh17,12.9970735776899,80.1902974450478,38
sh17,12.9972685703664,80.1905720824733,39
sh17,12.9973215752799,80.1906511321866,40
sh17,12.9973767087108,80.1907429680932,41
sh17,12.9974034395778,80.1907911006626,42
sh17,12.9974822834768,80.1909387404098,43
sh17,12.997543964251,80.1910508149241,44
sh17,12.9976233828517,80.1911722432229,45
sh17,12.9981629989087,80.1918713309258,46
sh17,12.9990895784154,80.1930298394236,47
sh17,13.0004354970039,80.1947198034806,48
sh17,13.00094736845,80.1953843580764,49
sh17,13.0012913970575,80.1958218671766,50
sh17,13.0016819769605,80.1962996737567,51
sh17,13.0018776590204,80.1966023371942,52
sh17,13.0019394730078,80.1967179509599,53
sh17,13.0020017450413,80.1968706393989,54
sh17,13.0020352658741,80.1969667232895,55
sh17,13.0020571642157,80.1970606370065,56
sh17,13.0020729716488,80.1971677743425,57
sh17,13.0020741034896,80.1973141938392,58
sh17,13.0020639931893,80.1974807966148,59
sh17,13.0020184019742,80.1978082051399,60
sh17,13.0019602128195,80.1981700053073,61
sh17,13.001831920847,80.1988305414744,62
sh17,13.001789212278,80.1989980541798,63
sh17,13.0017649393792,80.1991149910383,64
sh17,13.0017579368799,80.1991458230297,65
sh17,13.0017505489578,80.1992339931378,66
sh17,13.0017397521106,80.1993311943639,67
sh17,13.0017484750181,80.1994853113986,68
sh17,13.0017708579881,80.1996522101164,69
sh17,13.0018160559032,80.1998452041308,70
sh17,13.0018560542085,80.199972837786,71
sh17,13.0018772478988,80.2000198777676,72
sh17,13.0019318149273,80.2001140253564,73
sh17,13.0020144781175,80.2002218703948,74
sh17,13.0021364221589,80.2003554236355,75
sh17,13.0023289965218,80.2005095275154,76
sh17,13.0025109273023,80.2006368208407,77
sh17,13.0029335644084,80.200896376574,78
sh17,13.0035417150079,80.2012792977169,79
sh17,13.0042359703321,80.2016020715567,80
sh17,13.0049269846916,80.2019134117249,81
sh17,13.0052524421579,80.2020546124733,82
sh17,13.0057526985224,80.2022979961705,83
sh17,13.0060083657784,80.2024080386949,84
sh17,13.0066637304847,80.2026893813385,85
sh17,13.0070857804165,80.2028530744782,86
sh17,13.0073801059722,80.202936477912,87
sh17,13.0081767754156,80.2031101962637,88
sh17,13.0082903838936,80.2031254566419,89
sh17,13.0083416215789,80.2031302845939,90
sh17,13.0090875268475,80.2031431488069,91
sh17,13.010298772069,80.2031594562205,92
sh17,13.0104418563447,80.2031794111823,93
sh17,13.010891393408,80.2032691856045,94
sh17,13.011169201943,80.2033433083197,95
sh17,13.011284777338,80.2033800130921,96
sh17,13.0113442867415,80.2033995967688,97
sh17,13.0121504302808,80.2037063486373,98
sh17,13.0150442785076,80.2047397350459,99
sh17,13.0152025592562,80.2047941731016,100
sh17,13.0153592441947,80.2048524036093,101
sh17,13.0157952603061,80.2050097725323,102
sh17,13.0176660386678,80.2056822063594,103
sh17,13.0182501348945,80.2058961482433,104
sh17,13.019013734493,80.2061473051878,105
sh17,13.0194451139166,80.2062854803071,106
sh17,13.0195680547043,80.2063204047671,107
sh17,13.019637737739,80.2063362785244,108
sh17,13.0197912649482,80.2063638793905,109
sh17,13.0198427107642,80.206366878532,110
sh17,13.0203978435872,80.2063440735763,111
sh17,13.0211175017074,80.2063650215906,112
sh17,13.021963697965,80.2064064326146,113
sh17,13.0227300213892,80.2064880120891,114
sh17,13.0239607109862,80.2067169593643,115
sh17,13.0247650015715,80.2069028116473,116
sh17,13.0248764174823,80.2069210031986,117
sh17,13.0249256794422,80.2069262118411,118
sh17,13.024977042386,80.2069287258144,119
sh17,13.0256813441247,80.206958581953,120
sh17,13.0258405242953,80.2069858750605,121
sh17,13.0259757713492,80.2070212848655,122
sh17,13.0261392535204,80.207070422347,123
sh17,13.0262753112161,80.2071220452406,124
sh17,13.0263586712331,80.2071618768012,125
sh17,13.0271393031085,80.2076237841342,126
sh17,13.0272573297845,80.2076998377016,127
sh17,13.027306104274,80.2077346047163,128
sh17,13.027451227128,80.2078582344652,129
sh17,13.027675687106,80.2080788587964,130
sh17,13.0279042942695,80.2082859090338,131
sh17,13.0279540731504,80.2083231678976,132
sh17,13.0280390285205,80.2083990545418,133
sh17,13.028109183544,80.2084522988181,134
sh17,13.028168056977,80.2084943962102,135
sh17,13.0282751085674,80.2085554824195,136
sh17,13.0284767572791,80.2086231211513,137
sh17,13.0286697150319,80.2086722828124,138
sh17,13.0288160212926,80.2086983379308,139
sh17,13.0289389328252,80.2087252800055,140
sh17,13.0290332329117,80.2087446370763,141
sh17,13.0290728326529,80.2087539324041,142
sh17,13.0297846252484,80.208934230183,143
sh17,13.0313102561864,80.2093878565962,144
sh17,13.0318878669958,80.2095419314268,145
sh17,13.032170170931,80.2096029996085,146
sh17,13.0323939957486,80.2096457438526,147
sh17,13.032745359557,80.2096882699701,148
sh17,13.0334371541541,80.2097738449664,149
sh17,13.0338793507888,80.2097940580277,150
sh17,13.0343622533346,80.2097944638083,151
sh17,13.0345622605276,80.2098245158842,152
sh17,13.0346055232923,80.2098394327401,153
sh17,13.0346416645682,80.2098492324908,154
sh17,13.0347763183639,80.2099145224557,155
sh17,13.0349246174885,80.2100219628906,156
sh17,13.0349547969532,80.2100520035864,157
sh17,13.035017641451,80.2101176560612,158
sh17,13.0350939379401,80.2102331577783,159
sh17,13.0351323392134,80.2102980106852,160
sh17,13.0358718735438,80.2117385160551,161
sh17,13.0359913625487,80.2119462836294,162
sh17,13.0360841075612,80.2120823347058,163
sh17,13.0361110980793,80.2121197999471,164
sh17,13.0361455238961,80.2121585580042,165
sh17,13.0361809305486,80.2121890122953,166
sh17,13.0362336243996,80.2122307998939,167
sh17,13.036316336619,80.2122800605455,168
sh17,13.0364096110918,80.212306325293,169
sh17,13.0366027846406,80.212333169575,170
sh17,13.0367574382585,80.2123393546909,171
sh17,13.0368932239615,80.2123508371154,172
sh17,13.037619285196,80.2123359362651,173
sh17,13.039557825142,80.2123225563835,174
sh17,13.0404167474986,80.2123373876465,175
sh17,13.0411109884174,80.2123366246977,176
sh17,13.0417169792988,80.2123321442251,177
sh17,13.0426176494561,80.2123428348577,178
sh17,13.0428852981478,80.2123535266791,179
sh17,13.0431700669655,80.2123498327074,180
sh17,13.0433419811103,80.2123445258615,181
sh17,13.0434946854988,80.2123349519734,182
sh17,13.045075169228,80.212314833784,183
sh17,13.0460936587611,80.2123063590275,184
sh17,13.0474664810052,80.212233307487,185
sh17,13.0485445112485,80.2121319896336,186
sh17,13.0494251401997,80.212062494105,187
sh17,13.0496561488292,80.2120514600243,188
sh17,13.0498780139975,80.2120587779419,189
sh17,13.0514414834966,80.2121228823017,190
sh17,13.0518681754558,80.2121310546429,191
sh17,13.0520738692228,80.212124890266,192
sh17,13.052201138339,80.2121074379856,193
sh17,13.0522601288723,80.212094075295,194
sh17,13.0536687316997,80.2117133622272,195
sh17,13.0542839204542,80.211546673919,196
sh17,13.0544879062096,80.2115050935635,197
sh17,13.05465809148,80.2114870693625,198
sh17,13.0547200964212,80.2114856167695,199
sh17,13.0583208747981,80.2115712921979,200
sh17,13.0595448117131,80.2116074850505,201
sh17,13.0613803206496,80.2116833085532,202
sh17,13.0627015225003,80.2117223643733,203
sh17,13.0636615047114,80.2117068125568,204
sh17,13.0637671095574,80.2116942134531,205
sh17,13.0638096026469,80.211684811603,206
sh17,13.0644279943723,80.2115308452127,207
sh17,13.0646402347597,80.2114513363426,208
sh17,13.0648142873955,80.2113649158349,209
sh17,13.0649198515783,80.2113052492588,210
sh17,13.0654033779922,80.2109741114608,211
sh17,13.0661094770802,80.2104421091395,212
sh17,13.0665913883909,80.210021085564,213
sh17,13.0668845081839,80.2096838999388,214
sh17,13.0671784939432,80.2092640849551,215
sh17,13.0673615023091,80.2090009024411,216
sh17,13.0676980502091,80.2084943747454,217
sh17,13.0679920976726,80.208077299532,218
sh17,13.0682057479913,80.2077733830174,219
sh17,13.0683082657115,80.2075837762775,220
sh17,13.0683438656806,80.2074970663848,221
sh17,13.0683928012908,80.2073693194313,222
sh17,13.068459577101,80.207081726572,223
sh17,13.0684898440688,80.2068811478692,224
sh17,13.0684963636735,80.2067202426005,225
sh17,13.0684658004453,80.2049152758516,226
sh17,13.0684745024183,80.2047625942416,227
sh17,13.068483244784,80.2046822298081,228
sh17,13.0684826617331,80.2039458648564,229
